Unity Editor version:    6000.0.16f1 (ae37dbaefed8)
Branch:                  trunk
Build type:              Release
Batch mode:              YES
macOS version:           Version 14.6.1 (Build 23G93)
Darwin version:          23.6.0
Architecture:            x86_64
Running under Rosetta:   YES
Available memory:        8192 MB
Using pre-set license
Pro License: YES

COMMAND LINE ARGUMENTS:
/Applications/Unity/Hub/Editor/6000.0.16f1/Unity.app/Contents/MacOS/Unity
-adb2
-batchMode
-noUpm
-name
AssetImportWorker1
-projectPath
/Users/jadonferrance/Downloads/Essentials Project
-logFile
Logs/AssetImportWorker1.log
-srvPort
65078
-job-worker-count
3
-background-job-worker-count
8
-asset-garbage-collectors
1
Successfully changed project path to: /Users/jadonferrance/Downloads/Essentials Project
/Users/jadonferrance/Downloads/Essentials Project
[UnityMemory] Configuration Parameters - Can be set up in boot.config
    "memorysetup-bucket-allocator-granularity=16"
    "memorysetup-bucket-allocator-bucket-count=8"
    "memorysetup-bucket-allocator-block-size=33554432"
    "memorysetup-bucket-allocator-block-count=8"
    "memorysetup-main-allocator-block-size=16777216"
    "memorysetup-thread-allocator-block-size=16777216"
    "memorysetup-gfx-main-allocator-block-size=16777216"
    "memorysetup-gfx-thread-allocator-block-size=16777216"
    "memorysetup-cache-allocator-block-size=4194304"
    "memorysetup-typetree-allocator-block-size=2097152"
    "memorysetup-profiler-bucket-allocator-granularity=16"
    "memorysetup-profiler-bucket-allocator-bucket-count=8"
    "memorysetup-profiler-bucket-allocator-block-size=33554432"
    "memorysetup-profiler-bucket-allocator-block-count=8"
    "memorysetup-profiler-allocator-block-size=16777216"
    "memorysetup-profiler-editor-allocator-block-size=1048576"
    "memorysetup-temp-allocator-size-main=16777216"
    "memorysetup-job-temp-allocator-block-size=2097152"
    "memorysetup-job-temp-allocator-block-size-background=1048576"
    "memorysetup-job-temp-allocator-reduction-small-platforms=262144"
    "memorysetup-allocator-temp-initial-block-size-main=262144"
    "memorysetup-allocator-temp-initial-block-size-worker=262144"
    "memorysetup-temp-allocator-size-background-worker=32768"
    "memorysetup-temp-allocator-size-job-worker=262144"
    "memorysetup-temp-allocator-size-preload-manager=33554432"
    "memorysetup-temp-allocator-size-nav-mesh-worker=65536"
    "memorysetup-temp-allocator-size-audio-worker=65536"
    "memorysetup-temp-allocator-size-cloud-worker=32768"
    "memorysetup-temp-allocator-size-gi-baking-worker=262144"
    "memorysetup-temp-allocator-size-gi-baking-worker=262144"
    "memorysetup-temp-allocator-size-gi-baking-worker=262144"
    "memorysetup-temp-allocator-size-gi-baking-worker=262144"
    "memorysetup-temp-allocator-size-gi-baking-worker=262144"
    "memorysetup-temp-allocator-size-gfx=262144"
Player connection [8750019136]  Target information:

Player connection [8750019136]  * "[IP] 192.168.72.156 [Port] 0 [Flags] 2 [Guid] 1963956485 [EditorId] 1963956485 [Version] 1048832 [Id] OSXEditor(0,Jadons-Air-2) [Debug] 1 [PackageName] OSXEditor [ProjectName] Editor" 

Player connection [8750019136] Host joined multi-casting on [225.0.0.222:54997]...
Player connection [8750019136] Host joined alternative multi-casting on [225.0.0.222:34997]...
JobSystem: Creating JobQueue using job-worker-count value 3
Library Redirect Path: Library/
[PhysX] Initialized MultithreadedTaskDispatcher with 4 workers.
Refreshing native plugins compatible for Editor in 4.97 ms, found 3 plugins.
Preloading 0 native plugins for Editor in 0.00 ms.
Initialize engine version: 6000.0.16f1 (ae37dbaefed8)
[Subsystems] Discovering subsystems at path /Applications/Unity/Hub/Editor/6000.0.16f1/Unity.app/Contents/Resources/UnitySubsystems
[Subsystems] Discovering subsystems at path /Users/jadonferrance/Downloads/Essentials Project/Assets
GfxDevice: creating device client; kGfxThreadingModeNonThreaded
 preferred device: Apple M1 (high power)
Metal devices available: 1
0: Apple M1 (high power)
Using device Apple M1 (high power)
Initializing Metal device caps: Apple M1
Initialize mono
Mono path[0] = '/Applications/Unity/Hub/Editor/6000.0.16f1/Unity.app/Contents/Managed'
Mono path[1] = '/Applications/Unity/Hub/Editor/6000.0.16f1/Unity.app/Contents/MonoBleedingEdge/lib/mono/unityjit-macos'
Mono config path = '/Applications/Unity/Hub/Editor/6000.0.16f1/Unity.app/Contents/MonoBleedingEdge/etc'
Using monoOptions --debugger-agent=transport=dt_socket,embedding=1,server=y,suspend=n,address=127.0.0.1:56774
Begin MonoManager ReloadAssembly
Registering precompiled unity dll's ...
Register platform support module: /Applications/Unity/Hub/Editor/6000.0.16f1/Unity.app/Contents/PlaybackEngines/MacStandaloneSupport/UnityEditor.OSXStandalone.Extensions.dll
Registered in 0.001277 seconds.
- Loaded All Assemblies, in  1.117 seconds
Native extension for OSXStandalone target not found
Mono: successfully reloaded assembly
- Finished resetting the current domain, in  2.065 seconds
Domain Reload Profiling: 3186ms
	BeginReloadAssembly (351ms)
		ExecutionOrderSort (0ms)
		DisableScriptedObjects (0ms)
		BackupInstance (0ms)
		ReleaseScriptingObjects (0ms)
		CreateAndSetChildDomain (4ms)
	RebuildCommonClasses (203ms)
	RebuildNativeTypeToScriptingClass (23ms)
	initialDomainReloadingComplete (232ms)
	LoadAllAssembliesAndSetupDomain (308ms)
		LoadAssemblies (346ms)
		RebuildTransferFunctionScriptingTraits (0ms)
		AnalyzeDomain (297ms)
			TypeCache.Refresh (292ms)
				TypeCache.ScanAssembly (261ms)
			BuildScriptInfoCaches (0ms)
			ResolveRequiredComponents (3ms)
	FinalizeReload (2069ms)
		ReleaseScriptCaches (0ms)
		RebuildScriptCaches (0ms)
		SetupLoadedEditorAssemblies (1878ms)
			LogAssemblyErrors (0ms)
			InitializePlatformSupportModulesInManaged (267ms)
			SetLoadedEditorAssemblies (21ms)
			BeforeProcessingInitializeOnLoad (39ms)
			ProcessInitializeOnLoadAttributes (999ms)
			ProcessInitializeOnLoadMethodAttributes (510ms)
			AfterProcessingInitializeOnLoad (40ms)
			EditorAssembliesLoaded (2ms)
		ExecutionOrderSort2 (0ms)
		AwakeInstancesAfterBackupRestoration (0ms)
========================================================================
Worker process is ready to serve import requests
Import Worker Mode flag is 0x00
Begin MonoManager ReloadAssembly
- Loaded All Assemblies, in  3.170 seconds
Refreshing native plugins compatible for Editor in 0.79 ms, found 3 plugins.
Native extension for OSXStandalone target not found
Mono: successfully reloaded assembly
- Finished resetting the current domain, in  4.638 seconds
Domain Reload Profiling: 7811ms
	BeginReloadAssembly (1666ms)
		ExecutionOrderSort (0ms)
		DisableScriptedObjects (48ms)
		BackupInstance (0ms)
		ReleaseScriptingObjects (0ms)
		CreateAndSetChildDomain (83ms)
	RebuildCommonClasses (80ms)
	RebuildNativeTypeToScriptingClass (22ms)
	initialDomainReloadingComplete (149ms)
	LoadAllAssembliesAndSetupDomain (1253ms)
		LoadAssemblies (780ms)
		RebuildTransferFunctionScriptingTraits (0ms)
		AnalyzeDomain (670ms)
			TypeCache.Refresh (424ms)
				TypeCache.ScanAssembly (387ms)
			BuildScriptInfoCaches (185ms)
			ResolveRequiredComponents (57ms)
	FinalizeReload (4641ms)
		ReleaseScriptCaches (0ms)
		RebuildScriptCaches (0ms)
		SetupLoadedEditorAssemblies (3355ms)
			LogAssemblyErrors (0ms)
			InitializePlatformSupportModulesInManaged (15ms)
			SetLoadedEditorAssemblies (20ms)
			BeforeProcessingInitializeOnLoad (143ms)
			ProcessInitializeOnLoadAttributes (2693ms)
			ProcessInitializeOnLoadMethodAttributes (472ms)
			AfterProcessingInitializeOnLoad (11ms)
			EditorAssembliesLoaded (0ms)
		ExecutionOrderSort2 (0ms)
		AwakeInstancesAfterBackupRestoration (16ms)
Launching external process: /Applications/Unity/Hub/Editor/6000.0.16f1/Unity.app/Contents/Tools/UnityShaderCompiler
Launched and connected shader compiler UnityShaderCompiler after 1.06 seconds
Refreshing native plugins compatible for Editor in 1.08 ms, found 3 plugins.
Preloading 0 native plugins for Editor in 0.00 ms.
Unloading 229 Unused Serialized files (Serialized files now loaded: 0)
Unloading 6745 unused Assets / (4.8 MB). Loaded Objects now: 7568.
Memory consumption went from 207.4 MB to 202.6 MB.
Total: 55.430667 ms (FindLiveObjects: 14.183042 ms CreateObjectMapping: 0.839334 ms MarkObjects: 28.034542 ms  DeleteObjects: 12.372000 ms)

========================================================================
Received Import Request.
  Time since last request: 1782931.763435 seconds.
  path: Assets/_Unity Essentials/Materials
  artifactKey: Guid(d7014c2cb7feb714a90c13672a7b7661) Importer(815301076,1909f56bfc062723c751e8b465ee728b)
Start importing Assets/_Unity Essentials/Materials using Guid(d7014c2cb7feb714a90c13672a7b7661) Importer(815301076,1909f56bfc062723c751e8b465ee728b) (PreviewImporter)[PhysX] Initialized MultithreadedTaskDispatcher with 4 workers.
 -> (artifact id: '6726883993b549129b8d3463531cb11d') in 0.022085583 seconds
Number of updated asset objects reloaded before import = 0Number of asset objects unloaded after import = 0

========================================================================
Received Prepare
Begin MonoManager ReloadAssembly
- Loaded All Assemblies, in  2.473 seconds
Refreshing native plugins compatible for Editor in 0.90 ms, found 3 plugins.
Native extension for OSXStandalone target not found
Mono: successfully reloaded assembly
- Finished resetting the current domain, in  5.822 seconds
Domain Reload Profiling: 8304ms
	BeginReloadAssembly (859ms)
		ExecutionOrderSort (0ms)
		DisableScriptedObjects (147ms)
		BackupInstance (0ms)
		ReleaseScriptingObjects (1ms)
		CreateAndSetChildDomain (249ms)
	RebuildCommonClasses (86ms)
	RebuildNativeTypeToScriptingClass (24ms)
	initialDomainReloadingComplete (102ms)
	LoadAllAssembliesAndSetupDomain (1409ms)
		LoadAssemblies (1020ms)
		RebuildTransferFunctionScriptingTraits (0ms)
		AnalyzeDomain (650ms)
			TypeCache.Refresh (32ms)
				TypeCache.ScanAssembly (0ms)
			BuildScriptInfoCaches (540ms)
			ResolveRequiredComponents (69ms)
	FinalizeReload (5824ms)
		ReleaseScriptCaches (0ms)
		RebuildScriptCaches (0ms)
		SetupLoadedEditorAssemblies (4042ms)
			LogAssemblyErrors (0ms)
			InitializePlatformSupportModulesInManaged (19ms)
			SetLoadedEditorAssemblies (18ms)
			BeforeProcessingInitializeOnLoad (166ms)
			ProcessInitializeOnLoadAttributes (3272ms)
			ProcessInitializeOnLoadMethodAttributes (553ms)
			AfterProcessingInitializeOnLoad (12ms)
			EditorAssembliesLoaded (1ms)
		ExecutionOrderSort2 (0ms)
		AwakeInstancesAfterBackupRestoration (58ms)
Refreshing native plugins compatible for Editor in 1.45 ms, found 3 plugins.
Preloading 0 native plugins for Editor in 0.00 ms.
Unloading 14 Unused Serialized files (Serialized files now loaded: 0)
Unloading 6743 unused Assets / (3.3 MB). Loaded Objects now: 7573.
Memory consumption went from 180.1 MB to 176.8 MB.
Total: 48.124000 ms (FindLiveObjects: 17.269583 ms CreateObjectMapping: 1.908834 ms MarkObjects: 19.615875 ms  DeleteObjects: 9.327500 ms)

Prepare: number of updated asset objects reloaded= 0
========================================================================
Received Prepare
Begin MonoManager ReloadAssembly
- Loaded All Assemblies, in  2.418 seconds
Refreshing native plugins compatible for Editor in 0.96 ms, found 3 plugins.
Native extension for OSXStandalone target not found
Mono: successfully reloaded assembly
- Finished resetting the current domain, in  6.169 seconds
Domain Reload Profiling: 8596ms
	BeginReloadAssembly (856ms)
		ExecutionOrderSort (0ms)
		DisableScriptedObjects (137ms)
		BackupInstance (0ms)
		ReleaseScriptingObjects (1ms)
		CreateAndSetChildDomain (237ms)
	RebuildCommonClasses (86ms)
	RebuildNativeTypeToScriptingClass (24ms)
	initialDomainReloadingComplete (110ms)
	LoadAllAssembliesAndSetupDomain (1346ms)
		LoadAssemblies (1047ms)
		RebuildTransferFunctionScriptingTraits (0ms)
		AnalyzeDomain (579ms)
			TypeCache.Refresh (19ms)
				TypeCache.ScanAssembly (0ms)
			BuildScriptInfoCaches (481ms)
			ResolveRequiredComponents (71ms)
	FinalizeReload (6173ms)
		ReleaseScriptCaches (0ms)
		RebuildScriptCaches (0ms)
		SetupLoadedEditorAssemblies (3980ms)
			LogAssemblyErrors (0ms)
			InitializePlatformSupportModulesInManaged (21ms)
			SetLoadedEditorAssemblies (18ms)
			BeforeProcessingInitializeOnLoad (179ms)
			ProcessInitializeOnLoadAttributes (3282ms)
			ProcessInitializeOnLoadMethodAttributes (465ms)
			AfterProcessingInitializeOnLoad (13ms)
			EditorAssembliesLoaded (1ms)
		ExecutionOrderSort2 (0ms)
		AwakeInstancesAfterBackupRestoration (59ms)
Refreshing native plugins compatible for Editor in 1.12 ms, found 3 plugins.
Preloading 0 native plugins for Editor in 0.00 ms.
Unloading 14 Unused Serialized files (Serialized files now loaded: 0)
Unloading 6743 unused Assets / (3.7 MB). Loaded Objects now: 7575.
Memory consumption went from 186.8 MB to 183.1 MB.
Total: 24.129291 ms (FindLiveObjects: 2.647750 ms CreateObjectMapping: 1.418042 ms MarkObjects: 15.626875 ms  DeleteObjects: 4.435166 ms)

Prepare: number of updated asset objects reloaded= 0
========================================================================
Received Prepare
Begin MonoManager ReloadAssembly
- Loaded All Assemblies, in  2.277 seconds
Refreshing native plugins compatible for Editor in 0.80 ms, found 3 plugins.
Native extension for OSXStandalone target not found
Mono: successfully reloaded assembly
- Finished resetting the current domain, in  5.713 seconds
Domain Reload Profiling: 7998ms
	BeginReloadAssembly (774ms)
		ExecutionOrderSort (0ms)
		DisableScriptedObjects (142ms)
		BackupInstance (0ms)
		ReleaseScriptingObjects (1ms)
		CreateAndSetChildDomain (221ms)
	RebuildCommonClasses (86ms)
	RebuildNativeTypeToScriptingClass (25ms)
	initialDomainReloadingComplete (117ms)
	LoadAllAssembliesAndSetupDomain (1280ms)
		LoadAssemblies (986ms)
		RebuildTransferFunctionScriptingTraits (0ms)
		AnalyzeDomain (543ms)
			TypeCache.Refresh (52ms)
				TypeCache.ScanAssembly (0ms)
			BuildScriptInfoCaches (420ms)
			ResolveRequiredComponents (66ms)
	FinalizeReload (5716ms)
		ReleaseScriptCaches (0ms)
		RebuildScriptCaches (0ms)
		SetupLoadedEditorAssemblies (3921ms)
			LogAssemblyErrors (0ms)
			InitializePlatformSupportModulesInManaged (21ms)
			SetLoadedEditorAssemblies (24ms)
			BeforeProcessingInitializeOnLoad (165ms)
			ProcessInitializeOnLoadAttributes (3244ms)
			ProcessInitializeOnLoadMethodAttributes (450ms)
			AfterProcessingInitializeOnLoad (16ms)
			EditorAssembliesLoaded (1ms)
		ExecutionOrderSort2 (0ms)
		AwakeInstancesAfterBackupRestoration (66ms)
Refreshing native plugins compatible for Editor in 1.12 ms, found 3 plugins.
Preloading 0 native plugins for Editor in 0.00 ms.
Unloading 14 Unused Serialized files (Serialized files now loaded: 0)
Unloading 6743 unused Assets / (3.8 MB). Loaded Objects now: 7577.
Memory consumption went from 193.4 MB to 189.6 MB.
Total: 21.022625 ms (FindLiveObjects: 2.591625 ms CreateObjectMapping: 1.332834 ms MarkObjects: 12.913542 ms  DeleteObjects: 4.183459 ms)

Prepare: number of updated asset objects reloaded= 0
========================================================================
Received Prepare
Begin MonoManager ReloadAssembly
- Loaded All Assemblies, in  2.348 seconds
Refreshing native plugins compatible for Editor in 0.89 ms, found 3 plugins.
Native extension for OSXStandalone target not found
Mono: successfully reloaded assembly
- Finished resetting the current domain, in  5.794 seconds
Domain Reload Profiling: 8149ms
	BeginReloadAssembly (843ms)
		ExecutionOrderSort (0ms)
		DisableScriptedObjects (146ms)
		BackupInstance (0ms)
		ReleaseScriptingObjects (1ms)
		CreateAndSetChildDomain (265ms)
	RebuildCommonClasses (92ms)
	RebuildNativeTypeToScriptingClass (26ms)
	initialDomainReloadingComplete (116ms)
	LoadAllAssembliesAndSetupDomain (1275ms)
		LoadAssemblies (988ms)
		RebuildTransferFunctionScriptingTraits (0ms)
		AnalyzeDomain (549ms)
			TypeCache.Refresh (23ms)
				TypeCache.ScanAssembly (0ms)
			BuildScriptInfoCaches (456ms)
			ResolveRequiredComponents (66ms)
	FinalizeReload (5798ms)
		ReleaseScriptCaches (0ms)
		RebuildScriptCaches (0ms)
		SetupLoadedEditorAssemblies (3967ms)
			LogAssemblyErrors (0ms)
			InitializePlatformSupportModulesInManaged (20ms)
			SetLoadedEditorAssemblies (18ms)
			BeforeProcessingInitializeOnLoad (167ms)
			ProcessInitializeOnLoadAttributes (3299ms)
			ProcessInitializeOnLoadMethodAttributes (449ms)
			AfterProcessingInitializeOnLoad (13ms)
			EditorAssembliesLoaded (1ms)
		ExecutionOrderSort2 (0ms)
		AwakeInstancesAfterBackupRestoration (60ms)
Refreshing native plugins compatible for Editor in 1.15 ms, found 3 plugins.
Preloading 0 native plugins for Editor in 0.00 ms.
Unloading 14 Unused Serialized files (Serialized files now loaded: 0)
Unloading 6743 unused Assets / (3.7 MB). Loaded Objects now: 7579.
Memory consumption went from 200.1 MB to 196.4 MB.
Total: 19.958167 ms (FindLiveObjects: 2.340875 ms CreateObjectMapping: 1.836917 ms MarkObjects: 11.833833 ms  DeleteObjects: 3.944833 ms)

Prepare: number of updated asset objects reloaded= 0
========================================================================
Received Prepare
Begin MonoManager ReloadAssembly
- Loaded All Assemblies, in  2.264 seconds
Refreshing native plugins compatible for Editor in 0.96 ms, found 3 plugins.
Native extension for OSXStandalone target not found
Mono: successfully reloaded assembly
- Finished resetting the current domain, in  5.620 seconds
Domain Reload Profiling: 7890ms
	BeginReloadAssembly (777ms)
		ExecutionOrderSort (0ms)
		DisableScriptedObjects (136ms)
		BackupInstance (0ms)
		ReleaseScriptingObjects (1ms)
		CreateAndSetChildDomain (239ms)
	RebuildCommonClasses (84ms)
	RebuildNativeTypeToScriptingClass (25ms)
	initialDomainReloadingComplete (107ms)
	LoadAllAssembliesAndSetupDomain (1276ms)
		LoadAssemblies (990ms)
		RebuildTransferFunctionScriptingTraits (0ms)
		AnalyzeDomain (535ms)
			TypeCache.Refresh (30ms)
				TypeCache.ScanAssembly (0ms)
			BuildScriptInfoCaches (440ms)
			ResolveRequiredComponents (60ms)
	FinalizeReload (5622ms)
		ReleaseScriptCaches (0ms)
		RebuildScriptCaches (0ms)
		SetupLoadedEditorAssemblies (3886ms)
			LogAssemblyErrors (0ms)
			InitializePlatformSupportModulesInManaged (20ms)
			SetLoadedEditorAssemblies (19ms)
			BeforeProcessingInitializeOnLoad (170ms)
			ProcessInitializeOnLoadAttributes (3230ms)
			ProcessInitializeOnLoadMethodAttributes (436ms)
			AfterProcessingInitializeOnLoad (11ms)
			EditorAssembliesLoaded (1ms)
		ExecutionOrderSort2 (0ms)
		AwakeInstancesAfterBackupRestoration (55ms)
Refreshing native plugins compatible for Editor in 1.07 ms, found 3 plugins.
Preloading 0 native plugins for Editor in 0.00 ms.
Unloading 14 Unused Serialized files (Serialized files now loaded: 0)
Unloading 6743 unused Assets / (4.1 MB). Loaded Objects now: 7581.
Memory consumption went from 206.7 MB to 202.6 MB.
Total: 16.083458 ms (FindLiveObjects: 1.904375 ms CreateObjectMapping: 1.109875 ms MarkObjects: 9.395583 ms  DeleteObjects: 3.672500 ms)

Prepare: number of updated asset objects reloaded= 0
========================================================================
Received Prepare
Begin MonoManager ReloadAssembly
- Loaded All Assemblies, in  2.425 seconds
Refreshing native plugins compatible for Editor in 0.83 ms, found 3 plugins.
Native extension for OSXStandalone target not found
Mono: successfully reloaded assembly
- Finished resetting the current domain, in  4.822 seconds
Domain Reload Profiling: 7255ms
	BeginReloadAssembly (842ms)
		ExecutionOrderSort (0ms)
		DisableScriptedObjects (148ms)
		BackupInstance (0ms)
		ReleaseScriptingObjects (1ms)
		CreateAndSetChildDomain (242ms)
	RebuildCommonClasses (93ms)
	RebuildNativeTypeToScriptingClass (24ms)
	initialDomainReloadingComplete (116ms)
	LoadAllAssembliesAndSetupDomain (1355ms)
		LoadAssemblies (1086ms)
		RebuildTransferFunctionScriptingTraits (0ms)
		AnalyzeDomain (557ms)
			TypeCache.Refresh (21ms)
				TypeCache.ScanAssembly (0ms)
			BuildScriptInfoCaches (470ms)
			ResolveRequiredComponents (60ms)
	FinalizeReload (4825ms)
		ReleaseScriptCaches (0ms)
		RebuildScriptCaches (0ms)
		SetupLoadedEditorAssemblies (3244ms)
			LogAssemblyErrors (0ms)
			InitializePlatformSupportModulesInManaged (16ms)
			SetLoadedEditorAssemblies (14ms)
			BeforeProcessingInitializeOnLoad (140ms)
			ProcessInitializeOnLoadAttributes (2641ms)
			ProcessInitializeOnLoadMethodAttributes (419ms)
			AfterProcessingInitializeOnLoad (13ms)
			EditorAssembliesLoaded (1ms)
		ExecutionOrderSort2 (0ms)
		AwakeInstancesAfterBackupRestoration (59ms)
Refreshing native plugins compatible for Editor in 1.00 ms, found 3 plugins.
Preloading 0 native plugins for Editor in 0.00 ms.
Unloading 14 Unused Serialized files (Serialized files now loaded: 0)
Unloading 6743 unused Assets / (4.3 MB). Loaded Objects now: 7583.
Memory consumption went from 213.4 MB to 209.1 MB.
Total: 20.067291 ms (FindLiveObjects: 2.292209 ms CreateObjectMapping: 0.950083 ms MarkObjects: 13.193000 ms  DeleteObjects: 3.630750 ms)

Prepare: number of updated asset objects reloaded= 0
========================================================================
Received Prepare
Begin MonoManager ReloadAssembly
- Loaded All Assemblies, in  2.507 seconds
Refreshing native plugins compatible for Editor in 0.90 ms, found 3 plugins.
Native extension for OSXStandalone target not found
Mono: successfully reloaded assembly
- Finished resetting the current domain, in  5.523 seconds
Domain Reload Profiling: 8038ms
	BeginReloadAssembly (883ms)
		ExecutionOrderSort (0ms)
		DisableScriptedObjects (148ms)
		BackupInstance (0ms)
		ReleaseScriptingObjects (1ms)
		CreateAndSetChildDomain (265ms)
	RebuildCommonClasses (95ms)
	RebuildNativeTypeToScriptingClass (27ms)
	initialDomainReloadingComplete (110ms)
	LoadAllAssembliesAndSetupDomain (1398ms)
		LoadAssemblies (1101ms)
		RebuildTransferFunctionScriptingTraits (0ms)
		AnalyzeDomain (603ms)
			TypeCache.Refresh (39ms)
				TypeCache.ScanAssembly (0ms)
			BuildScriptInfoCaches (499ms)
			ResolveRequiredComponents (59ms)
	FinalizeReload (5526ms)
		ReleaseScriptCaches (0ms)
		RebuildScriptCaches (0ms)
		SetupLoadedEditorAssemblies (3845ms)
			LogAssemblyErrors (0ms)
			InitializePlatformSupportModulesInManaged (20ms)
			SetLoadedEditorAssemblies (26ms)
			BeforeProcessingInitializeOnLoad (157ms)
			ProcessInitializeOnLoadAttributes (3189ms)
			ProcessInitializeOnLoadMethodAttributes (440ms)
			AfterProcessingInitializeOnLoad (12ms)
			EditorAssembliesLoaded (1ms)
		ExecutionOrderSort2 (0ms)
		AwakeInstancesAfterBackupRestoration (64ms)
Refreshing native plugins compatible for Editor in 1.23 ms, found 3 plugins.
Preloading 0 native plugins for Editor in 0.00 ms.
Unloading 14 Unused Serialized files (Serialized files now loaded: 0)
Unloading 6743 unused Assets / (4.2 MB). Loaded Objects now: 7585.
Memory consumption went from 220.0 MB to 215.8 MB.
Total: 24.390000 ms (FindLiveObjects: 2.578333 ms CreateObjectMapping: 1.614083 ms MarkObjects: 15.745459 ms  DeleteObjects: 4.450417 ms)

Prepare: number of updated asset objects reloaded= 0
========================================================================
Received Prepare
Begin MonoManager ReloadAssembly
- Loaded All Assemblies, in  2.290 seconds
Refreshing native plugins compatible for Editor in 0.88 ms, found 3 plugins.
Native extension for OSXStandalone target not found
Mono: successfully reloaded assembly
- Finished resetting the current domain, in  5.353 seconds
Domain Reload Profiling: 7649ms
	BeginReloadAssembly (775ms)
		ExecutionOrderSort (0ms)
		DisableScriptedObjects (134ms)
		BackupInstance (0ms)
		ReleaseScriptingObjects (1ms)
		CreateAndSetChildDomain (228ms)
	RebuildCommonClasses (92ms)
	RebuildNativeTypeToScriptingClass (25ms)
	initialDomainReloadingComplete (115ms)
	LoadAllAssembliesAndSetupDomain (1287ms)
		LoadAssemblies (1000ms)
		RebuildTransferFunctionScriptingTraits (0ms)
		AnalyzeDomain (545ms)
			TypeCache.Refresh (21ms)
				TypeCache.ScanAssembly (0ms)
			BuildScriptInfoCaches (452ms)
			ResolveRequiredComponents (66ms)
	FinalizeReload (5355ms)
		ReleaseScriptCaches (0ms)
		RebuildScriptCaches (0ms)
		SetupLoadedEditorAssemblies (3767ms)
			LogAssemblyErrors (0ms)
			InitializePlatformSupportModulesInManaged (23ms)
			SetLoadedEditorAssemblies (23ms)
			BeforeProcessingInitializeOnLoad (166ms)
			ProcessInitializeOnLoadAttributes (3095ms)
			ProcessInitializeOnLoadMethodAttributes (446ms)
			AfterProcessingInitializeOnLoad (12ms)
			EditorAssembliesLoaded (1ms)
		ExecutionOrderSort2 (0ms)
		AwakeInstancesAfterBackupRestoration (59ms)
Refreshing native plugins compatible for Editor in 1.10 ms, found 3 plugins.
Preloading 0 native plugins for Editor in 0.00 ms.
Unloading 14 Unused Serialized files (Serialized files now loaded: 0)
Unloading 6743 unused Assets / (3.7 MB). Loaded Objects now: 7587.
Memory consumption went from 226.7 MB to 223.0 MB.
Total: 18.548625 ms (FindLiveObjects: 1.765292 ms CreateObjectMapping: 1.315500 ms MarkObjects: 11.985708 ms  DeleteObjects: 3.480584 ms)

Prepare: number of updated asset objects reloaded= 0
========================================================================
Received Prepare
Begin MonoManager ReloadAssembly
- Loaded All Assemblies, in  2.295 seconds
Refreshing native plugins compatible for Editor in 1.10 ms, found 3 plugins.
Native extension for OSXStandalone target not found
Mono: successfully reloaded assembly
- Finished resetting the current domain, in  5.459 seconds
Domain Reload Profiling: 7760ms
	BeginReloadAssembly (783ms)
		ExecutionOrderSort (0ms)
		DisableScriptedObjects (130ms)
		BackupInstance (0ms)
		ReleaseScriptingObjects (1ms)
		CreateAndSetChildDomain (239ms)
	RebuildCommonClasses (85ms)
	RebuildNativeTypeToScriptingClass (25ms)
	initialDomainReloadingComplete (118ms)
	LoadAllAssembliesAndSetupDomain (1289ms)
		LoadAssemblies (1027ms)
		RebuildTransferFunctionScriptingTraits (0ms)
		AnalyzeDomain (526ms)
			TypeCache.Refresh (18ms)
				TypeCache.ScanAssembly (0ms)
			BuildScriptInfoCaches (437ms)
			ResolveRequiredComponents (65ms)
	FinalizeReload (5461ms)
		ReleaseScriptCaches (0ms)
		RebuildScriptCaches (0ms)
		SetupLoadedEditorAssemblies (3791ms)
			LogAssemblyErrors (0ms)
			InitializePlatformSupportModulesInManaged (19ms)
			SetLoadedEditorAssemblies (16ms)
			BeforeProcessingInitializeOnLoad (170ms)
			ProcessInitializeOnLoadAttributes (3107ms)
			ProcessInitializeOnLoadMethodAttributes (464ms)
			AfterProcessingInitializeOnLoad (14ms)
			EditorAssembliesLoaded (1ms)
		ExecutionOrderSort2 (0ms)
		AwakeInstancesAfterBackupRestoration (61ms)
Refreshing native plugins compatible for Editor in 1.09 ms, found 3 plugins.
Preloading 0 native plugins for Editor in 0.00 ms.
Unloading 14 Unused Serialized files (Serialized files now loaded: 0)
Unloading 6743 unused Assets / (3.7 MB). Loaded Objects now: 7589.
Memory consumption went from 233.4 MB to 229.7 MB.
Total: 17.941167 ms (FindLiveObjects: 1.761291 ms CreateObjectMapping: 1.329833 ms MarkObjects: 11.349500 ms  DeleteObjects: 3.496542 ms)

Prepare: number of updated asset objects reloaded= 0
========================================================================
Received Prepare
Begin MonoManager ReloadAssembly
- Loaded All Assemblies, in  2.404 seconds
Refreshing native plugins compatible for Editor in 3.80 ms, found 3 plugins.
Native extension for OSXStandalone target not found
Mono: successfully reloaded assembly
- Finished resetting the current domain, in  5.556 seconds
Domain Reload Profiling: 7968ms
	BeginReloadAssembly (841ms)
		ExecutionOrderSort (0ms)
		DisableScriptedObjects (196ms)
		BackupInstance (0ms)
		ReleaseScriptingObjects (1ms)
		CreateAndSetChildDomain (211ms)
	RebuildCommonClasses (94ms)
	RebuildNativeTypeToScriptingClass (25ms)
	initialDomainReloadingComplete (105ms)
	LoadAllAssembliesAndSetupDomain (1344ms)
		LoadAssemblies (1049ms)
		RebuildTransferFunctionScriptingTraits (0ms)
		AnalyzeDomain (571ms)
			TypeCache.Refresh (19ms)
				TypeCache.ScanAssembly (0ms)
			BuildScriptInfoCaches (476ms)
			ResolveRequiredComponents (69ms)
	FinalizeReload (5559ms)
		ReleaseScriptCaches (0ms)
		RebuildScriptCaches (0ms)
		SetupLoadedEditorAssemblies (3894ms)
			LogAssemblyErrors (0ms)
			InitializePlatformSupportModulesInManaged (21ms)
			SetLoadedEditorAssemblies (19ms)
			BeforeProcessingInitializeOnLoad (187ms)
			ProcessInitializeOnLoadAttributes (3227ms)
			ProcessInitializeOnLoadMethodAttributes (423ms)
			AfterProcessingInitializeOnLoad (16ms)
			EditorAssembliesLoaded (1ms)
		ExecutionOrderSort2 (0ms)
		AwakeInstancesAfterBackupRestoration (62ms)
Refreshing native plugins compatible for Editor in 1.09 ms, found 3 plugins.
Preloading 0 native plugins for Editor in 0.00 ms.
Unloading 14 Unused Serialized files (Serialized files now loaded: 0)
Unloading 6743 unused Assets / (3.0 MB). Loaded Objects now: 7591.
Memory consumption went from 240.0 MB to 237.1 MB.
Total: 24.181625 ms (FindLiveObjects: 2.494792 ms CreateObjectMapping: 1.624375 ms MarkObjects: 14.894125 ms  DeleteObjects: 5.166916 ms)

Prepare: number of updated asset objects reloaded= 0
========================================================================
Received Prepare
Begin MonoManager ReloadAssembly
- Loaded All Assemblies, in  2.311 seconds
Refreshing native plugins compatible for Editor in 0.96 ms, found 3 plugins.
Native extension for OSXStandalone target not found
Mono: successfully reloaded assembly
- Finished resetting the current domain, in  5.849 seconds
Domain Reload Profiling: 8167ms
	BeginReloadAssembly (797ms)
		ExecutionOrderSort (0ms)
		DisableScriptedObjects (152ms)
		BackupInstance (0ms)
		ReleaseScriptingObjects (1ms)
		CreateAndSetChildDomain (233ms)
	RebuildCommonClasses (86ms)
	RebuildNativeTypeToScriptingClass (26ms)
	initialDomainReloadingComplete (118ms)
	LoadAllAssembliesAndSetupDomain (1289ms)
		LoadAssemblies (1013ms)
		RebuildTransferFunctionScriptingTraits (0ms)
		AnalyzeDomain (525ms)
			TypeCache.Refresh (18ms)
				TypeCache.ScanAssembly (0ms)
			BuildScriptInfoCaches (441ms)
			ResolveRequiredComponents (61ms)
	FinalizeReload (5851ms)
		ReleaseScriptCaches (0ms)
		RebuildScriptCaches (0ms)
		SetupLoadedEditorAssemblies (3923ms)
			LogAssemblyErrors (0ms)
			InitializePlatformSupportModulesInManaged (27ms)
			SetLoadedEditorAssemblies (25ms)
			BeforeProcessingInitializeOnLoad (169ms)
			ProcessInitializeOnLoadAttributes (3194ms)
			ProcessInitializeOnLoadMethodAttributes (494ms)
			AfterProcessingInitializeOnLoad (12ms)
			EditorAssembliesLoaded (1ms)
		ExecutionOrderSort2 (0ms)
		AwakeInstancesAfterBackupRestoration (57ms)
Refreshing native plugins compatible for Editor in 1.09 ms, found 3 plugins.
Preloading 0 native plugins for Editor in 0.00 ms.
Unloading 14 Unused Serialized files (Serialized files now loaded: 0)
Unloading 6743 unused Assets / (4.1 MB). Loaded Objects now: 7593.
Memory consumption went from 246.7 MB to 242.6 MB.
Total: 19.517500 ms (FindLiveObjects: 2.199708 ms CreateObjectMapping: 1.494042 ms MarkObjects: 12.071709 ms  DeleteObjects: 3.747750 ms)

Prepare: number of updated asset objects reloaded= 0
========================================================================
Received Prepare
Begin MonoManager ReloadAssembly
- Loaded All Assemblies, in  2.436 seconds
Refreshing native plugins compatible for Editor in 4.20 ms, found 3 plugins.
Native extension for OSXStandalone target not found
Mono: successfully reloaded assembly
- Finished resetting the current domain, in  5.597 seconds
Domain Reload Profiling: 8040ms
	BeginReloadAssembly (865ms)
		ExecutionOrderSort (0ms)
		DisableScriptedObjects (147ms)
		BackupInstance (0ms)
		ReleaseScriptingObjects (1ms)
		CreateAndSetChildDomain (240ms)
	RebuildCommonClasses (93ms)
	RebuildNativeTypeToScriptingClass (25ms)
	initialDomainReloadingComplete (128ms)
	LoadAllAssembliesAndSetupDomain (1330ms)
		LoadAssemblies (1091ms)
		RebuildTransferFunctionScriptingTraits (0ms)
		AnalyzeDomain (558ms)
			TypeCache.Refresh (20ms)
				TypeCache.ScanAssembly (0ms)
			BuildScriptInfoCaches (465ms)
			ResolveRequiredComponents (68ms)
	FinalizeReload (5599ms)
		ReleaseScriptCaches (0ms)
		RebuildScriptCaches (0ms)
		SetupLoadedEditorAssemblies (3912ms)
			LogAssemblyErrors (0ms)
			InitializePlatformSupportModulesInManaged (21ms)
			SetLoadedEditorAssemblies (22ms)
			BeforeProcessingInitializeOnLoad (190ms)
			ProcessInitializeOnLoadAttributes (3210ms)
			ProcessInitializeOnLoadMethodAttributes (454ms)
			AfterProcessingInitializeOnLoad (13ms)
			EditorAssembliesLoaded (1ms)
		ExecutionOrderSort2 (0ms)
		AwakeInstancesAfterBackupRestoration (63ms)
Refreshing native plugins compatible for Editor in 1.06 ms, found 3 plugins.
Preloading 0 native plugins for Editor in 0.00 ms.
Unloading 14 Unused Serialized files (Serialized files now loaded: 0)
Unloading 6743 unused Assets / (4.5 MB). Loaded Objects now: 7595.
Memory consumption went from 253.4 MB to 248.9 MB.
Total: 20.350417 ms (FindLiveObjects: 2.131166 ms CreateObjectMapping: 1.418083 ms MarkObjects: 12.676625 ms  DeleteObjects: 4.123291 ms)

Prepare: number of updated asset objects reloaded= 0
========================================================================
Received Prepare
Begin MonoManager ReloadAssembly
- Loaded All Assemblies, in  2.566 seconds
Refreshing native plugins compatible for Editor in 1.82 ms, found 3 plugins.
Native extension for OSXStandalone target not found
Mono: successfully reloaded assembly
- Finished resetting the current domain, in  5.767 seconds
Domain Reload Profiling: 8340ms
	BeginReloadAssembly (920ms)
		ExecutionOrderSort (0ms)
		DisableScriptedObjects (153ms)
		BackupInstance (0ms)
		ReleaseScriptingObjects (1ms)
		CreateAndSetChildDomain (257ms)
	RebuildCommonClasses (85ms)
	RebuildNativeTypeToScriptingClass (25ms)
	initialDomainReloadingComplete (126ms)
	LoadAllAssembliesAndSetupDomain (1414ms)
		LoadAssemblies (1139ms)
		RebuildTransferFunctionScriptingTraits (0ms)
		AnalyzeDomain (618ms)
			TypeCache.Refresh (46ms)
				TypeCache.ScanAssembly (0ms)
			BuildScriptInfoCaches (489ms)
			ResolveRequiredComponents (78ms)
	FinalizeReload (5769ms)
		ReleaseScriptCaches (0ms)
		RebuildScriptCaches (0ms)
		SetupLoadedEditorAssemblies (4065ms)
			LogAssemblyErrors (0ms)
			InitializePlatformSupportModulesInManaged (21ms)
			SetLoadedEditorAssemblies (19ms)
			BeforeProcessingInitializeOnLoad (163ms)
			ProcessInitializeOnLoadAttributes (3284ms)
			ProcessInitializeOnLoadMethodAttributes (561ms)
			AfterProcessingInitializeOnLoad (16ms)
			EditorAssembliesLoaded (1ms)
		ExecutionOrderSort2 (0ms)
		AwakeInstancesAfterBackupRestoration (74ms)
Refreshing native plugins compatible for Editor in 0.95 ms, found 3 plugins.
Preloading 0 native plugins for Editor in 0.00 ms.
Unloading 14 Unused Serialized files (Serialized files now loaded: 0)
Unloading 6743 unused Assets / (3.8 MB). Loaded Objects now: 7597.
Memory consumption went from 260.0 MB to 256.2 MB.
Total: 31.600458 ms (FindLiveObjects: 1.538167 ms CreateObjectMapping: 0.945166 ms MarkObjects: 25.950250 ms  DeleteObjects: 3.165583 ms)

Prepare: number of updated asset objects reloaded= 0
========================================================================
Received Prepare
Begin MonoManager ReloadAssembly
- Loaded All Assemblies, in  2.275 seconds
Refreshing native plugins compatible for Editor in 0.87 ms, found 3 plugins.
Native extension for OSXStandalone target not found
Mono: successfully reloaded assembly
- Finished resetting the current domain, in  6.133 seconds
Domain Reload Profiling: 8415ms
	BeginReloadAssembly (781ms)
		ExecutionOrderSort (0ms)
		DisableScriptedObjects (161ms)
		BackupInstance (0ms)
		ReleaseScriptingObjects (1ms)
		CreateAndSetChildDomain (223ms)
	RebuildCommonClasses (89ms)
	RebuildNativeTypeToScriptingClass (27ms)
	initialDomainReloadingComplete (103ms)
	LoadAllAssembliesAndSetupDomain (1281ms)
		LoadAssemblies (1011ms)
		RebuildTransferFunctionScriptingTraits (0ms)
		AnalyzeDomain (522ms)
			TypeCache.Refresh (19ms)
				TypeCache.ScanAssembly (0ms)
			BuildScriptInfoCaches (426ms)
			ResolveRequiredComponents (72ms)
	FinalizeReload (6135ms)
		ReleaseScriptCaches (0ms)
		RebuildScriptCaches (0ms)
		SetupLoadedEditorAssemblies (4223ms)
			LogAssemblyErrors (0ms)
			InitializePlatformSupportModulesInManaged (17ms)
			SetLoadedEditorAssemblies (20ms)
			BeforeProcessingInitializeOnLoad (165ms)
			ProcessInitializeOnLoadAttributes (3504ms)
			ProcessInitializeOnLoadMethodAttributes (495ms)
			AfterProcessingInitializeOnLoad (20ms)
			EditorAssembliesLoaded (2ms)
		ExecutionOrderSort2 (0ms)
		AwakeInstancesAfterBackupRestoration (98ms)
Refreshing native plugins compatible for Editor in 0.97 ms, found 3 plugins.
Preloading 0 native plugins for Editor in 0.00 ms.
Unloading 14 Unused Serialized files (Serialized files now loaded: 0)
Unloading 6743 unused Assets / (4.3 MB). Loaded Objects now: 7599.
Memory consumption went from 266.7 MB to 262.4 MB.
Total: 36.437541 ms (FindLiveObjects: 2.022125 ms CreateObjectMapping: 0.906416 ms MarkObjects: 30.004792 ms  DeleteObjects: 3.502959 ms)

Prepare: number of updated asset objects reloaded= 0
========================================================================
Received Prepare
Begin MonoManager ReloadAssembly
- Loaded All Assemblies, in  2.299 seconds
Refreshing native plugins compatible for Editor in 2.34 ms, found 3 plugins.
Native extension for OSXStandalone target not found
Mono: successfully reloaded assembly
- Finished resetting the current domain, in  5.794 seconds
Domain Reload Profiling: 8100ms
	BeginReloadAssembly (785ms)
		ExecutionOrderSort (0ms)
		DisableScriptedObjects (140ms)
		BackupInstance (0ms)
		ReleaseScriptingObjects (1ms)
		CreateAndSetChildDomain (227ms)
	RebuildCommonClasses (85ms)
	RebuildNativeTypeToScriptingClass (25ms)
	initialDomainReloadingComplete (109ms)
	LoadAllAssembliesAndSetupDomain (1299ms)
		LoadAssemblies (999ms)
		RebuildTransferFunctionScriptingTraits (0ms)
		AnalyzeDomain (558ms)
			TypeCache.Refresh (27ms)
				TypeCache.ScanAssembly (0ms)
			BuildScriptInfoCaches (462ms)
			ResolveRequiredComponents (63ms)
	FinalizeReload (5797ms)
		ReleaseScriptCaches (0ms)
		RebuildScriptCaches (0ms)
		SetupLoadedEditorAssemblies (3965ms)
			LogAssemblyErrors (0ms)
			InitializePlatformSupportModulesInManaged (18ms)
			SetLoadedEditorAssemblies (19ms)
			BeforeProcessingInitializeOnLoad (169ms)
			ProcessInitializeOnLoadAttributes (3278ms)
			ProcessInitializeOnLoadMethodAttributes (469ms)
			AfterProcessingInitializeOnLoad (11ms)
			EditorAssembliesLoaded (1ms)
		ExecutionOrderSort2 (0ms)
		AwakeInstancesAfterBackupRestoration (62ms)
Refreshing native plugins compatible for Editor in 1.32 ms, found 3 plugins.
Preloading 0 native plugins for Editor in 0.00 ms.
Unloading 14 Unused Serialized files (Serialized files now loaded: 0)
Unloading 6743 unused Assets / (3.3 MB). Loaded Objects now: 7601.
Memory consumption went from 273.4 MB to 270.1 MB.
Total: 22.591500 ms (FindLiveObjects: 2.203667 ms CreateObjectMapping: 1.762541 ms MarkObjects: 13.802375 ms  DeleteObjects: 4.821375 ms)

Prepare: number of updated asset objects reloaded= 0
========================================================================
Received Prepare
Begin MonoManager ReloadAssembly
- Loaded All Assemblies, in  2.226 seconds
Refreshing native plugins compatible for Editor in 0.89 ms, found 3 plugins.
Native extension for OSXStandalone target not found
Mono: successfully reloaded assembly
- Finished resetting the current domain, in  5.424 seconds
Domain Reload Profiling: 7656ms
	BeginReloadAssembly (750ms)
		ExecutionOrderSort (0ms)
		DisableScriptedObjects (148ms)
		BackupInstance (0ms)
		ReleaseScriptingObjects (1ms)
		CreateAndSetChildDomain (218ms)
	RebuildCommonClasses (82ms)
	RebuildNativeTypeToScriptingClass (26ms)
	initialDomainReloadingComplete (113ms)
	LoadAllAssembliesAndSetupDomain (1260ms)
		LoadAssemblies (974ms)
		RebuildTransferFunctionScriptingTraits (0ms)
		AnalyzeDomain (522ms)
			TypeCache.Refresh (18ms)
				TypeCache.ScanAssembly (0ms)
			BuildScriptInfoCaches (434ms)
			ResolveRequiredComponents (64ms)
	FinalizeReload (5426ms)
		ReleaseScriptCaches (0ms)
		RebuildScriptCaches (0ms)
		SetupLoadedEditorAssemblies (3864ms)
			LogAssemblyErrors (0ms)
			InitializePlatformSupportModulesInManaged (18ms)
			SetLoadedEditorAssemblies (17ms)
			BeforeProcessingInitializeOnLoad (165ms)
			ProcessInitializeOnLoadAttributes (3190ms)
			ProcessInitializeOnLoadMethodAttributes (448ms)
			AfterProcessingInitializeOnLoad (20ms)
			EditorAssembliesLoaded (7ms)
		ExecutionOrderSort2 (1ms)
		AwakeInstancesAfterBackupRestoration (72ms)
Refreshing native plugins compatible for Editor in 1.08 ms, found 3 plugins.
Preloading 0 native plugins for Editor in 0.00 ms.
Unloading 14 Unused Serialized files (Serialized files now loaded: 0)
Unloading 6743 unused Assets / (3.6 MB). Loaded Objects now: 7603.
Memory consumption went from 280.0 MB to 276.4 MB.
Total: 17.630458 ms (FindLiveObjects: 1.754583 ms CreateObjectMapping: 1.258583 ms MarkObjects: 11.074458 ms  DeleteObjects: 3.541417 ms)

Prepare: number of updated asset objects reloaded= 0
========================================================================
Received Prepare
Begin MonoManager ReloadAssembly
- Loaded All Assemblies, in  2.256 seconds
Refreshing native plugins compatible for Editor in 1.05 ms, found 3 plugins.
Native extension for OSXStandalone target not found
Mono: successfully reloaded assembly
- Finished resetting the current domain, in  5.631 seconds
Domain Reload Profiling: 7893ms
	BeginReloadAssembly (748ms)
		ExecutionOrderSort (0ms)
		DisableScriptedObjects (126ms)
		BackupInstance (0ms)
		ReleaseScriptingObjects (1ms)
		CreateAndSetChildDomain (232ms)
	RebuildCommonClasses (86ms)
	RebuildNativeTypeToScriptingClass (25ms)
	initialDomainReloadingComplete (109ms)
	LoadAllAssembliesAndSetupDomain (1291ms)
		LoadAssemblies (978ms)
		RebuildTransferFunctionScriptingTraits (0ms)
		AnalyzeDomain (556ms)
			TypeCache.Refresh (20ms)
				TypeCache.ScanAssembly (0ms)
			BuildScriptInfoCaches (469ms)
			ResolveRequiredComponents (61ms)
	FinalizeReload (5634ms)
		ReleaseScriptCaches (0ms)
		RebuildScriptCaches (0ms)
		SetupLoadedEditorAssemblies (3905ms)
			LogAssemblyErrors (0ms)
			InitializePlatformSupportModulesInManaged (18ms)
			SetLoadedEditorAssemblies (17ms)
			BeforeProcessingInitializeOnLoad (164ms)
			ProcessInitializeOnLoadAttributes (3231ms)
			ProcessInitializeOnLoadMethodAttributes (461ms)
			AfterProcessingInitializeOnLoad (13ms)
			EditorAssembliesLoaded (1ms)
		ExecutionOrderSort2 (0ms)
		AwakeInstancesAfterBackupRestoration (60ms)
Refreshing native plugins compatible for Editor in 1.23 ms, found 3 plugins.
Preloading 0 native plugins for Editor in 0.00 ms.
Unloading 14 Unused Serialized files (Serialized files now loaded: 0)
Unloading 6743 unused Assets / (3.9 MB). Loaded Objects now: 7605.
Memory consumption went from 286.7 MB to 282.8 MB.
Total: 21.581375 ms (FindLiveObjects: 1.880375 ms CreateObjectMapping: 1.820375 ms MarkObjects: 14.376375 ms  DeleteObjects: 3.503041 ms)

Prepare: number of updated asset objects reloaded= 0
========================================================================
Received Prepare
Begin MonoManager ReloadAssembly
- Loaded All Assemblies, in  2.396 seconds
Refreshing native plugins compatible for Editor in 2.96 ms, found 3 plugins.
Native extension for OSXStandalone target not found
Mono: successfully reloaded assembly
- Finished resetting the current domain, in  5.946 seconds
Domain Reload Profiling: 8349ms
	BeginReloadAssembly (836ms)
		ExecutionOrderSort (0ms)
		DisableScriptedObjects (137ms)
		BackupInstance (0ms)
		ReleaseScriptingObjects (1ms)
		CreateAndSetChildDomain (238ms)
	RebuildCommonClasses (95ms)
	RebuildNativeTypeToScriptingClass (26ms)
	initialDomainReloadingComplete (102ms)
	LoadAllAssembliesAndSetupDomain (1342ms)
		LoadAssemblies (1082ms)
		RebuildTransferFunctionScriptingTraits (0ms)
		AnalyzeDomain (560ms)
			TypeCache.Refresh (21ms)
				TypeCache.ScanAssembly (0ms)
			BuildScriptInfoCaches (474ms)
			ResolveRequiredComponents (60ms)
	FinalizeReload (5949ms)
		ReleaseScriptCaches (0ms)
		RebuildScriptCaches (0ms)
		SetupLoadedEditorAssemblies (4004ms)
			LogAssemblyErrors (0ms)
			InitializePlatformSupportModulesInManaged (18ms)
			SetLoadedEditorAssemblies (19ms)
			BeforeProcessingInitializeOnLoad (162ms)
			ProcessInitializeOnLoadAttributes (3279ms)
			ProcessInitializeOnLoadMethodAttributes (506ms)
			AfterProcessingInitializeOnLoad (19ms)
			EditorAssembliesLoaded (2ms)
		ExecutionOrderSort2 (0ms)
		AwakeInstancesAfterBackupRestoration (75ms)
Refreshing native plugins compatible for Editor in 1.13 ms, found 3 plugins.
Preloading 0 native plugins for Editor in 0.00 ms.
Unloading 14 Unused Serialized files (Serialized files now loaded: 0)
Unloading 6743 unused Assets / (4.3 MB). Loaded Objects now: 7607.
Memory consumption went from 293.3 MB to 289.1 MB.
Total: 34.025875 ms (FindLiveObjects: 2.265458 ms CreateObjectMapping: 2.028500 ms MarkObjects: 24.132375 ms  DeleteObjects: 5.597750 ms)

Prepare: number of updated asset objects reloaded= 0
========================================================================
Received Prepare
Begin MonoManager ReloadAssembly
- Loaded All Assemblies, in  2.357 seconds
Refreshing native plugins compatible for Editor in 2.41 ms, found 3 plugins.
Native extension for OSXStandalone target not found
Mono: successfully reloaded assembly
- Finished resetting the current domain, in  5.771 seconds
Domain Reload Profiling: 8135ms
	BeginReloadAssembly (877ms)
		ExecutionOrderSort (0ms)
		DisableScriptedObjects (201ms)
		BackupInstance (0ms)
		ReleaseScriptingObjects (1ms)
		CreateAndSetChildDomain (241ms)
	RebuildCommonClasses (90ms)
	RebuildNativeTypeToScriptingClass (25ms)
	initialDomainReloadingComplete (119ms)
	LoadAllAssembliesAndSetupDomain (1250ms)
		LoadAssemblies (977ms)
		RebuildTransferFunctionScriptingTraits (0ms)
		AnalyzeDomain (541ms)
			TypeCache.Refresh (16ms)
				TypeCache.ScanAssembly (0ms)
			BuildScriptInfoCaches (460ms)
			ResolveRequiredComponents (60ms)
	FinalizeReload (5773ms)
		ReleaseScriptCaches (0ms)
		RebuildScriptCaches (0ms)
		SetupLoadedEditorAssemblies (3881ms)
			LogAssemblyErrors (0ms)
			InitializePlatformSupportModulesInManaged (18ms)
			SetLoadedEditorAssemblies (12ms)
			BeforeProcessingInitializeOnLoad (148ms)
			ProcessInitializeOnLoadAttributes (3239ms)
			ProcessInitializeOnLoadMethodAttributes (452ms)
			AfterProcessingInitializeOnLoad (11ms)
			EditorAssembliesLoaded (1ms)
		ExecutionOrderSort2 (0ms)
		AwakeInstancesAfterBackupRestoration (59ms)
Refreshing native plugins compatible for Editor in 1.10 ms, found 3 plugins.
Preloading 0 native plugins for Editor in 0.00 ms.
Unloading 14 Unused Serialized files (Serialized files now loaded: 0)
Unloading 6743 unused Assets / (4.3 MB). Loaded Objects now: 7609.
Memory consumption went from 300.0 MB to 295.7 MB.
Total: 20.324542 ms (FindLiveObjects: 1.603292 ms CreateObjectMapping: 1.227583 ms MarkObjects: 13.481375 ms  DeleteObjects: 4.010833 ms)

Prepare: number of updated asset objects reloaded= 0
========================================================================
Received Import Request.
  Time since last request: 3219.110170 seconds.
  path: Assets/TextMesh Pro/Resources/Fonts & Materials/LiberationSans SDF - Fallback.asset
  artifactKey: Guid(2e498d1c8094910479dc3e1b768306a4) Importer(815301076,1909f56bfc062723c751e8b465ee728b)
Start importing Assets/TextMesh Pro/Resources/Fonts & Materials/LiberationSans SDF - Fallback.asset using Guid(2e498d1c8094910479dc3e1b768306a4) Importer(815301076,1909f56bfc062723c751e8b465ee728b) (PreviewImporter)[PhysX] Initialized MultithreadedTaskDispatcher with 4 workers.
[PhysX] Initialized MultithreadedTaskDispatcher with 4 workers.
[PhysX] Initialized MultithreadedTaskDispatcher with 4 workers.
 -> (artifact id: '1d534c0a167c0d34cdd78a51d8702d20') in 3.408231292 seconds
Number of updated asset objects reloaded before import = 0Number of asset objects unloaded after import = 6

========================================================================
Received Prepare
Begin MonoManager ReloadAssembly
- Loaded All Assemblies, in  2.611 seconds
Refreshing native plugins compatible for Editor in 0.89 ms, found 3 plugins.
Native extension for OSXStandalone target not found
Mono: successfully reloaded assembly
- Finished resetting the current domain, in  6.297 seconds
Domain Reload Profiling: 8916ms
	BeginReloadAssembly (1008ms)
		ExecutionOrderSort (0ms)
		DisableScriptedObjects (264ms)
		BackupInstance (0ms)
		ReleaseScriptingObjects (1ms)
		CreateAndSetChildDomain (273ms)
	RebuildCommonClasses (91ms)
	RebuildNativeTypeToScriptingClass (24ms)
	initialDomainReloadingComplete (121ms)
	LoadAllAssembliesAndSetupDomain (1372ms)
		LoadAssemblies (1095ms)
		RebuildTransferFunctionScriptingTraits (0ms)
		AnalyzeDomain (590ms)
			TypeCache.Refresh (19ms)
				TypeCache.ScanAssembly (0ms)
			BuildScriptInfoCaches (503ms)
			ResolveRequiredComponents (63ms)
	FinalizeReload (6300ms)
		ReleaseScriptCaches (0ms)
		RebuildScriptCaches (0ms)
		SetupLoadedEditorAssemblies (4223ms)
			LogAssemblyErrors (0ms)
			InitializePlatformSupportModulesInManaged (23ms)
			SetLoadedEditorAssemblies (21ms)
			BeforeProcessingInitializeOnLoad (171ms)
			ProcessInitializeOnLoadAttributes (3375ms)
			ProcessInitializeOnLoadMethodAttributes (604ms)
			AfterProcessingInitializeOnLoad (25ms)
			EditorAssembliesLoaded (5ms)
		ExecutionOrderSort2 (2ms)
		AwakeInstancesAfterBackupRestoration (104ms)
Refreshing native plugins compatible for Editor in 1.25 ms, found 3 plugins.
Preloading 0 native plugins for Editor in 0.00 ms.
Unloading 14 Unused Serialized files (Serialized files now loaded: 0)
Unloading 6743 unused Assets / (4.3 MB). Loaded Objects now: 7677.
Memory consumption went from 312.3 MB to 308.1 MB.
Total: 24.232709 ms (FindLiveObjects: 2.304709 ms CreateObjectMapping: 1.658667 ms MarkObjects: 15.286625 ms  DeleteObjects: 4.981291 ms)

Prepare: number of updated asset objects reloaded= 0
========================================================================
Received Import Request.
  Time since last request: 940.057096 seconds.
  path: Assets/_Unity Essentials/Models/Shapes/Arch.obj
  artifactKey: Guid(119470159409746c9bc4764193a3b4fc) Importer(815301076,1909f56bfc062723c751e8b465ee728b)
Start importing Assets/_Unity Essentials/Models/Shapes/Arch.obj using Guid(119470159409746c9bc4764193a3b4fc) Importer(815301076,1909f56bfc062723c751e8b465ee728b) (PreviewImporter)[PhysX] Initialized MultithreadedTaskDispatcher with 4 workers.
[PhysX] Initialized MultithreadedTaskDispatcher with 4 workers.
[PhysX] Initialized MultithreadedTaskDispatcher with 4 workers.
[PhysX] Initialized MultithreadedTaskDispatcher with 4 workers.
[PhysX] Initialized MultithreadedTaskDispatcher with 4 workers.
 -> (artifact id: '54f8c671d331c90aef509349dc4ba59f') in 4.647165625 seconds
Number of updated asset objects reloaded before import = 0Number of asset objects unloaded after import = 10

========================================================================
Received Import Request.
  Time since last request: 0.000374 seconds.
  path: Assets/_Unity Essentials/Materials/Interior/Objects/Block_Brown.mat
  artifactKey: Guid(1fe6de1633a1f4f6eb43d4238dca4660) Importer(815301076,1909f56bfc062723c751e8b465ee728b)
Start importing Assets/_Unity Essentials/Materials/Interior/Objects/Block_Brown.mat using Guid(1fe6de1633a1f4f6eb43d4238dca4660) Importer(815301076,1909f56bfc062723c751e8b465ee728b) (PreviewImporter)[PhysX] Initialized MultithreadedTaskDispatcher with 4 workers.
[PhysX] Initialized MultithreadedTaskDispatcher with 4 workers.
 -> (artifact id: '8bf9b0d9a3081040046a3b8b9a9d9038') in 0.024602542 seconds
Number of updated asset objects reloaded before import = 0Number of asset objects unloaded after import = 1

========================================================================
Received Import Request.
  Time since last request: 0.000191 seconds.
  path: Assets/_Unity Essentials/Models/Colllectibles/FishBones.FBX
  artifactKey: Guid(4de85cbfe0df16048915166f98d75fc2) Importer(815301076,1909f56bfc062723c751e8b465ee728b)
Start importing Assets/_Unity Essentials/Models/Colllectibles/FishBones.FBX using Guid(4de85cbfe0df16048915166f98d75fc2) Importer(815301076,1909f56bfc062723c751e8b465ee728b) (PreviewImporter)[PhysX] Initialized MultithreadedTaskDispatcher with 4 workers.
[PhysX] Initialized MultithreadedTaskDispatcher with 4 workers.
[PhysX] Initialized MultithreadedTaskDispatcher with 4 workers.
[PhysX] Initialized MultithreadedTaskDispatcher with 4 workers.
 -> (artifact id: '24a2eab91cc868fa35a3d922a5735737') in 0.07494175 seconds
Number of updated asset objects reloaded before import = 0Number of asset objects unloaded after import = 8

========================================================================
Received Import Request.
  Time since last request: 0.000155 seconds.
  path: Assets/_Unity Essentials/Materials/My Materials/Art_mat.mat
  artifactKey: Guid(bacd8eb5b12b748a4b6701be4e0cfdce) Importer(815301076,1909f56bfc062723c751e8b465ee728b)
Start importing Assets/_Unity Essentials/Materials/My Materials/Art_mat.mat using Guid(bacd8eb5b12b748a4b6701be4e0cfdce) Importer(815301076,1909f56bfc062723c751e8b465ee728b) (PreviewImporter)[PhysX] Initialized MultithreadedTaskDispatcher with 4 workers.
[PhysX] Initialized MultithreadedTaskDispatcher with 4 workers.
 -> (artifact id: '078fae1e6d23312aec8fe7604e8aa957') in 0.013881 seconds
Number of updated asset objects reloaded before import = 0Number of asset objects unloaded after import = 1

========================================================================
Received Import Request.
  Time since last request: 0.000076 seconds.
  path: Assets/_Unity Essentials/Fonts/Bangers-Regular SDF.asset
  artifactKey: Guid(6c1c6bbefb65a4812b65a5e04b72f26a) Importer(815301076,1909f56bfc062723c751e8b465ee728b)
Start importing Assets/_Unity Essentials/Fonts/Bangers-Regular SDF.asset using Guid(6c1c6bbefb65a4812b65a5e04b72f26a) Importer(815301076,1909f56bfc062723c751e8b465ee728b) (PreviewImporter)[PhysX] Initialized MultithreadedTaskDispatcher with 4 workers.
[PhysX] Initialized MultithreadedTaskDispatcher with 4 workers.
[PhysX] Initialized MultithreadedTaskDispatcher with 4 workers.
 -> (artifact id: 'dd8ec39828416309c80bffc8bf3bd8a2') in 0.157959 seconds
Number of updated asset objects reloaded before import = 0Number of asset objects unloaded after import = 4

========================================================================
Received Import Request.
  Time since last request: 0.000126 seconds.
  path: Assets/_Unity Essentials/Materials/Interior/Objects/Dirt_Brown.mat
  artifactKey: Guid(4017f5ad4de594c3ab070ff3bf6cc9c5) Importer(815301076,1909f56bfc062723c751e8b465ee728b)
Start importing Assets/_Unity Essentials/Materials/Interior/Objects/Dirt_Brown.mat using Guid(4017f5ad4de594c3ab070ff3bf6cc9c5) Importer(815301076,1909f56bfc062723c751e8b465ee728b) (PreviewImporter)[PhysX] Initialized MultithreadedTaskDispatcher with 4 workers.
[PhysX] Initialized MultithreadedTaskDispatcher with 4 workers.
 -> (artifact id: '6d1eb2817d234d0641271fe6c8082596') in 0.018062542 seconds
Number of updated asset objects reloaded before import = 0Number of asset objects unloaded after import = 1

========================================================================
Received Import Request.
  Time since last request: 0.000090 seconds.
  path: Assets/_Unity Essentials/Fonts/Caveat-Regular SDF.asset
  artifactKey: Guid(18eb93125c4dc48309f35bea3f9afe65) Importer(815301076,1909f56bfc062723c751e8b465ee728b)
Start importing Assets/_Unity Essentials/Fonts/Caveat-Regular SDF.asset using Guid(18eb93125c4dc48309f35bea3f9afe65) Importer(815301076,1909f56bfc062723c751e8b465ee728b) (PreviewImporter)[PhysX] Initialized MultithreadedTaskDispatcher with 4 workers.
[PhysX] Initialized MultithreadedTaskDispatcher with 4 workers.
[PhysX] Initialized MultithreadedTaskDispatcher with 4 workers.
 -> (artifact id: 'dd43827fe8a31a20484258ed939a6c4f') in 0.033315667 seconds
Number of updated asset objects reloaded before import = 0Number of asset objects unloaded after import = 4

========================================================================
Received Import Request.
  Time since last request: 0.271267 seconds.
  path: Assets/_Unity Essentials/Materials/Outdoor/Concrete Blue - Higher_Contrast.mat
  artifactKey: Guid(66c00b08e4b8f45ddacdff1c456c3071) Importer(815301076,1909f56bfc062723c751e8b465ee728b)
Start importing Assets/_Unity Essentials/Materials/Outdoor/Concrete Blue - Higher_Contrast.mat using Guid(66c00b08e4b8f45ddacdff1c456c3071) Importer(815301076,1909f56bfc062723c751e8b465ee728b) (PreviewImporter)[PhysX] Initialized MultithreadedTaskDispatcher with 4 workers.
[PhysX] Initialized MultithreadedTaskDispatcher with 4 workers.
 -> (artifact id: '57fe92762ff0dd26ae1640f073cc4b82') in 0.027537542 seconds
Number of updated asset objects reloaded before import = 0Number of asset objects unloaded after import = 3

========================================================================
Received Import Request.
  Time since last request: 0.000151 seconds.
  path: Assets/_Unity Essentials/Fonts/Exo2-Regular SDF.asset
  artifactKey: Guid(2303d48f3860c49e1b4f88d3f9beef53) Importer(815301076,1909f56bfc062723c751e8b465ee728b)
Start importing Assets/_Unity Essentials/Fonts/Exo2-Regular SDF.asset using Guid(2303d48f3860c49e1b4f88d3f9beef53) Importer(815301076,1909f56bfc062723c751e8b465ee728b) (PreviewImporter)[PhysX] Initialized MultithreadedTaskDispatcher with 4 workers.
[PhysX] Initialized MultithreadedTaskDispatcher with 4 workers.
[PhysX] Initialized MultithreadedTaskDispatcher with 4 workers.
 -> (artifact id: '2859b0c85230f19994d2e775c4de32c9') in 0.02953525 seconds
Number of updated asset objects reloaded before import = 0Number of asset objects unloaded after import = 4

========================================================================
Received Prepare
Begin MonoManager ReloadAssembly
- Loaded All Assemblies, in  3.402 seconds
Refreshing native plugins compatible for Editor in 0.86 ms, found 3 plugins.
Native extension for OSXStandalone target not found
Mono: successfully reloaded assembly
- Finished resetting the current domain, in  8.206 seconds
Domain Reload Profiling: 11617ms
	BeginReloadAssembly (1210ms)
		ExecutionOrderSort (0ms)
		DisableScriptedObjects (312ms)
		BackupInstance (0ms)
		ReleaseScriptingObjects (1ms)
		CreateAndSetChildDomain (352ms)
	RebuildCommonClasses (104ms)
	RebuildNativeTypeToScriptingClass (33ms)
	initialDomainReloadingComplete (196ms)
	LoadAllAssembliesAndSetupDomain (1864ms)
		LoadAssemblies (1606ms)
		RebuildTransferFunctionScriptingTraits (0ms)
		AnalyzeDomain (629ms)
			TypeCache.Refresh (47ms)
				TypeCache.ScanAssembly (0ms)
			BuildScriptInfoCaches (509ms)
			ResolveRequiredComponents (67ms)
	FinalizeReload (8210ms)
		ReleaseScriptCaches (0ms)
		RebuildScriptCaches (0ms)
		SetupLoadedEditorAssemblies (5878ms)
			LogAssemblyErrors (0ms)
			InitializePlatformSupportModulesInManaged (24ms)
			SetLoadedEditorAssemblies (15ms)
			BeforeProcessingInitializeOnLoad (180ms)
			ProcessInitializeOnLoadAttributes (4771ms)
			ProcessInitializeOnLoadMethodAttributes (867ms)
			AfterProcessingInitializeOnLoad (19ms)
			EditorAssembliesLoaded (1ms)
		ExecutionOrderSort2 (0ms)
		AwakeInstancesAfterBackupRestoration (97ms)
Refreshing native plugins compatible for Editor in 1.12 ms, found 3 plugins.
Preloading 0 native plugins for Editor in 0.00 ms.
Unloading 14 Unused Serialized files (Serialized files now loaded: 0)
Unloading 6744 unused Assets / (4.5 MB). Loaded Objects now: 7704.
Memory consumption went from 323.4 MB to 319.0 MB.
Total: 26.346834 ms (FindLiveObjects: 2.017708 ms CreateObjectMapping: 1.481667 ms MarkObjects: 17.945459 ms  DeleteObjects: 4.900625 ms)

Prepare: number of updated asset objects reloaded= 0
========================================================================
Received Import Request.
  Time since last request: 299.239531 seconds.
  path: Assets/_Unity Essentials/Audio/Sound FX/Fridge_Hum.wav
  artifactKey: Guid(6a2821146a2d54af2ad64ab60a857399) Importer(815301076,1909f56bfc062723c751e8b465ee728b)
Start importing Assets/_Unity Essentials/Audio/Sound FX/Fridge_Hum.wav using Guid(6a2821146a2d54af2ad64ab60a857399) Importer(815301076,1909f56bfc062723c751e8b465ee728b) (PreviewImporter)[PhysX] Initialized MultithreadedTaskDispatcher with 4 workers.
[PhysX] Initialized MultithreadedTaskDispatcher with 4 workers.
 -> (artifact id: 'bcac27b135c0ac5ea0ea951af490d011') in 0.862330042 seconds
Number of updated asset objects reloaded before import = 0Number of asset objects unloaded after import = 2

========================================================================
Received Import Request.
  Time since last request: 0.000189 seconds.
  path: Assets/_Unity Essentials/Audio/Music/Music_Ethereal.ogg
  artifactKey: Guid(5768c9cd1ffad480392fb744d373bbf8) Importer(815301076,1909f56bfc062723c751e8b465ee728b)
Start importing Assets/_Unity Essentials/Audio/Music/Music_Ethereal.ogg using Guid(5768c9cd1ffad480392fb744d373bbf8) Importer(815301076,1909f56bfc062723c751e8b465ee728b) (PreviewImporter)[PhysX] Initialized MultithreadedTaskDispatcher with 4 workers.
[PhysX] Initialized MultithreadedTaskDispatcher with 4 workers.
 -> (artifact id: 'efa18d0a6f5f4678189f4d70d7fbe721') in 0.017760125 seconds
Number of updated asset objects reloaded before import = 0Number of asset objects unloaded after import = 2

========================================================================
Received Import Request.
  Time since last request: 0.000076 seconds.
  path: Assets/_Unity Essentials/Audio/Music/Music_Classical.ogg
  artifactKey: Guid(e6ad4104b52c14695919cb177784c7d0) Importer(815301076,1909f56bfc062723c751e8b465ee728b)
Start importing Assets/_Unity Essentials/Audio/Music/Music_Classical.ogg using Guid(e6ad4104b52c14695919cb177784c7d0) Importer(815301076,1909f56bfc062723c751e8b465ee728b) (PreviewImporter)[PhysX] Initialized MultithreadedTaskDispatcher with 4 workers.
[PhysX] Initialized MultithreadedTaskDispatcher with 4 workers.
 -> (artifact id: '677c65a72beb5ba0d3b5373e173c480b') in 0.010715125 seconds
Number of updated asset objects reloaded before import = 0Number of asset objects unloaded after import = 2

========================================================================
Received Import Request.
  Time since last request: 0.000104 seconds.
  path: Assets/_Unity Essentials/Audio/Music/Music_Exciting.ogg
  artifactKey: Guid(79a0c1b5d72bfc748bc67ce6e4c6115b) Importer(815301076,1909f56bfc062723c751e8b465ee728b)
Start importing Assets/_Unity Essentials/Audio/Music/Music_Exciting.ogg using Guid(79a0c1b5d72bfc748bc67ce6e4c6115b) Importer(815301076,1909f56bfc062723c751e8b465ee728b) (PreviewImporter)[PhysX] Initialized MultithreadedTaskDispatcher with 4 workers.
[PhysX] Initialized MultithreadedTaskDispatcher with 4 workers.
 -> (artifact id: '9a2d33592438b85a258cf8c2a82ac577') in 0.011429541 seconds
Number of updated asset objects reloaded before import = 0Number of asset objects unloaded after import = 2

========================================================================
Received Prepare
Begin MonoManager ReloadAssembly
- Loaded All Assemblies, in  2.470 seconds
Refreshing native plugins compatible for Editor in 0.93 ms, found 3 plugins.
Native extension for OSXStandalone target not found
Mono: successfully reloaded assembly
- Finished resetting the current domain, in  6.217 seconds
Domain Reload Profiling: 8695ms
	BeginReloadAssembly (888ms)
		ExecutionOrderSort (1ms)
		DisableScriptedObjects (149ms)
		BackupInstance (0ms)
		ReleaseScriptingObjects (1ms)
		CreateAndSetChildDomain (261ms)
	RebuildCommonClasses (85ms)
	RebuildNativeTypeToScriptingClass (24ms)
	initialDomainReloadingComplete (128ms)
	LoadAllAssembliesAndSetupDomain (1350ms)
		LoadAssemblies (1034ms)
		RebuildTransferFunctionScriptingTraits (0ms)
		AnalyzeDomain (595ms)
			TypeCache.Refresh (25ms)
				TypeCache.ScanAssembly (0ms)
			BuildScriptInfoCaches (496ms)
			ResolveRequiredComponents (70ms)
	FinalizeReload (6220ms)
		ReleaseScriptCaches (0ms)
		RebuildScriptCaches (0ms)
		SetupLoadedEditorAssemblies (4158ms)
			LogAssemblyErrors (0ms)
			InitializePlatformSupportModulesInManaged (21ms)
			SetLoadedEditorAssemblies (14ms)
			BeforeProcessingInitializeOnLoad (198ms)
			ProcessInitializeOnLoadAttributes (3425ms)
			ProcessInitializeOnLoadMethodAttributes (485ms)
			AfterProcessingInitializeOnLoad (14ms)
			EditorAssembliesLoaded (1ms)
		ExecutionOrderSort2 (0ms)
		AwakeInstancesAfterBackupRestoration (77ms)
Refreshing native plugins compatible for Editor in 1.10 ms, found 3 plugins.
Preloading 0 native plugins for Editor in 0.00 ms.
Unloading 14 Unused Serialized files (Serialized files now loaded: 0)
Unloading 6743 unused Assets / (4.4 MB). Loaded Objects now: 7708.
Memory consumption went from 330.5 MB to 326.2 MB.
Total: 22.704750 ms (FindLiveObjects: 2.008583 ms CreateObjectMapping: 1.598708 ms MarkObjects: 14.678875 ms  DeleteObjects: 4.417375 ms)

Prepare: number of updated asset objects reloaded= 0
========================================================================
Received Import Request.
  Time since last request: 327.156623 seconds.
  path: Assets/_Unity Essentials/Audio/Sound FX/SFX_Ball_Bounce.wav
  artifactKey: Guid(da1a4aa2a59e04e2fbac2b2f8437ac35) Importer(815301076,1909f56bfc062723c751e8b465ee728b)
Start importing Assets/_Unity Essentials/Audio/Sound FX/SFX_Ball_Bounce.wav using Guid(da1a4aa2a59e04e2fbac2b2f8437ac35) Importer(815301076,1909f56bfc062723c751e8b465ee728b) (PreviewImporter)[PhysX] Initialized MultithreadedTaskDispatcher with 4 workers.
[PhysX] Initialized MultithreadedTaskDispatcher with 4 workers.
 -> (artifact id: '34e9029eebcfc6830af8b7ad24e48d34') in 0.486939708 seconds
Number of updated asset objects reloaded before import = 0Number of asset objects unloaded after import = 2

========================================================================
Received Import Request.
  Time since last request: 0.000249 seconds.
  path: Assets/_Unity Essentials/Audio/Sound FX/SFX_Blip.wav
  artifactKey: Guid(9217f9fb9c9914260b4ccb50d76d9fc9) Importer(815301076,1909f56bfc062723c751e8b465ee728b)
Start importing Assets/_Unity Essentials/Audio/Sound FX/SFX_Blip.wav using Guid(9217f9fb9c9914260b4ccb50d76d9fc9) Importer(815301076,1909f56bfc062723c751e8b465ee728b) (PreviewImporter)[PhysX] Initialized MultithreadedTaskDispatcher with 4 workers.
[PhysX] Initialized MultithreadedTaskDispatcher with 4 workers.
 -> (artifact id: '50665cf61d3f3d0c36eafe41f4a0ce02') in 0.018287375 seconds
Number of updated asset objects reloaded before import = 0Number of asset objects unloaded after import = 2

========================================================================
Received Import Request.
  Time since last request: 0.000082 seconds.
  path: Assets/_Unity Essentials/Audio/Sound FX/SFX_Bird_2.ogg
  artifactKey: Guid(6a7562b0ac8b944158d1dd076785ca39) Importer(815301076,1909f56bfc062723c751e8b465ee728b)
Start importing Assets/_Unity Essentials/Audio/Sound FX/SFX_Bird_2.ogg using Guid(6a7562b0ac8b944158d1dd076785ca39) Importer(815301076,1909f56bfc062723c751e8b465ee728b) (PreviewImporter)[PhysX] Initialized MultithreadedTaskDispatcher with 4 workers.
[PhysX] Initialized MultithreadedTaskDispatcher with 4 workers.
 -> (artifact id: 'e14411109f36dc9a23f838c8077ba734') in 0.016962583 seconds
Number of updated asset objects reloaded before import = 0Number of asset objects unloaded after import = 2

========================================================================
Received Import Request.
  Time since last request: 171.439478 seconds.
  path: Assets/_Unity Essentials/Audio/Sound FX/SFX_Lose.ogg
  artifactKey: Guid(1c8ccceede04240cbb129e5554967a51) Importer(815301076,1909f56bfc062723c751e8b465ee728b)
Start importing Assets/_Unity Essentials/Audio/Sound FX/SFX_Lose.ogg using Guid(1c8ccceede04240cbb129e5554967a51) Importer(815301076,1909f56bfc062723c751e8b465ee728b) (PreviewImporter)[PhysX] Initialized MultithreadedTaskDispatcher with 4 workers.
[PhysX] Initialized MultithreadedTaskDispatcher with 4 workers.
 -> (artifact id: '04bf9f65bff1d56721243491c712f6d5') in 0.075991416 seconds
Number of updated asset objects reloaded before import = 0Number of asset objects unloaded after import = 2

========================================================================
Received Import Request.
  Time since last request: 0.000182 seconds.
  path: Assets/_Unity Essentials/Audio/Sound FX/SFX_Wood_Knock.wav
  artifactKey: Guid(143bc7b7848154a78b7057d23ae85569) Importer(815301076,1909f56bfc062723c751e8b465ee728b)
Start importing Assets/_Unity Essentials/Audio/Sound FX/SFX_Wood_Knock.wav using Guid(143bc7b7848154a78b7057d23ae85569) Importer(815301076,1909f56bfc062723c751e8b465ee728b) (PreviewImporter)[PhysX] Initialized MultithreadedTaskDispatcher with 4 workers.
[PhysX] Initialized MultithreadedTaskDispatcher with 4 workers.
 -> (artifact id: '134a3559b7f759ce1a4c5c0c7e362492') in 0.010110917 seconds
Number of updated asset objects reloaded before import = 0Number of asset objects unloaded after import = 2

========================================================================
Received Prepare
Begin MonoManager ReloadAssembly
- Loaded All Assemblies, in  3.895 seconds
Refreshing native plugins compatible for Editor in 0.91 ms, found 3 plugins.
Native extension for OSXStandalone target not found
Mono: successfully reloaded assembly
- Finished resetting the current domain, in  6.786 seconds
Domain Reload Profiling: 10691ms
	BeginReloadAssembly (1625ms)
		ExecutionOrderSort (2ms)
		DisableScriptedObjects (290ms)
		BackupInstance (0ms)
		ReleaseScriptingObjects (3ms)
		CreateAndSetChildDomain (468ms)
	RebuildCommonClasses (110ms)
	RebuildNativeTypeToScriptingClass (23ms)
	initialDomainReloadingComplete (151ms)
	LoadAllAssembliesAndSetupDomain (1992ms)
		LoadAssemblies (1901ms)
		RebuildTransferFunctionScriptingTraits (0ms)
		AnalyzeDomain (631ms)
			TypeCache.Refresh (22ms)
				TypeCache.ScanAssembly (0ms)
			BuildScriptInfoCaches (532ms)
			ResolveRequiredComponents (71ms)
	FinalizeReload (6789ms)
		ReleaseScriptCaches (0ms)
		RebuildScriptCaches (0ms)
		SetupLoadedEditorAssemblies (4752ms)
			LogAssemblyErrors (0ms)
			InitializePlatformSupportModulesInManaged (21ms)
			SetLoadedEditorAssemblies (24ms)
			BeforeProcessingInitializeOnLoad (207ms)
			ProcessInitializeOnLoadAttributes (3880ms)
			ProcessInitializeOnLoadMethodAttributes (600ms)
			AfterProcessingInitializeOnLoad (18ms)
			EditorAssembliesLoaded (2ms)
		ExecutionOrderSort2 (0ms)
		AwakeInstancesAfterBackupRestoration (84ms)
Refreshing native plugins compatible for Editor in 1.11 ms, found 3 plugins.
Preloading 0 native plugins for Editor in 0.00 ms.
Unloading 14 Unused Serialized files (Serialized files now loaded: 0)
Unloading 6743 unused Assets / (3.1 MB). Loaded Objects now: 7710.
Memory consumption went from 336.8 MB to 333.7 MB.
Total: 33.325791 ms (FindLiveObjects: 2.248334 ms CreateObjectMapping: 2.762125 ms MarkObjects: 21.516583 ms  DeleteObjects: 6.797417 ms)

Prepare: number of updated asset objects reloaded= 0
========================================================================
Received Prepare
Begin MonoManager ReloadAssembly
- Loaded All Assemblies, in  3.558 seconds
Refreshing native plugins compatible for Editor in 0.94 ms, found 3 plugins.
Native extension for OSXStandalone target not found
Mono: successfully reloaded assembly
- Finished resetting the current domain, in  6.530 seconds
Domain Reload Profiling: 10096ms
	BeginReloadAssembly (1319ms)
		ExecutionOrderSort (0ms)
		DisableScriptedObjects (202ms)
		BackupInstance (0ms)
		ReleaseScriptingObjects (1ms)
		CreateAndSetChildDomain (399ms)
	RebuildCommonClasses (121ms)
	RebuildNativeTypeToScriptingClass (27ms)
	initialDomainReloadingComplete (140ms)
	LoadAllAssembliesAndSetupDomain (1957ms)
		LoadAssemblies (1670ms)
		RebuildTransferFunctionScriptingTraits (0ms)
		AnalyzeDomain (760ms)
			TypeCache.Refresh (45ms)
				TypeCache.ScanAssembly (0ms)
			BuildScriptInfoCaches (622ms)
			ResolveRequiredComponents (85ms)
	FinalizeReload (6532ms)
		ReleaseScriptCaches (0ms)
		RebuildScriptCaches (0ms)
		SetupLoadedEditorAssemblies (4558ms)
			LogAssemblyErrors (0ms)
			InitializePlatformSupportModulesInManaged (21ms)
			SetLoadedEditorAssemblies (14ms)
			BeforeProcessingInitializeOnLoad (151ms)
			ProcessInitializeOnLoadAttributes (3711ms)
			ProcessInitializeOnLoadMethodAttributes (635ms)
			AfterProcessingInitializeOnLoad (24ms)
			EditorAssembliesLoaded (2ms)
		ExecutionOrderSort2 (0ms)
		AwakeInstancesAfterBackupRestoration (93ms)
Refreshing native plugins compatible for Editor in 1.08 ms, found 3 plugins.
Preloading 0 native plugins for Editor in 0.00 ms.
Unloading 14 Unused Serialized files (Serialized files now loaded: 0)
Unloading 6743 unused Assets / (5.0 MB). Loaded Objects now: 7712.
Memory consumption went from 343.2 MB to 338.2 MB.
Total: 19.244958 ms (FindLiveObjects: 1.685833 ms CreateObjectMapping: 1.159875 ms MarkObjects: 11.663417 ms  DeleteObjects: 4.734334 ms)

Prepare: number of updated asset objects reloaded= 0
========================================================================
Received Prepare
Refreshing native plugins compatible for Editor in 1.00 ms, found 3 plugins.
Preloading 0 native plugins for Editor in 0.00 ms.
Unloading 14 Unused Serialized files (Serialized files now loaded: 0)
Unloading 6733 unused Assets / (3.2 MB). Loaded Objects now: 7713.
Memory consumption went from 339.3 MB to 336.1 MB.
Total: 47.122458 ms (FindLiveObjects: 1.149208 ms CreateObjectMapping: 1.410375 ms MarkObjects: 40.491583 ms  DeleteObjects: 4.069291 ms)

Prepare: number of updated asset objects reloaded= 0
========================================================================
Received Prepare
Begin MonoManager ReloadAssembly
- Loaded All Assemblies, in  2.972 seconds
Refreshing native plugins compatible for Editor in 0.92 ms, found 3 plugins.
Native extension for OSXStandalone target not found
Mono: successfully reloaded assembly
- Finished resetting the current domain, in  7.211 seconds
Domain Reload Profiling: 10212ms
	BeginReloadAssembly (1027ms)
		ExecutionOrderSort (0ms)
		DisableScriptedObjects (156ms)
		BackupInstance (0ms)
		ReleaseScriptingObjects (1ms)
		CreateAndSetChildDomain (309ms)
	RebuildCommonClasses (100ms)
	RebuildNativeTypeToScriptingClass (28ms)
	initialDomainReloadingComplete (137ms)
	LoadAllAssembliesAndSetupDomain (1685ms)
		LoadAssemblies (1302ms)
		RebuildTransferFunctionScriptingTraits (0ms)
		AnalyzeDomain (768ms)
			TypeCache.Refresh (30ms)
				TypeCache.ScanAssembly (1ms)
			BuildScriptInfoCaches (650ms)
			ResolveRequiredComponents (81ms)
	FinalizeReload (7234ms)
		ReleaseScriptCaches (0ms)
		RebuildScriptCaches (0ms)
		SetupLoadedEditorAssemblies (4250ms)
			LogAssemblyErrors (0ms)
			InitializePlatformSupportModulesInManaged (24ms)
			SetLoadedEditorAssemblies (15ms)
			BeforeProcessingInitializeOnLoad (152ms)
			ProcessInitializeOnLoadAttributes (3408ms)
			ProcessInitializeOnLoadMethodAttributes (615ms)
			AfterProcessingInitializeOnLoad (32ms)
			EditorAssembliesLoaded (3ms)
		ExecutionOrderSort2 (1ms)
		AwakeInstancesAfterBackupRestoration (103ms)
Refreshing native plugins compatible for Editor in 1.35 ms, found 3 plugins.
Preloading 0 native plugins for Editor in 0.00 ms.
Unloading 14 Unused Serialized files (Serialized files now loaded: 0)
Unloading 6744 unused Assets / (5.1 MB). Loaded Objects now: 7715.
Memory consumption went from 347.2 MB to 342.1 MB.
Total: 57.581041 ms (FindLiveObjects: 2.256375 ms CreateObjectMapping: 2.035917 ms MarkObjects: 47.771292 ms  DeleteObjects: 5.515792 ms)

Prepare: number of updated asset objects reloaded= 0
========================================================================
Received Prepare
Refreshing native plugins compatible for Editor in 1.31 ms, found 3 plugins.
Preloading 0 native plugins for Editor in 0.00 ms.
Unloading 14 Unused Serialized files (Serialized files now loaded: 0)
Unloading 6732 unused Assets / (5.0 MB). Loaded Objects now: 7714.
Memory consumption went from 343.3 MB to 338.3 MB.
Total: 51.850125 ms (FindLiveObjects: 1.118750 ms CreateObjectMapping: 0.998875 ms MarkObjects: 45.709458 ms  DeleteObjects: 4.021792 ms)

Prepare: number of updated asset objects reloaded= 0
========================================================================
Received Prepare
Begin MonoManager ReloadAssembly
- Loaded All Assemblies, in  2.796 seconds
Refreshing native plugins compatible for Editor in 0.99 ms, found 3 plugins.
Native extension for OSXStandalone target not found
Mono: successfully reloaded assembly
- Finished resetting the current domain, in  7.297 seconds
Domain Reload Profiling: 10115ms
	BeginReloadAssembly (943ms)
		ExecutionOrderSort (0ms)
		DisableScriptedObjects (157ms)
		BackupInstance (0ms)
		ReleaseScriptingObjects (1ms)
		CreateAndSetChildDomain (271ms)
	RebuildCommonClasses (95ms)
	RebuildNativeTypeToScriptingClass (26ms)
	initialDomainReloadingComplete (116ms)
	LoadAllAssembliesAndSetupDomain (1622ms)
		LoadAssemblies (1332ms)
		RebuildTransferFunctionScriptingTraits (0ms)
		AnalyzeDomain (581ms)
			TypeCache.Refresh (32ms)
				TypeCache.ScanAssembly (1ms)
			BuildScriptInfoCaches (483ms)
			ResolveRequiredComponents (62ms)
	FinalizeReload (7313ms)
		ReleaseScriptCaches (0ms)
		RebuildScriptCaches (0ms)
		SetupLoadedEditorAssemblies (5153ms)
			LogAssemblyErrors (0ms)
			InitializePlatformSupportModulesInManaged (41ms)
			SetLoadedEditorAssemblies (27ms)
			BeforeProcessingInitializeOnLoad (258ms)
			ProcessInitializeOnLoadAttributes (4375ms)
			ProcessInitializeOnLoadMethodAttributes (436ms)
			AfterProcessingInitializeOnLoad (14ms)
			EditorAssembliesLoaded (1ms)
		ExecutionOrderSort2 (0ms)
		AwakeInstancesAfterBackupRestoration (65ms)
Refreshing native plugins compatible for Editor in 1.38 ms, found 3 plugins.
Preloading 0 native plugins for Editor in 0.00 ms.
Unloading 14 Unused Serialized files (Serialized files now loaded: 0)
Unloading 6743 unused Assets / (4.5 MB). Loaded Objects now: 7716.
Memory consumption went from 351.2 MB to 346.7 MB.
Total: 41.565375 ms (FindLiveObjects: 2.182417 ms CreateObjectMapping: 1.280250 ms MarkObjects: 32.781792 ms  DeleteObjects: 5.318500 ms)

Prepare: number of updated asset objects reloaded= 0
========================================================================
Received Prepare
Refreshing native plugins compatible for Editor in 0.99 ms, found 3 plugins.
Preloading 0 native plugins for Editor in 0.00 ms.
Unloading 14 Unused Serialized files (Serialized files now loaded: 0)
Unloading 6733 unused Assets / (3.6 MB). Loaded Objects now: 7717.
Memory consumption went from 347.2 MB to 343.6 MB.
Total: 44.918459 ms (FindLiveObjects: 0.992167 ms CreateObjectMapping: 0.739959 ms MarkObjects: 39.510375 ms  DeleteObjects: 3.674625 ms)

Prepare: number of updated asset objects reloaded= 0
========================================================================
Received Prepare
Refreshing native plugins compatible for Editor in 1.09 ms, found 3 plugins.
Preloading 0 native plugins for Editor in 0.00 ms.
Unloading 14 Unused Serialized files (Serialized files now loaded: 0)
Unloading 6733 unused Assets / (4.1 MB). Loaded Objects now: 7717.
Memory consumption went from 344.6 MB to 340.5 MB.
Total: 49.408458 ms (FindLiveObjects: 0.948583 ms CreateObjectMapping: 0.868208 ms MarkObjects: 43.742666 ms  DeleteObjects: 3.847750 ms)

Prepare: number of updated asset objects reloaded= 0
========================================================================
Received Prepare
Begin MonoManager ReloadAssembly
- Loaded All Assemblies, in  3.604 seconds
Refreshing native plugins compatible for Editor in 0.95 ms, found 3 plugins.
Native extension for OSXStandalone target not found
Mono: successfully reloaded assembly
- Finished resetting the current domain, in  6.376 seconds
Domain Reload Profiling: 10006ms
	BeginReloadAssembly (1241ms)
		ExecutionOrderSort (0ms)
		DisableScriptedObjects (176ms)
		BackupInstance (0ms)
		ReleaseScriptingObjects (1ms)
		CreateAndSetChildDomain (381ms)
	RebuildCommonClasses (113ms)
	RebuildNativeTypeToScriptingClass (30ms)
	initialDomainReloadingComplete (135ms)
	LoadAllAssembliesAndSetupDomain (2090ms)
		LoadAssemblies (1797ms)
		RebuildTransferFunctionScriptingTraits (0ms)
		AnalyzeDomain (747ms)
			TypeCache.Refresh (67ms)
				TypeCache.ScanAssembly (2ms)
			BuildScriptInfoCaches (589ms)
			ResolveRequiredComponents (84ms)
	FinalizeReload (6396ms)
		ReleaseScriptCaches (0ms)
		RebuildScriptCaches (0ms)
		SetupLoadedEditorAssemblies (4356ms)
			LogAssemblyErrors (0ms)
			InitializePlatformSupportModulesInManaged (20ms)
			SetLoadedEditorAssemblies (13ms)
			BeforeProcessingInitializeOnLoad (149ms)
			ProcessInitializeOnLoadAttributes (3623ms)
			ProcessInitializeOnLoadMethodAttributes (532ms)
			AfterProcessingInitializeOnLoad (18ms)
			EditorAssembliesLoaded (2ms)
		ExecutionOrderSort2 (1ms)
		AwakeInstancesAfterBackupRestoration (96ms)
Refreshing native plugins compatible for Editor in 1.20 ms, found 3 plugins.
Preloading 0 native plugins for Editor in 0.00 ms.
Unloading 14 Unused Serialized files (Serialized files now loaded: 0)
Unloading 6744 unused Assets / (4.4 MB). Loaded Objects now: 7719.
Memory consumption went from 352.6 MB to 348.1 MB.
Total: 33.200208 ms (FindLiveObjects: 2.236333 ms CreateObjectMapping: 1.556916 ms MarkObjects: 23.910416 ms  DeleteObjects: 5.494666 ms)

Prepare: number of updated asset objects reloaded= 0
========================================================================
Received Import Request.
  Time since last request: 36010.018501 seconds.
  path: Assets/Resources/PerformanceTestRunSettings.json
  artifactKey: Guid(d9ef07cc24654db4bb369bd61fb6678e) Importer(2089858483,192608db42251d675da83286b1cce702)
Start importing Assets/Resources/PerformanceTestRunSettings.json using Guid(d9ef07cc24654db4bb369bd61fb6678e) Importer(2089858483,192608db42251d675da83286b1cce702) (ScriptedImporter)[PhysX] Initialized MultithreadedTaskDispatcher with 4 workers.
 -> (artifact id: 'f3bbfddccdb94a4bc91a0f0bc3fe9d1c') in 0.817415083 seconds
Number of updated asset objects reloaded before import = 0Number of asset objects unloaded after import = 1

========================================================================
Received Import Request.
  Time since last request: 0.000207 seconds.
  path: Assets/TextMesh Pro/Shaders/TMP_Bitmap.shader
  artifactKey: Guid(128e987d567d4e2c824d754223b3f3b0) Importer(2089858483,192608db42251d675da83286b1cce702)
Start importing Assets/TextMesh Pro/Shaders/TMP_Bitmap.shader using Guid(128e987d567d4e2c824d754223b3f3b0) Importer(2089858483,192608db42251d675da83286b1cce702) (ScriptedImporter)[PhysX] Initialized MultithreadedTaskDispatcher with 4 workers.
 -> (artifact id: 'e3a7c5fc4a08966351bc7da6a9abe7a0') in 0.204940916 seconds
Number of updated asset objects reloaded before import = 0Number of asset objects unloaded after import = 1

========================================================================
Received Import Request.
  Time since last request: 0.000185 seconds.
  path: Assets/TextMesh Pro/Shaders/TMP_SDF Overlay.shader
  artifactKey: Guid(dd89cf5b9246416f84610a006f916af7) Importer(2089858483,192608db42251d675da83286b1cce702)
Start importing Assets/TextMesh Pro/Shaders/TMP_SDF Overlay.shader using Guid(dd89cf5b9246416f84610a006f916af7) Importer(2089858483,192608db42251d675da83286b1cce702) (ScriptedImporter)[PhysX] Initialized MultithreadedTaskDispatcher with 4 workers.
 -> (artifact id: '35d70cb7c32ee57731d2c348f750f6da') in 0.018267542 seconds
Number of updated asset objects reloaded before import = 0Number of asset objects unloaded after import = 1

========================================================================
Received Import Request.
  Time since last request: 0.000100 seconds.
  path: Assets/TextMesh Pro/Shaders/TMP_SDF-Mobile.shader
  artifactKey: Guid(fe393ace9b354375a9cb14cdbbc28be4) Importer(2089858483,192608db42251d675da83286b1cce702)
Start importing Assets/TextMesh Pro/Shaders/TMP_SDF-Mobile.shader using Guid(fe393ace9b354375a9cb14cdbbc28be4) Importer(2089858483,192608db42251d675da83286b1cce702) (ScriptedImporter)[PhysX] Initialized MultithreadedTaskDispatcher with 4 workers.
 -> (artifact id: '38947a2cd1044001774a4edef8390e4a') in 0.012187125 seconds
Number of updated asset objects reloaded before import = 0Number of asset objects unloaded after import = 1

========================================================================
Received Import Request.
  Time since last request: 0.000107 seconds.
  path: Assets/TextMesh Pro/Shaders/TMP_SDF SSD.shader
  artifactKey: Guid(14eb328de4b8eb245bb7cea29e4ac00b) Importer(2089858483,192608db42251d675da83286b1cce702)
Start importing Assets/TextMesh Pro/Shaders/TMP_SDF SSD.shader using Guid(14eb328de4b8eb245bb7cea29e4ac00b) Importer(2089858483,192608db42251d675da83286b1cce702) (ScriptedImporter)[PhysX] Initialized MultithreadedTaskDispatcher with 4 workers.
 -> (artifact id: '184c31eeae27cb1c97bd357a80841616') in 0.016992958 seconds
Number of updated asset objects reloaded before import = 0Number of asset objects unloaded after import = 1

========================================================================
Received Import Request.
  Time since last request: 0.000092 seconds.
  path: Assets/TextMesh Pro/Shaders/TMP_SDF-Mobile SSD.shader
  artifactKey: Guid(c8d12adcee749c344b8117cf7c7eb912) Importer(2089858483,192608db42251d675da83286b1cce702)
Start importing Assets/TextMesh Pro/Shaders/TMP_SDF-Mobile SSD.shader using Guid(c8d12adcee749c344b8117cf7c7eb912) Importer(2089858483,192608db42251d675da83286b1cce702) (ScriptedImporter)[PhysX] Initialized MultithreadedTaskDispatcher with 4 workers.
 -> (artifact id: 'abbdc1239110cd9b139cd9fddf6e9dca') in 0.009351333 seconds
Number of updated asset objects reloaded before import = 0Number of asset objects unloaded after import = 1

========================================================================
Received Import Request.
  Time since last request: 0.000129 seconds.
  path: Assets/TextMesh Pro/Resources/LineBreaking Following Characters.txt
  artifactKey: Guid(fade42e8bc714b018fac513c043d323b) Importer(2089858483,192608db42251d675da83286b1cce702)
Start importing Assets/TextMesh Pro/Resources/LineBreaking Following Characters.txt using Guid(fade42e8bc714b018fac513c043d323b) Importer(2089858483,192608db42251d675da83286b1cce702) (ScriptedImporter)[PhysX] Initialized MultithreadedTaskDispatcher with 4 workers.
 -> (artifact id: 'a20db6e12d92b4e5532d052503efd962') in 0.007175 seconds
Number of updated asset objects reloaded before import = 0Number of asset objects unloaded after import = 1

========================================================================
Received Import Request.
  Time since last request: 0.000069 seconds.
  path: Assets/Settings/URP-Balanced-Renderer.asset
  artifactKey: Guid(e634585d5c4544dd297acaee93dc2beb) Importer(2089858483,192608db42251d675da83286b1cce702)
Start importing Assets/Settings/URP-Balanced-Renderer.asset using Guid(e634585d5c4544dd297acaee93dc2beb) Importer(2089858483,192608db42251d675da83286b1cce702) (ScriptedImporter)[PhysX] Initialized MultithreadedTaskDispatcher with 4 workers.
 -> (artifact id: '45d7e198df1c696ed03475dc5108d0d5') in 0.307252666 seconds
Number of updated asset objects reloaded before import = 0Number of asset objects unloaded after import = 1

========================================================================
Received Import Request.
  Time since last request: 0.000253 seconds.
  path: Assets/TextMesh Pro/Resources/Style Sheets/Default Style Sheet.asset
  artifactKey: Guid(f952c082cb03451daed3ee968ac6c63e) Importer(2089858483,192608db42251d675da83286b1cce702)
Start importing Assets/TextMesh Pro/Resources/Style Sheets/Default Style Sheet.asset using Guid(f952c082cb03451daed3ee968ac6c63e) Importer(2089858483,192608db42251d675da83286b1cce702) (ScriptedImporter)[PhysX] Initialized MultithreadedTaskDispatcher with 4 workers.
 -> (artifact id: '2b6e0de37dcab8dc3dd2307817219d7d') in 0.011633917 seconds
Number of updated asset objects reloaded before import = 0Number of asset objects unloaded after import = 1

========================================================================
Received Import Request.
  Time since last request: 0.000135 seconds.
  path: Assets/TextMesh Pro/Resources/Fonts & Materials/LiberationSans SDF - Fallback.asset
  artifactKey: Guid(2e498d1c8094910479dc3e1b768306a4) Importer(2089858483,192608db42251d675da83286b1cce702)
Start importing Assets/TextMesh Pro/Resources/Fonts & Materials/LiberationSans SDF - Fallback.asset using Guid(2e498d1c8094910479dc3e1b768306a4) Importer(2089858483,192608db42251d675da83286b1cce702) (ScriptedImporter)[PhysX] Initialized MultithreadedTaskDispatcher with 4 workers.
 -> (artifact id: '6cf35d1f893b8de9201b6901a3665ac5') in 0.163677208 seconds
Number of updated asset objects reloaded before import = 0Number of asset objects unloaded after import = 5

========================================================================
Received Import Request.
  Time since last request: 0.000107 seconds.
  path: Assets/_Unity Essentials/Materials/Outdoor/Grey.mat
  artifactKey: Guid(550e57637d66668439f37e5f05c45816) Importer(2089858483,192608db42251d675da83286b1cce702)
Start importing Assets/_Unity Essentials/Materials/Outdoor/Grey.mat using Guid(550e57637d66668439f37e5f05c45816) Importer(2089858483,192608db42251d675da83286b1cce702) (ScriptedImporter)[PhysX] Initialized MultithreadedTaskDispatcher with 4 workers.
 -> (artifact id: '09ba5eb0eaa3ca5e9fa3b6456187f0c4') in 0.084462625 seconds
Number of updated asset objects reloaded before import = 0Number of asset objects unloaded after import = 1

========================================================================
Received Import Request.
  Time since last request: 0.000087 seconds.
  path: Assets/TextMesh Pro/Shaders/TMP_Bitmap-Mobile.shader
  artifactKey: Guid(1e3b057af24249748ff873be7fafee47) Importer(2089858483,192608db42251d675da83286b1cce702)
Start importing Assets/TextMesh Pro/Shaders/TMP_Bitmap-Mobile.shader using Guid(1e3b057af24249748ff873be7fafee47) Importer(2089858483,192608db42251d675da83286b1cce702) (ScriptedImporter)[PhysX] Initialized MultithreadedTaskDispatcher with 4 workers.
 -> (artifact id: '44a0f75444e6408098708ea3486290b1') in 0.006221334 seconds
Number of updated asset objects reloaded before import = 0Number of asset objects unloaded after import = 1

========================================================================
Received Import Request.
  Time since last request: 0.000203 seconds.
  path: Assets/_Unity Essentials/Fonts/SourceCodePro-Regular SDF.asset
  artifactKey: Guid(500c8b014e8c041b8982d40b1db00225) Importer(2089858483,192608db42251d675da83286b1cce702)
Start importing Assets/_Unity Essentials/Fonts/SourceCodePro-Regular SDF.asset using Guid(500c8b014e8c041b8982d40b1db00225) Importer(2089858483,192608db42251d675da83286b1cce702) (ScriptedImporter)[PhysX] Initialized MultithreadedTaskDispatcher with 4 workers.
 -> (artifact id: '48ba2cf5e719148d4a4ee04829d455ba') in 0.054411167 seconds
Number of updated asset objects reloaded before import = 0Number of asset objects unloaded after import = 3

========================================================================
Received Import Request.
  Time since last request: 0.000091 seconds.
  path: Assets/_Unity Essentials/Scenes/1_Playground_Navigation_Scene.unity
  artifactKey: Guid(3c4aa835aa283484e86f037de178934c) Importer(2089858483,192608db42251d675da83286b1cce702)
Start importing Assets/_Unity Essentials/Scenes/1_Playground_Navigation_Scene.unity using Guid(3c4aa835aa283484e86f037de178934c) Importer(2089858483,192608db42251d675da83286b1cce702) (ScriptedImporter)[PhysX] Initialized MultithreadedTaskDispatcher with 4 workers.
 -> (artifact id: '2b696ad107d2b4feafe19b7fa778279f') in 0.105668041 seconds
Number of updated asset objects reloaded before import = 0Number of asset objects unloaded after import = 1

========================================================================
Received Import Request.
  Time since last request: 0.000116 seconds.
  path: Assets/TextMesh Pro/Shaders/TMP_SDF-URP Lit.shadergraph
  artifactKey: Guid(a3d800b099a06e0478fb790c5e79057a) Importer(2089858483,192608db42251d675da83286b1cce702)
Start importing Assets/TextMesh Pro/Shaders/TMP_SDF-URP Lit.shadergraph using Guid(a3d800b099a06e0478fb790c5e79057a) Importer(2089858483,192608db42251d675da83286b1cce702) (ScriptedImporter)[PhysX] Initialized MultithreadedTaskDispatcher with 4 workers.
 -> (artifact id: '38e24f4983444e69273aea53df150607') in 1.19656275 seconds
Number of updated asset objects reloaded before import = 0Number of asset objects unloaded after import = 4

========================================================================
Received Import Request.
  Time since last request: 0.000158 seconds.
  path: Assets/_Unity Essentials/Models/Characters/Roomba.FBX
  artifactKey: Guid(84e2ff013e5be45679059c8256334982) Importer(2089858483,192608db42251d675da83286b1cce702)
Start importing Assets/_Unity Essentials/Models/Characters/Roomba.FBX using Guid(84e2ff013e5be45679059c8256334982) Importer(2089858483,192608db42251d675da83286b1cce702) (ScriptedImporter)[PhysX] Initialized MultithreadedTaskDispatcher with 4 workers.
 -> (artifact id: '29cb924adcb779f3486e00603fed608a') in 0.244705084 seconds
Number of updated asset objects reloaded before import = 0Number of asset objects unloaded after import = 7

========================================================================
Received Import Request.
  Time since last request: 0.000565 seconds.
  path: Assets/_Unity Essentials/Models/Colllectibles/Coal.FBX
  artifactKey: Guid(d774af773e8804224a753e157ecb9642) Importer(2089858483,192608db42251d675da83286b1cce702)
Start importing Assets/_Unity Essentials/Models/Colllectibles/Coal.FBX using Guid(d774af773e8804224a753e157ecb9642) Importer(2089858483,192608db42251d675da83286b1cce702) (ScriptedImporter)[PhysX] Initialized MultithreadedTaskDispatcher with 4 workers.
 -> (artifact id: '8f15fa2c683ad408b3e60de71694ce2a') in 0.054614625 seconds
Number of updated asset objects reloaded before import = 0Number of asset objects unloaded after import = 8

========================================================================
Received Import Request.
  Time since last request: 0.001894 seconds.
  path: Assets/_Unity Essentials/Materials/VFX/Material_2D_VFX.mat
  artifactKey: Guid(2405d754f0527486d9deabe45a0287d1) Importer(2089858483,192608db42251d675da83286b1cce702)
Start importing Assets/_Unity Essentials/Materials/VFX/Material_2D_VFX.mat using Guid(2405d754f0527486d9deabe45a0287d1) Importer(2089858483,192608db42251d675da83286b1cce702) (ScriptedImporter)[PhysX] Initialized MultithreadedTaskDispatcher with 4 workers.
 -> (artifact id: '5cfd593d19664e83914abbe03172e8c4') in 0.081860542 seconds
Number of updated asset objects reloaded before import = 0Number of asset objects unloaded after import = 1

========================================================================
Received Import Request.
  Time since last request: 0.000139 seconds.
  path: Assets/_Unity Essentials/Fonts/PressStart2P-Regular SDF.asset
  artifactKey: Guid(3d7e4c035915e46d7a4bf4722e72f951) Importer(2089858483,192608db42251d675da83286b1cce702)
Start importing Assets/_Unity Essentials/Fonts/PressStart2P-Regular SDF.asset using Guid(3d7e4c035915e46d7a4bf4722e72f951) Importer(2089858483,192608db42251d675da83286b1cce702) (ScriptedImporter)[PhysX] Initialized MultithreadedTaskDispatcher with 4 workers.
 -> (artifact id: '5870dc7af4c6f5bb3e796e03ffc5cfeb') in 0.073374083 seconds
Number of updated asset objects reloaded before import = 0Number of asset objects unloaded after import = 3

========================================================================
Received Import Request.
  Time since last request: 0.000098 seconds.
  path: Assets/TextMesh Pro/Shaders/TMPro_Properties.cginc
  artifactKey: Guid(3997e2241185407d80309a82f9148466) Importer(2089858483,192608db42251d675da83286b1cce702)
Start importing Assets/TextMesh Pro/Shaders/TMPro_Properties.cginc using Guid(3997e2241185407d80309a82f9148466) Importer(2089858483,192608db42251d675da83286b1cce702) (ScriptedImporter)[PhysX] Initialized MultithreadedTaskDispatcher with 4 workers.
 -> (artifact id: '3ea803f2fd52b9619d9cdc665b06c9f5') in 0.009446583 seconds
Number of updated asset objects reloaded before import = 0Number of asset objects unloaded after import = 1

========================================================================
Received Import Request.
  Time since last request: 0.000090 seconds.
  path: Assets/_Unity Essentials/Fonts/Rye-Regular SDF.asset
  artifactKey: Guid(65676bcd85e9549078c824e99548af83) Importer(2089858483,192608db42251d675da83286b1cce702)
Start importing Assets/_Unity Essentials/Fonts/Rye-Regular SDF.asset using Guid(65676bcd85e9549078c824e99548af83) Importer(2089858483,192608db42251d675da83286b1cce702) (ScriptedImporter)[PhysX] Initialized MultithreadedTaskDispatcher with 4 workers.
 -> (artifact id: 'd296b62912c5f99d25918235a1e61494') in 0.052676833 seconds
Number of updated asset objects reloaded before import = 0Number of asset objects unloaded after import = 3

========================================================================
Received Import Request.
  Time since last request: 0.000079 seconds.
  path: Assets/_Unity Essentials/Models/Colllectibles/Apple.FBX
  artifactKey: Guid(22a34f853e6686f42b459bfc12486d2a) Importer(2089858483,192608db42251d675da83286b1cce702)
Start importing Assets/_Unity Essentials/Models/Colllectibles/Apple.FBX using Guid(22a34f853e6686f42b459bfc12486d2a) Importer(2089858483,192608db42251d675da83286b1cce702) (ScriptedImporter)[PhysX] Initialized MultithreadedTaskDispatcher with 4 workers.
 -> (artifact id: 'c9b5ee55f9b1e5249577eb47273c2256') in 0.039409667 seconds
Number of updated asset objects reloaded before import = 0Number of asset objects unloaded after import = 14

========================================================================
Received Import Request.
  Time since last request: 0.000101 seconds.
  path: Assets/TextMesh Pro/Shaders/TMP_SDF.shader
  artifactKey: Guid(68e6db2ebdc24f95958faec2be5558d6) Importer(2089858483,192608db42251d675da83286b1cce702)
Start importing Assets/TextMesh Pro/Shaders/TMP_SDF.shader using Guid(68e6db2ebdc24f95958faec2be5558d6) Importer(2089858483,192608db42251d675da83286b1cce702) (ScriptedImporter)[PhysX] Initialized MultithreadedTaskDispatcher with 4 workers.
 -> (artifact id: '6f468e54139cefa346b5b5f627be2a0c') in 0.006787583 seconds
Number of updated asset objects reloaded before import = 0Number of asset objects unloaded after import = 1

========================================================================
Received Import Request.
  Time since last request: 0.000073 seconds.
  path: Assets/_Unity Essentials/Models/Furniture/Bed_Full_BR001.fbx
  artifactKey: Guid(5f5461d830f629541ab7db42fb4f6abc) Importer(2089858483,192608db42251d675da83286b1cce702)
Start importing Assets/_Unity Essentials/Models/Furniture/Bed_Full_BR001.fbx using Guid(5f5461d830f629541ab7db42fb4f6abc) Importer(2089858483,192608db42251d675da83286b1cce702) (ScriptedImporter)[PhysX] Initialized MultithreadedTaskDispatcher with 4 workers.
 -> (artifact id: '7b800c6b986a15b0db85611689f348c7') in 0.040257708 seconds
Number of updated asset objects reloaded before import = 0Number of asset objects unloaded after import = 19

========================================================================
Received Import Request.
  Time since last request: 0.000076 seconds.
  path: Assets/_Unity Essentials/Models/Colllectibles/Star.FBX
  artifactKey: Guid(1710fbf00619c474b92da634e36cd0bb) Importer(2089858483,192608db42251d675da83286b1cce702)
Start importing Assets/_Unity Essentials/Models/Colllectibles/Star.FBX using Guid(1710fbf00619c474b92da634e36cd0bb) Importer(2089858483,192608db42251d675da83286b1cce702) (ScriptedImporter)[PhysX] Initialized MultithreadedTaskDispatcher with 4 workers.
 -> (artifact id: '478c51f6fab3861cf131a30f5781772b') in 0.01675475 seconds
Number of updated asset objects reloaded before import = 0Number of asset objects unloaded after import = 7

========================================================================
Received Import Request.
  Time since last request: 0.000069 seconds.
  path: Assets/TextMesh Pro/Shaders/TMP_SDF-Surface-Mobile.shader
  artifactKey: Guid(85187c2149c549c5b33f0cdb02836b17) Importer(2089858483,192608db42251d675da83286b1cce702)
Start importing Assets/TextMesh Pro/Shaders/TMP_SDF-Surface-Mobile.shader using Guid(85187c2149c549c5b33f0cdb02836b17) Importer(2089858483,192608db42251d675da83286b1cce702) (ScriptedImporter)[PhysX] Initialized MultithreadedTaskDispatcher with 4 workers.
 -> (artifact id: '688287a9c098c75a4db5aed8f97bd138') in 0.006793208 seconds
Number of updated asset objects reloaded before import = 0Number of asset objects unloaded after import = 1

========================================================================
Received Import Request.
  Time since last request: 0.000087 seconds.
  path: Assets/_Unity Essentials/Scripts/PlayerController.cs
  artifactKey: Guid(ab350745d1cb84d65aebf8f6c3077044) Importer(2089858483,192608db42251d675da83286b1cce702)
Start importing Assets/_Unity Essentials/Scripts/PlayerController.cs using Guid(ab350745d1cb84d65aebf8f6c3077044) Importer(2089858483,192608db42251d675da83286b1cce702) (ScriptedImporter)[PhysX] Initialized MultithreadedTaskDispatcher with 4 workers.
 -> (artifact id: 'b17fa0724655a2f7ecf88f2b6a662202') in 0.006599125 seconds
Number of updated asset objects reloaded before import = 0Number of asset objects unloaded after import = 0

========================================================================
Received Import Request.
  Time since last request: 0.000073 seconds.
  path: Assets/_Unity Essentials/Models/Characters/Mouse.FBX
  artifactKey: Guid(956daa938ab234199aebe29b66c6a59f) Importer(2089858483,192608db42251d675da83286b1cce702)
Start importing Assets/_Unity Essentials/Models/Characters/Mouse.FBX using Guid(956daa938ab234199aebe29b66c6a59f) Importer(2089858483,192608db42251d675da83286b1cce702) (ScriptedImporter)[PhysX] Initialized MultithreadedTaskDispatcher with 4 workers.
 -> (artifact id: 'd294c5a0ba49a439caaf6a7db490c483') in 0.048615209 seconds
Number of updated asset objects reloaded before import = 0Number of asset objects unloaded after import = 50

========================================================================
Received Import Request.
  Time since last request: 0.000062 seconds.
  path: Assets/_Unity Essentials/Fonts/Oswald-Regular SDF.asset
  artifactKey: Guid(bb4a8624d27de4192be7d892793f48d5) Importer(2089858483,192608db42251d675da83286b1cce702)
Start importing Assets/_Unity Essentials/Fonts/Oswald-Regular SDF.asset using Guid(bb4a8624d27de4192be7d892793f48d5) Importer(2089858483,192608db42251d675da83286b1cce702) (ScriptedImporter)[PhysX] Initialized MultithreadedTaskDispatcher with 4 workers.
 -> (artifact id: 'd113944c66c7a6b7578c5300e14c67ea') in 0.025190125 seconds
Number of updated asset objects reloaded before import = 0Number of asset objects unloaded after import = 3

========================================================================
Received Import Request.
  Time since last request: 0.000069 seconds.
  path: Assets/_Unity Essentials/Scenes/0_MainMenu_Scene.unity
  artifactKey: Guid(0eac1eecd2187407c9da8013ae9797da) Importer(2089858483,192608db42251d675da83286b1cce702)
Start importing Assets/_Unity Essentials/Scenes/0_MainMenu_Scene.unity using Guid(0eac1eecd2187407c9da8013ae9797da) Importer(2089858483,192608db42251d675da83286b1cce702) (ScriptedImporter)[PhysX] Initialized MultithreadedTaskDispatcher with 4 workers.
 -> (artifact id: '49f6867956296cfc4cee0b1b4880dc96') in 0.009620333 seconds
Number of updated asset objects reloaded before import = 0Number of asset objects unloaded after import = 1

========================================================================
Received Import Request.
  Time since last request: 0.000064 seconds.
  path: Assets/TextMesh Pro/Resources/LineBreaking Leading Characters.txt
  artifactKey: Guid(d82c1b31c7e74239bff1220585707d2b) Importer(2089858483,192608db42251d675da83286b1cce702)
Start importing Assets/TextMesh Pro/Resources/LineBreaking Leading Characters.txt using Guid(d82c1b31c7e74239bff1220585707d2b) Importer(2089858483,192608db42251d675da83286b1cce702) (ScriptedImporter)[PhysX] Initialized MultithreadedTaskDispatcher with 4 workers.
 -> (artifact id: 'd4dd500bb29559195770c492ad54c8a5') in 0.00413775 seconds
Number of updated asset objects reloaded before import = 0Number of asset objects unloaded after import = 1

========================================================================
Received Import Request.
  Time since last request: 0.000072 seconds.
  path: Assets/TextMesh Pro/Resources/Fonts & Materials/LiberationSans SDF - Drop Shadow.mat
  artifactKey: Guid(e73a58f6e2794ae7b1b7e50b7fb811b0) Importer(2089858483,192608db42251d675da83286b1cce702)
Start importing Assets/TextMesh Pro/Resources/Fonts & Materials/LiberationSans SDF - Drop Shadow.mat using Guid(e73a58f6e2794ae7b1b7e50b7fb811b0) Importer(2089858483,192608db42251d675da83286b1cce702) (ScriptedImporter)[PhysX] Initialized MultithreadedTaskDispatcher with 4 workers.
 -> (artifact id: 'cdf6ba2298c7b5c933bd834cf7f4e6c3') in 0.019107917 seconds
Number of updated asset objects reloaded before import = 0Number of asset objects unloaded after import = 2

========================================================================
Received Import Request.
  Time since last request: 0.000056 seconds.
  path: Assets/TextMesh Pro/Sprites/EmojiOne.json
  artifactKey: Guid(8f05276190cf498a8153f6cbe761d4e6) Importer(2089858483,192608db42251d675da83286b1cce702)
Start importing Assets/TextMesh Pro/Sprites/EmojiOne.json using Guid(8f05276190cf498a8153f6cbe761d4e6) Importer(2089858483,192608db42251d675da83286b1cce702) (ScriptedImporter)[PhysX] Initialized MultithreadedTaskDispatcher with 4 workers.
 -> (artifact id: '4a01cddbd8f4d40b84d08f94b068967d') in 0.0039835 seconds
Number of updated asset objects reloaded before import = 0Number of asset objects unloaded after import = 1

========================================================================
Received Import Request.
  Time since last request: 0.000063 seconds.
  path: Assets/TextMesh Pro/Shaders/TMP_SDF-Mobile Overlay.shader
  artifactKey: Guid(a02a7d8c237544f1962732b55a9aebf1) Importer(2089858483,192608db42251d675da83286b1cce702)
Start importing Assets/TextMesh Pro/Shaders/TMP_SDF-Mobile Overlay.shader using Guid(a02a7d8c237544f1962732b55a9aebf1) Importer(2089858483,192608db42251d675da83286b1cce702) (ScriptedImporter)[PhysX] Initialized MultithreadedTaskDispatcher with 4 workers.
 -> (artifact id: '36ca117e3fc58a50faae4080b80c133d') in 0.005262417 seconds
Number of updated asset objects reloaded before import = 0Number of asset objects unloaded after import = 1

========================================================================
Received Import Request.
  Time since last request: 0.000065 seconds.
  path: Assets/Settings/URP-Balanced.asset
  artifactKey: Guid(e1260c1148f6143b28bae5ace5e9c5d1) Importer(2089858483,192608db42251d675da83286b1cce702)
Start importing Assets/Settings/URP-Balanced.asset using Guid(e1260c1148f6143b28bae5ace5e9c5d1) Importer(2089858483,192608db42251d675da83286b1cce702) (ScriptedImporter)[PhysX] Initialized MultithreadedTaskDispatcher with 4 workers.
 -> (artifact id: '3d030734217fd522606a40cc3f3b205c') in 0.080547 seconds
Number of updated asset objects reloaded before import = 0Number of asset objects unloaded after import = 1

========================================================================
Received Import Request.
  Time since last request: 0.000074 seconds.
  path: Assets/TextMesh Pro/Shaders/TMPro.cginc
  artifactKey: Guid(407bc68d299748449bbf7f48ee690f8d) Importer(2089858483,192608db42251d675da83286b1cce702)
Start importing Assets/TextMesh Pro/Shaders/TMPro.cginc using Guid(407bc68d299748449bbf7f48ee690f8d) Importer(2089858483,192608db42251d675da83286b1cce702) (ScriptedImporter)[PhysX] Initialized MultithreadedTaskDispatcher with 4 workers.
 -> (artifact id: '87f9ad2c2ec29067d7a4966c9de1c87c') in 0.003496583 seconds
Number of updated asset objects reloaded before import = 0Number of asset objects unloaded after import = 1

========================================================================
Received Import Request.
  Time since last request: 0.000080 seconds.
  path: Assets/_Unity Essentials/Models/Colllectibles/PuzzlePiece.FBX
  artifactKey: Guid(18b03291f660d8e4eb43419343d51bd6) Importer(2089858483,192608db42251d675da83286b1cce702)
Start importing Assets/_Unity Essentials/Models/Colllectibles/PuzzlePiece.FBX using Guid(18b03291f660d8e4eb43419343d51bd6) Importer(2089858483,192608db42251d675da83286b1cce702) (ScriptedImporter)[PhysX] Initialized MultithreadedTaskDispatcher with 4 workers.
 -> (artifact id: 'e2ff6845eb8a170f032f6a9259bf3696') in 0.013815542 seconds
Number of updated asset objects reloaded before import = 0Number of asset objects unloaded after import = 7

========================================================================
Received Import Request.
  Time since last request: 0.000058 seconds.
  path: Assets/_Unity Essentials/Models/Furniture/CoffeeTable_48in_BY001.fbx
  artifactKey: Guid(27951f062805422409edb0e05718e7c0) Importer(2089858483,192608db42251d675da83286b1cce702)
Start importing Assets/_Unity Essentials/Models/Furniture/CoffeeTable_48in_BY001.fbx using Guid(27951f062805422409edb0e05718e7c0) Importer(2089858483,192608db42251d675da83286b1cce702) (ScriptedImporter)[PhysX] Initialized MultithreadedTaskDispatcher with 4 workers.
 -> (artifact id: '390f64975c84147de7f932f0b212ae68') in 0.03583325 seconds
Number of updated asset objects reloaded before import = 0Number of asset objects unloaded after import = 9

========================================================================
Received Import Request.
  Time since last request: 0.000060 seconds.
  path: Assets/_Unity Essentials/Models/Furniture/Rocking Horse.FBX
  artifactKey: Guid(b6fc2cec743e64bcfb9f3f2e06037ebc) Importer(2089858483,192608db42251d675da83286b1cce702)
Start importing Assets/_Unity Essentials/Models/Furniture/Rocking Horse.FBX using Guid(b6fc2cec743e64bcfb9f3f2e06037ebc) Importer(2089858483,192608db42251d675da83286b1cce702) (ScriptedImporter)[PhysX] Initialized MultithreadedTaskDispatcher with 4 workers.
 -> (artifact id: '768c67ad831c0d8766392df4d325b9c8') in 0.013308375 seconds
Number of updated asset objects reloaded before import = 0Number of asset objects unloaded after import = 7

========================================================================
Received Import Request.
  Time since last request: 0.000057 seconds.
  path: Assets/_Unity Essentials/Models/Furniture/Chest_42in_BR001.fbx
  artifactKey: Guid(0217f4f1af1f1dc4bbaecdc92d563215) Importer(2089858483,192608db42251d675da83286b1cce702)
Start importing Assets/_Unity Essentials/Models/Furniture/Chest_42in_BR001.fbx using Guid(0217f4f1af1f1dc4bbaecdc92d563215) Importer(2089858483,192608db42251d675da83286b1cce702) (ScriptedImporter)[PhysX] Initialized MultithreadedTaskDispatcher with 4 workers.
 -> (artifact id: 'f9543f92360396c845eab09aa992ad36') in 0.01672075 seconds
Number of updated asset objects reloaded before import = 0Number of asset objects unloaded after import = 9

========================================================================
Received Import Request.
  Time since last request: 0.000069 seconds.
  path: Assets/_Unity Essentials/Models/Furniture/LampSmall.FBX
  artifactKey: Guid(bce58d58b66628c4bb843a0f547d5b43) Importer(2089858483,192608db42251d675da83286b1cce702)
Start importing Assets/_Unity Essentials/Models/Furniture/LampSmall.FBX using Guid(bce58d58b66628c4bb843a0f547d5b43) Importer(2089858483,192608db42251d675da83286b1cce702) (ScriptedImporter)[PhysX] Initialized MultithreadedTaskDispatcher with 4 workers.
 -> (artifact id: '64e77ac1cf23ec28c6725d2cea51eafc') in 0.038099167 seconds
Number of updated asset objects reloaded before import = 0Number of asset objects unloaded after import = 19

========================================================================
Received Import Request.
  Time since last request: 0.002407 seconds.
  path: Assets/_Unity Essentials/Models/Furniture/PlantPotRoundMedium.FBX
  artifactKey: Guid(2a621bc3f19c8774d8fc0497ebc0f764) Importer(2089858483,192608db42251d675da83286b1cce702)
Start importing Assets/_Unity Essentials/Models/Furniture/PlantPotRoundMedium.FBX using Guid(2a621bc3f19c8774d8fc0497ebc0f764) Importer(2089858483,192608db42251d675da83286b1cce702) (ScriptedImporter)[PhysX] Initialized MultithreadedTaskDispatcher with 4 workers.
 -> (artifact id: '78c87a28c00c6b0bdc2ce133af619579') in 0.019777917 seconds
Number of updated asset objects reloaded before import = 0Number of asset objects unloaded after import = 7

========================================================================
Received Import Request.
  Time since last request: 0.000201 seconds.
  path: Assets/_Unity Essentials/Models/Furniture/Nightstand_25in_BR001.fbx
  artifactKey: Guid(1f9e194edc869724e86a4efaa9ce6d1e) Importer(2089858483,192608db42251d675da83286b1cce702)
Start importing Assets/_Unity Essentials/Models/Furniture/Nightstand_25in_BR001.fbx using Guid(1f9e194edc869724e86a4efaa9ce6d1e) Importer(2089858483,192608db42251d675da83286b1cce702) (ScriptedImporter)[PhysX] Initialized MultithreadedTaskDispatcher with 4 workers.
 -> (artifact id: 'a76c373c6be050809c33d69a5ab668f1') in 0.030929084 seconds
Number of updated asset objects reloaded before import = 0Number of asset objects unloaded after import = 7

========================================================================
Received Import Request.
  Time since last request: 0.010650 seconds.
  path: Assets/_Unity Essentials/Models/Furniture/Bed_Twin_BR001.fbx
  artifactKey: Guid(e09fe8a9ad9365046a7d327a9dc8affe) Importer(2089858483,192608db42251d675da83286b1cce702)
Start importing Assets/_Unity Essentials/Models/Furniture/Bed_Twin_BR001.fbx using Guid(e09fe8a9ad9365046a7d327a9dc8affe) Importer(2089858483,192608db42251d675da83286b1cce702) (ScriptedImporter)[PhysX] Initialized MultithreadedTaskDispatcher with 4 workers.
 -> (artifact id: '12c21975dc74bf504cd7c97f3ab69439') in 0.031243917 seconds
Number of updated asset objects reloaded before import = 0Number of asset objects unloaded after import = 14

========================================================================
Received Import Request.
  Time since last request: 0.001549 seconds.
  path: Assets/_Unity Essentials/Models/Furniture/LaundryBasket_Round_BR001.fbx
  artifactKey: Guid(807ef6bb07e6d504cac11c20053a71fa) Importer(2089858483,192608db42251d675da83286b1cce702)
Start importing Assets/_Unity Essentials/Models/Furniture/LaundryBasket_Round_BR001.fbx using Guid(807ef6bb07e6d504cac11c20053a71fa) Importer(2089858483,192608db42251d675da83286b1cce702) (ScriptedImporter)[PhysX] Initialized MultithreadedTaskDispatcher with 4 workers.
 -> (artifact id: '1c340210d9ae8682e78010e6186d6538') in 0.067451458 seconds
Number of updated asset objects reloaded before import = 0Number of asset objects unloaded after import = 9

========================================================================
Received Import Request.
  Time since last request: 0.000147 seconds.
  path: Assets/_Unity Essentials/Models/Furniture/PlantPotMedium.FBX
  artifactKey: Guid(3e715039d0b44624bae1d7bc1137ae6c) Importer(2089858483,192608db42251d675da83286b1cce702)
Start importing Assets/_Unity Essentials/Models/Furniture/PlantPotMedium.FBX using Guid(3e715039d0b44624bae1d7bc1137ae6c) Importer(2089858483,192608db42251d675da83286b1cce702) (ScriptedImporter)[PhysX] Initialized MultithreadedTaskDispatcher with 4 workers.
 -> (artifact id: '73b94c85c15780603b5bce19f6eba265') in 0.046576833 seconds
Number of updated asset objects reloaded before import = 0Number of asset objects unloaded after import = 7

========================================================================
Received Import Request.
  Time since last request: 0.000088 seconds.
  path: Assets/_Unity Essentials/Models/Furniture/PlantSnakeLarge.FBX
  artifactKey: Guid(9d5cb14ab3a6a4a4da95fcf86af268da) Importer(2089858483,192608db42251d675da83286b1cce702)
Start importing Assets/_Unity Essentials/Models/Furniture/PlantSnakeLarge.FBX using Guid(9d5cb14ab3a6a4a4da95fcf86af268da) Importer(2089858483,192608db42251d675da83286b1cce702) (ScriptedImporter)[PhysX] Initialized MultithreadedTaskDispatcher with 4 workers.
 -> (artifact id: 'b3dea60ca593498ba2c2fafeaade051c') in 0.017319167 seconds
Number of updated asset objects reloaded before import = 0Number of asset objects unloaded after import = 7

========================================================================
Received Import Request.
  Time since last request: 0.000083 seconds.
  path: Assets/_Unity Essentials/Materials/Outdoor/Ball_Bouncy_StarterScene.physicMaterial
  artifactKey: Guid(9b70d62810275427cb0ed7afff82cba3) Importer(2089858483,192608db42251d675da83286b1cce702)
Start importing Assets/_Unity Essentials/Materials/Outdoor/Ball_Bouncy_StarterScene.physicMaterial using Guid(9b70d62810275427cb0ed7afff82cba3) Importer(2089858483,192608db42251d675da83286b1cce702) (ScriptedImporter)[PhysX] Initialized MultithreadedTaskDispatcher with 4 workers.
 -> (artifact id: '971a75f2302280b6fe3ec38082402c4d') in 0.006017792 seconds
Number of updated asset objects reloaded before import = 0Number of asset objects unloaded after import = 1

========================================================================
Received Import Request.
  Time since last request: 0.000198 seconds.
  path: Assets/_Unity Essentials/Models/Kitchen/StockPot_9.5in_KN001.fbx
  artifactKey: Guid(5942d15c10898574494466329b8eff0f) Importer(2089858483,192608db42251d675da83286b1cce702)
Start importing Assets/_Unity Essentials/Models/Kitchen/StockPot_9.5in_KN001.fbx using Guid(5942d15c10898574494466329b8eff0f) Importer(2089858483,192608db42251d675da83286b1cce702) (ScriptedImporter)[PhysX] Initialized MultithreadedTaskDispatcher with 4 workers.
 -> (artifact id: '87504c4ae68195002529c8cba661519a') in 0.0340215 seconds
Number of updated asset objects reloaded before import = 0Number of asset objects unloaded after import = 16

========================================================================
Received Import Request.
  Time since last request: 0.000112 seconds.
  path: Assets/_Unity Essentials/Models/Numbers/5.fbx
  artifactKey: Guid(c9dd7da1a507e4c07be822290a390e3e) Importer(2089858483,192608db42251d675da83286b1cce702)
Start importing Assets/_Unity Essentials/Models/Numbers/5.fbx using Guid(c9dd7da1a507e4c07be822290a390e3e) Importer(2089858483,192608db42251d675da83286b1cce702) (ScriptedImporter)[PhysX] Initialized MultithreadedTaskDispatcher with 4 workers.
 -> (artifact id: '0b49808d330f1e0a5037172c8a2f4f22') in 0.018914458 seconds
Number of updated asset objects reloaded before import = 0Number of asset objects unloaded after import = 7

========================================================================
Received Import Request.
  Time since last request: 0.000112 seconds.
  path: Assets/_Unity Essentials/Models/Numbers/0.fbx
  artifactKey: Guid(82c73e06590ea42938be301610c9e80a) Importer(2089858483,192608db42251d675da83286b1cce702)
Start importing Assets/_Unity Essentials/Models/Numbers/0.fbx using Guid(82c73e06590ea42938be301610c9e80a) Importer(2089858483,192608db42251d675da83286b1cce702) (ScriptedImporter)[PhysX] Initialized MultithreadedTaskDispatcher with 4 workers.
 -> (artifact id: '3e335b46260be93332e41309a1656c54') in 0.016678541 seconds
Number of updated asset objects reloaded before import = 0Number of asset objects unloaded after import = 7

========================================================================
Received Import Request.
  Time since last request: 0.000109 seconds.
  path: Assets/_Unity Essentials/Models/Numbers/6.fbx
  artifactKey: Guid(30153b2acb2ee47a7ba3a3458ace1213) Importer(2089858483,192608db42251d675da83286b1cce702)
Start importing Assets/_Unity Essentials/Models/Numbers/6.fbx using Guid(30153b2acb2ee47a7ba3a3458ace1213) Importer(2089858483,192608db42251d675da83286b1cce702) (ScriptedImporter)[PhysX] Initialized MultithreadedTaskDispatcher with 4 workers.
 -> (artifact id: 'dc3a3fd0d528237236f65eb1eb0d76e1') in 0.019555417 seconds
Number of updated asset objects reloaded before import = 0Number of asset objects unloaded after import = 7

========================================================================
Received Import Request.
  Time since last request: 0.000100 seconds.
  path: Assets/_Unity Essentials/Models/Kitchen/Knife_Block_14in_KN001.fbx
  artifactKey: Guid(06132f24a7ce5fa4696437722886342d) Importer(2089858483,192608db42251d675da83286b1cce702)
Start importing Assets/_Unity Essentials/Models/Kitchen/Knife_Block_14in_KN001.fbx using Guid(06132f24a7ce5fa4696437722886342d) Importer(2089858483,192608db42251d675da83286b1cce702) (ScriptedImporter)[PhysX] Initialized MultithreadedTaskDispatcher with 4 workers.
 -> (artifact id: '366dc219c526bd3fd5c697a388abfe13') in 0.04082625 seconds
Number of updated asset objects reloaded before import = 0Number of asset objects unloaded after import = 9

========================================================================
Received Import Request.
  Time since last request: 0.000104 seconds.
  path: Assets/_Unity Essentials/Models/Kitchen/Cooktop_30in_Gas_KN001.fbx
  artifactKey: Guid(2f5a69a445afdda449b9a0bddbbf3946) Importer(2089858483,192608db42251d675da83286b1cce702)
Start importing Assets/_Unity Essentials/Models/Kitchen/Cooktop_30in_Gas_KN001.fbx using Guid(2f5a69a445afdda449b9a0bddbbf3946) Importer(2089858483,192608db42251d675da83286b1cce702) (ScriptedImporter)[PhysX] Initialized MultithreadedTaskDispatcher with 4 workers.
 -> (artifact id: '6d77dbf6916f2ca1ae01bdb295b77f65') in 0.04191725 seconds
Number of updated asset objects reloaded before import = 0Number of asset objects unloaded after import = 19

========================================================================
Received Import Request.
  Time since last request: 0.000098 seconds.
  path: Assets/_Unity Essentials/Models/Furniture/TableRectangleShort.FBX
  artifactKey: Guid(1fa13df843e49b6489209c4a6f08aee2) Importer(2089858483,192608db42251d675da83286b1cce702)
Start importing Assets/_Unity Essentials/Models/Furniture/TableRectangleShort.FBX using Guid(1fa13df843e49b6489209c4a6f08aee2) Importer(2089858483,192608db42251d675da83286b1cce702) (ScriptedImporter)[PhysX] Initialized MultithreadedTaskDispatcher with 4 workers.
 -> (artifact id: 'ac5cbc38a606328f7c49dfa7277b6c03') in 0.019937083 seconds
Number of updated asset objects reloaded before import = 0Number of asset objects unloaded after import = 7

========================================================================
Received Import Request.
  Time since last request: 0.000091 seconds.
  path: Assets/_Unity Essentials/Audio/Sound FX/SFX_Wood_Knock.wav
  artifactKey: Guid(143bc7b7848154a78b7057d23ae85569) Importer(2089858483,192608db42251d675da83286b1cce702)
Start importing Assets/_Unity Essentials/Audio/Sound FX/SFX_Wood_Knock.wav using Guid(143bc7b7848154a78b7057d23ae85569) Importer(2089858483,192608db42251d675da83286b1cce702) (ScriptedImporter)[PhysX] Initialized MultithreadedTaskDispatcher with 4 workers.
 -> (artifact id: '896d2c2e31ef0018dfd46b8da4504e21') in 0.106143292 seconds
Number of updated asset objects reloaded before import = 0Number of asset objects unloaded after import = 1

========================================================================
Received Import Request.
  Time since last request: 0.000158 seconds.
  path: Assets/_Unity Essentials/Models/Objects/Houseplant_8.5in_LR001.fbx
  artifactKey: Guid(a211fc0c414ea6b40b93d2e449ec198a) Importer(2089858483,192608db42251d675da83286b1cce702)
Start importing Assets/_Unity Essentials/Models/Objects/Houseplant_8.5in_LR001.fbx using Guid(a211fc0c414ea6b40b93d2e449ec198a) Importer(2089858483,192608db42251d675da83286b1cce702) (ScriptedImporter)[PhysX] Initialized MultithreadedTaskDispatcher with 4 workers.
 -> (artifact id: 'e4146d1b138f831552cfd7293a5af8dd') in 0.021784125 seconds
Number of updated asset objects reloaded before import = 0Number of asset objects unloaded after import = 7

========================================================================
Received Import Request.
  Time since last request: 0.000092 seconds.
  path: Assets/_Unity Essentials/Models/Objects/Books.FBX
  artifactKey: Guid(f070b181d7aa14a48ba6da721ed534bf) Importer(2089858483,192608db42251d675da83286b1cce702)
Start importing Assets/_Unity Essentials/Models/Objects/Books.FBX using Guid(f070b181d7aa14a48ba6da721ed534bf) Importer(2089858483,192608db42251d675da83286b1cce702) (ScriptedImporter)[PhysX] Initialized MultithreadedTaskDispatcher with 4 workers.
 -> (artifact id: 'a3e839145b4baea9ff7aed934c97a14a') in 0.028535958 seconds
Number of updated asset objects reloaded before import = 0Number of asset objects unloaded after import = 25

========================================================================
Received Import Request.
  Time since last request: 0.000121 seconds.
  path: Assets/_Unity Essentials/Models/Objects/Speaker_Boombox.fbx
  artifactKey: Guid(b0befbd5b40c17d4c90a8db749239bb1) Importer(2089858483,192608db42251d675da83286b1cce702)
Start importing Assets/_Unity Essentials/Models/Objects/Speaker_Boombox.fbx using Guid(b0befbd5b40c17d4c90a8db749239bb1) Importer(2089858483,192608db42251d675da83286b1cce702) (ScriptedImporter)[PhysX] Initialized MultithreadedTaskDispatcher with 4 workers.
 -> (artifact id: '7e80019d1973c098e45a922f1be67c14') in 0.04007175 seconds
Number of updated asset objects reloaded before import = 0Number of asset objects unloaded after import = 13

========================================================================
Received Import Request.
  Time since last request: 0.000085 seconds.
  path: Assets/_Unity Essentials/Models/Numbers/7.fbx
  artifactKey: Guid(353911a9a504f4508b88d9f563cd5fe6) Importer(2089858483,192608db42251d675da83286b1cce702)
Start importing Assets/_Unity Essentials/Models/Numbers/7.fbx using Guid(353911a9a504f4508b88d9f563cd5fe6) Importer(2089858483,192608db42251d675da83286b1cce702) (ScriptedImporter)[PhysX] Initialized MultithreadedTaskDispatcher with 4 workers.
 -> (artifact id: 'a9f78c7a2d8c9ad9802cfde3e7dad837') in 0.017444458 seconds
Number of updated asset objects reloaded before import = 0Number of asset objects unloaded after import = 7

========================================================================
Received Import Request.
  Time since last request: 0.000077 seconds.
  path: Assets/_Unity Essentials/Models/Colllectibles/FishBones.FBX
  artifactKey: Guid(4de85cbfe0df16048915166f98d75fc2) Importer(2089858483,192608db42251d675da83286b1cce702)
Start importing Assets/_Unity Essentials/Models/Colllectibles/FishBones.FBX using Guid(4de85cbfe0df16048915166f98d75fc2) Importer(2089858483,192608db42251d675da83286b1cce702) (ScriptedImporter)[PhysX] Initialized MultithreadedTaskDispatcher with 4 workers.
 -> (artifact id: '4c35e4a47c54c1fe9aa9920b72b3c88c') in 0.021841458 seconds
Number of updated asset objects reloaded before import = 0Number of asset objects unloaded after import = 8

========================================================================
Received Import Request.
  Time since last request: 0.000087 seconds.
  path: Assets/_Unity Essentials/Fonts/Margarine-Regular SDF.asset
  artifactKey: Guid(0f7e00fc7a9c3473a9bddc92b3015715) Importer(2089858483,192608db42251d675da83286b1cce702)
Start importing Assets/_Unity Essentials/Fonts/Margarine-Regular SDF.asset using Guid(0f7e00fc7a9c3473a9bddc92b3015715) Importer(2089858483,192608db42251d675da83286b1cce702) (ScriptedImporter)[PhysX] Initialized MultithreadedTaskDispatcher with 4 workers.
 -> (artifact id: '03f9cc6756bb9684e5dc7296782d851a') in 0.037266833 seconds
Number of updated asset objects reloaded before import = 0Number of asset objects unloaded after import = 3

========================================================================
Received Import Request.
  Time since last request: 0.000070 seconds.
  path: Assets/_Unity Essentials/Models/Colllectibles/GemDiamond.FBX
  artifactKey: Guid(89567ba1b442a2447a4cce514785f6a3) Importer(2089858483,192608db42251d675da83286b1cce702)
Start importing Assets/_Unity Essentials/Models/Colllectibles/GemDiamond.FBX using Guid(89567ba1b442a2447a4cce514785f6a3) Importer(2089858483,192608db42251d675da83286b1cce702) (ScriptedImporter)[PhysX] Initialized MultithreadedTaskDispatcher with 4 workers.
 -> (artifact id: '7734e5c20fef4637df3eb761e831d668') in 0.028251458 seconds
Number of updated asset objects reloaded before import = 0Number of asset objects unloaded after import = 7

========================================================================
Received Import Request.
  Time since last request: 0.000075 seconds.
  path: Assets/_Unity Essentials/Materials/Outdoor/White_Grid.mat
  artifactKey: Guid(f1c497a8417c04192998f96adad7b643) Importer(2089858483,192608db42251d675da83286b1cce702)
Start importing Assets/_Unity Essentials/Materials/Outdoor/White_Grid.mat using Guid(f1c497a8417c04192998f96adad7b643) Importer(2089858483,192608db42251d675da83286b1cce702) (ScriptedImporter)[PhysX] Initialized MultithreadedTaskDispatcher with 4 workers.
 -> (artifact id: 'a4b638bb8256d61f1b6c7e29b042a8c1') in 0.013010625 seconds
Number of updated asset objects reloaded before import = 0Number of asset objects unloaded after import = 2

========================================================================
Received Import Request.
  Time since last request: 0.000077 seconds.
  path: Assets/_Unity Essentials/Models/Outdoor/Flagstone_3in_BY001.fbx
  artifactKey: Guid(b44e4c4723bdd124293c37ea721360f3) Importer(2089858483,192608db42251d675da83286b1cce702)
Start importing Assets/_Unity Essentials/Models/Outdoor/Flagstone_3in_BY001.fbx using Guid(b44e4c4723bdd124293c37ea721360f3) Importer(2089858483,192608db42251d675da83286b1cce702) (ScriptedImporter)[PhysX] Initialized MultithreadedTaskDispatcher with 4 workers.
 -> (artifact id: '634f206e13f3821b4c643a5e81cea660') in 0.022219042 seconds
Number of updated asset objects reloaded before import = 0Number of asset objects unloaded after import = 9

========================================================================
Received Import Request.
  Time since last request: 0.000094 seconds.
  path: Assets/_Unity Essentials/Models/Outdoor/PicnicTable_6ft_BY001.fbx
  artifactKey: Guid(ba7f9d04023bc204d82de37af1791b03) Importer(2089858483,192608db42251d675da83286b1cce702)
Start importing Assets/_Unity Essentials/Models/Outdoor/PicnicTable_6ft_BY001.fbx using Guid(ba7f9d04023bc204d82de37af1791b03) Importer(2089858483,192608db42251d675da83286b1cce702) (ScriptedImporter)[PhysX] Initialized MultithreadedTaskDispatcher with 4 workers.
 -> (artifact id: 'a52984c359668a6b51c98213331dee9c') in 0.026561666 seconds
Number of updated asset objects reloaded before import = 0Number of asset objects unloaded after import = 9

========================================================================
Received Import Request.
  Time since last request: 0.000125 seconds.
  path: Assets/_Unity Essentials/Models/Outdoor/Flagstone_3in_BY003.fbx
  artifactKey: Guid(ba76f59cd8a084c48acbd576b3540d73) Importer(2089858483,192608db42251d675da83286b1cce702)
Start importing Assets/_Unity Essentials/Models/Outdoor/Flagstone_3in_BY003.fbx using Guid(ba76f59cd8a084c48acbd576b3540d73) Importer(2089858483,192608db42251d675da83286b1cce702) (ScriptedImporter)[PhysX] Initialized MultithreadedTaskDispatcher with 4 workers.
 -> (artifact id: '545f3ac754a307d20b2fac883a92d7eb') in 0.038165375 seconds
Number of updated asset objects reloaded before import = 0Number of asset objects unloaded after import = 9

========================================================================
Received Import Request.
  Time since last request: 0.000109 seconds.
  path: Assets/_Unity Essentials/Models/Outdoor/FirePit_32in_BY001.fbx
  artifactKey: Guid(cf37dc6681418254d8a548f739cf87a7) Importer(2089858483,192608db42251d675da83286b1cce702)
Start importing Assets/_Unity Essentials/Models/Outdoor/FirePit_32in_BY001.fbx using Guid(cf37dc6681418254d8a548f739cf87a7) Importer(2089858483,192608db42251d675da83286b1cce702) (ScriptedImporter)[PhysX] Initialized MultithreadedTaskDispatcher with 4 workers.
 -> (artifact id: '97f4ed0613b250c85992ba98ff5d2aab') in 0.025691625 seconds
Number of updated asset objects reloaded before import = 0Number of asset objects unloaded after import = 9

========================================================================
Received Import Request.
  Time since last request: 0.000128 seconds.
  path: Assets/_Unity Essentials/Models/Outdoor/Tunnel_Mesh.fbx
  artifactKey: Guid(f712806514868e54699156ec05dcb749) Importer(2089858483,192608db42251d675da83286b1cce702)
Start importing Assets/_Unity Essentials/Models/Outdoor/Tunnel_Mesh.fbx using Guid(f712806514868e54699156ec05dcb749) Importer(2089858483,192608db42251d675da83286b1cce702) (ScriptedImporter)[PhysX] Initialized MultithreadedTaskDispatcher with 4 workers.
 -> (artifact id: '7d8667158a40d51be4d2d159d70fe0ac') in 0.023153625 seconds
Number of updated asset objects reloaded before import = 0Number of asset objects unloaded after import = 8

========================================================================
Received Import Request.
  Time since last request: 0.000133 seconds.
  path: Assets/_Unity Essentials/Models/Outdoor/Tangram_Model_Original.fbx
  artifactKey: Guid(4ce45c3fd402a624da4e2c1fc58dd71c) Importer(2089858483,192608db42251d675da83286b1cce702)
Start importing Assets/_Unity Essentials/Models/Outdoor/Tangram_Model_Original.fbx using Guid(4ce45c3fd402a624da4e2c1fc58dd71c) Importer(2089858483,192608db42251d675da83286b1cce702) (ScriptedImporter)[PhysX] Initialized MultithreadedTaskDispatcher with 4 workers.
 -> (artifact id: 'e4889c24199260e8bbf0ae653bacc13d') in 0.056477583 seconds
Number of updated asset objects reloaded before import = 0Number of asset objects unloaded after import = 41

========================================================================
Received Import Request.
  Time since last request: 0.000182 seconds.
  path: Assets/_Unity Essentials/Materials/Skyboxes/SkyBrightCloudy.mat
  artifactKey: Guid(ec46d2188d4b8774e847e75f1e12a8db) Importer(2089858483,192608db42251d675da83286b1cce702)
Start importing Assets/_Unity Essentials/Materials/Skyboxes/SkyBrightCloudy.mat using Guid(ec46d2188d4b8774e847e75f1e12a8db) Importer(2089858483,192608db42251d675da83286b1cce702) (ScriptedImporter)[PhysX] Initialized MultithreadedTaskDispatcher with 4 workers.
 -> (artifact id: '06ab8d5db27e8a66555b65fedc895670') in 0.041341125 seconds
Number of updated asset objects reloaded before import = 0Number of asset objects unloaded after import = 2

========================================================================
Received Import Request.
  Time since last request: 0.000131 seconds.
  path: Assets/_Unity Essentials/Models/Furniture/Bed_Twin_BR003.fbx
  artifactKey: Guid(f357067a2b30337458724f82b7cc9d3e) Importer(2089858483,192608db42251d675da83286b1cce702)
Start importing Assets/_Unity Essentials/Models/Furniture/Bed_Twin_BR003.fbx using Guid(f357067a2b30337458724f82b7cc9d3e) Importer(2089858483,192608db42251d675da83286b1cce702) (ScriptedImporter)[PhysX] Initialized MultithreadedTaskDispatcher with 4 workers.
 -> (artifact id: '547a4a103ce8216459099ad691928c2c') in 0.0257075 seconds
Number of updated asset objects reloaded before import = 0Number of asset objects unloaded after import = 14

========================================================================
Received Import Request.
  Time since last request: 0.000097 seconds.
  path: Assets/_Unity Essentials/Models/Walls/Wall3m.FBX
  artifactKey: Guid(63e6069ebe726454ab160677d1ad79ec) Importer(2089858483,192608db42251d675da83286b1cce702)
Start importing Assets/_Unity Essentials/Models/Walls/Wall3m.FBX using Guid(63e6069ebe726454ab160677d1ad79ec) Importer(2089858483,192608db42251d675da83286b1cce702) (ScriptedImporter)[PhysX] Initialized MultithreadedTaskDispatcher with 4 workers.
 -> (artifact id: '9912be25e3baaa1139e68bca7454c632') in 0.037366417 seconds
Number of updated asset objects reloaded before import = 0Number of asset objects unloaded after import = 15

========================================================================
Received Import Request.
  Time since last request: 0.000115 seconds.
  path: Assets/_Unity Essentials/Models/Walls/Wall1m.FBX
  artifactKey: Guid(fb137926826512b48b40c74b03f914ae) Importer(2089858483,192608db42251d675da83286b1cce702)
Start importing Assets/_Unity Essentials/Models/Walls/Wall1m.FBX using Guid(fb137926826512b48b40c74b03f914ae) Importer(2089858483,192608db42251d675da83286b1cce702) (ScriptedImporter)[PhysX] Initialized MultithreadedTaskDispatcher with 4 workers.
 -> (artifact id: 'f4fcb1e7470a04b69337a48a0471ebb8') in 0.026595333 seconds
Number of updated asset objects reloaded before import = 0Number of asset objects unloaded after import = 15

========================================================================
Received Import Request.
  Time since last request: 0.000120 seconds.
  path: Assets/_Unity Essentials/Models/Walls/WallDoor2m.FBX
  artifactKey: Guid(071cd515c6307f647b9b65b7a81a61e8) Importer(2089858483,192608db42251d675da83286b1cce702)
Start importing Assets/_Unity Essentials/Models/Walls/WallDoor2m.FBX using Guid(071cd515c6307f647b9b65b7a81a61e8) Importer(2089858483,192608db42251d675da83286b1cce702) (ScriptedImporter)[PhysX] Initialized MultithreadedTaskDispatcher with 4 workers.
 -> (artifact id: '404b7c416dd9454548ebfc48e69752d5') in 0.024283166 seconds
Number of updated asset objects reloaded before import = 0Number of asset objects unloaded after import = 15

========================================================================
Received Import Request.
  Time since last request: 0.000085 seconds.
  path: Assets/_Unity Essentials/Models/Walls/WallWindow2m.FBX
  artifactKey: Guid(33cfc142f7d1009429d61d0bc5be9fd1) Importer(2089858483,192608db42251d675da83286b1cce702)
Start importing Assets/_Unity Essentials/Models/Walls/WallWindow2m.FBX using Guid(33cfc142f7d1009429d61d0bc5be9fd1) Importer(2089858483,192608db42251d675da83286b1cce702) (ScriptedImporter)[PhysX] Initialized MultithreadedTaskDispatcher with 4 workers.
 -> (artifact id: '93c733018349042f71fde1b91bcfdab8') in 0.043653167 seconds
Number of updated asset objects reloaded before import = 0Number of asset objects unloaded after import = 25

========================================================================
Received Import Request.
  Time since last request: 0.000115 seconds.
  path: Assets/_Unity Essentials/Models/Walls/WallWindowBay4m.FBX
  artifactKey: Guid(fb1818858455d0642ae5a531b2f94afd) Importer(2089858483,192608db42251d675da83286b1cce702)
Start importing Assets/_Unity Essentials/Models/Walls/WallWindowBay4m.FBX using Guid(fb1818858455d0642ae5a531b2f94afd) Importer(2089858483,192608db42251d675da83286b1cce702) (ScriptedImporter)[PhysX] Initialized MultithreadedTaskDispatcher with 4 workers.
 -> (artifact id: 'f1b260dd76c4e2b399c5dddd1986df9a') in 0.032264666 seconds
Number of updated asset objects reloaded before import = 0Number of asset objects unloaded after import = 35

========================================================================
Received Import Request.
  Time since last request: 0.000113 seconds.
  path: Assets/_Unity Essentials/Models/Walls/WallWindow4mCurtain.FBX
  artifactKey: Guid(4ff10f1bd3a9db247a6b5338659a3817) Importer(2089858483,192608db42251d675da83286b1cce702)
Start importing Assets/_Unity Essentials/Models/Walls/WallWindow4mCurtain.FBX using Guid(4ff10f1bd3a9db247a6b5338659a3817) Importer(2089858483,192608db42251d675da83286b1cce702) (ScriptedImporter)[PhysX] Initialized MultithreadedTaskDispatcher with 4 workers.
 -> (artifact id: '941f92fb32eafa144adf4544e999f00f') in 0.027923125 seconds
Number of updated asset objects reloaded before import = 0Number of asset objects unloaded after import = 14

========================================================================
Received Import Request.
  Time since last request: 0.000108 seconds.
  path: Assets/Settings/Post Processing Profile.asset
  artifactKey: Guid(f966c51a705074a1e92fdf0cb2abfc0c) Importer(2089858483,192608db42251d675da83286b1cce702)
Start importing Assets/Settings/Post Processing Profile.asset using Guid(f966c51a705074a1e92fdf0cb2abfc0c) Importer(2089858483,192608db42251d675da83286b1cce702) (ScriptedImporter)[PhysX] Initialized MultithreadedTaskDispatcher with 4 workers.
 -> (artifact id: '34fb50604ba6dfd1fb9a219e741604ee') in 0.008011875 seconds
Number of updated asset objects reloaded before import = 0Number of asset objects unloaded after import = 1

========================================================================
Received Import Request.
  Time since last request: 0.000106 seconds.
  path: Assets/_Unity Essentials/Fonts/Bangers-Regular SDF.asset
  artifactKey: Guid(6c1c6bbefb65a4812b65a5e04b72f26a) Importer(2089858483,192608db42251d675da83286b1cce702)
Start importing Assets/_Unity Essentials/Fonts/Bangers-Regular SDF.asset using Guid(6c1c6bbefb65a4812b65a5e04b72f26a) Importer(2089858483,192608db42251d675da83286b1cce702) (ScriptedImporter)[PhysX] Initialized MultithreadedTaskDispatcher with 4 workers.
 -> (artifact id: 'cf022ffc4d631913042b472a1e07d2a8') in 0.046652792 seconds
Number of updated asset objects reloaded before import = 0Number of asset objects unloaded after import = 3

========================================================================
Received Import Request.
  Time since last request: 0.000089 seconds.
  path: Assets/_Unity Essentials/Prefabs/Bedroom/Bed_Full_BR004.prefab
  artifactKey: Guid(4e2c30afa96250d4d89a458b5f09c90c) Importer(2089858483,192608db42251d675da83286b1cce702)
Start importing Assets/_Unity Essentials/Prefabs/Bedroom/Bed_Full_BR004.prefab using Guid(4e2c30afa96250d4d89a458b5f09c90c) Importer(2089858483,192608db42251d675da83286b1cce702) (ScriptedImporter)[PhysX] Initialized MultithreadedTaskDispatcher with 4 workers.
 -> (artifact id: '04b78debf7ae58de0b1420d2e37a2bfd') in 0.021434084 seconds
Number of updated asset objects reloaded before import = 0Number of asset objects unloaded after import = 35

========================================================================
Received Import Request.
  Time since last request: 0.000107 seconds.
  path: Assets/_Unity Essentials/Prefabs/Bedroom/Bed_Twin_BR004.prefab
  artifactKey: Guid(d7c3fcf0ace46c4499f69e578053aea4) Importer(2089858483,192608db42251d675da83286b1cce702)
Start importing Assets/_Unity Essentials/Prefabs/Bedroom/Bed_Twin_BR004.prefab using Guid(d7c3fcf0ace46c4499f69e578053aea4) Importer(2089858483,192608db42251d675da83286b1cce702) (ScriptedImporter)[PhysX] Initialized MultithreadedTaskDispatcher with 4 workers.
 -> (artifact id: '5d492062a8db0cb323c148e34f7b0b46') in 0.010204041 seconds
Number of updated asset objects reloaded before import = 0Number of asset objects unloaded after import = 26

========================================================================
Received Import Request.
  Time since last request: 0.000101 seconds.
  path: Assets/_Unity Essentials/Prefabs/Bedroom/Bed_Full_BR001.prefab
  artifactKey: Guid(91cb57669e8d08e4788a4c6f53a1e41b) Importer(2089858483,192608db42251d675da83286b1cce702)
Start importing Assets/_Unity Essentials/Prefabs/Bedroom/Bed_Full_BR001.prefab using Guid(91cb57669e8d08e4788a4c6f53a1e41b) Importer(2089858483,192608db42251d675da83286b1cce702) (ScriptedImporter)[PhysX] Initialized MultithreadedTaskDispatcher with 4 workers.
 -> (artifact id: '6a83e81cc4ec209af0aa8934952e7fe1') in 0.008188583 seconds
Number of updated asset objects reloaded before import = 0Number of asset objects unloaded after import = 35

========================================================================
Received Import Request.
  Time since last request: 0.000070 seconds.
  path: Assets/_Unity Essentials/Prefabs/Bedroom/AlarmClock_BR001.prefab
  artifactKey: Guid(3e889a4ce8583a145b82242656326240) Importer(2089858483,192608db42251d675da83286b1cce702)
Start importing Assets/_Unity Essentials/Prefabs/Bedroom/AlarmClock_BR001.prefab using Guid(3e889a4ce8583a145b82242656326240) Importer(2089858483,192608db42251d675da83286b1cce702) (ScriptedImporter)[PhysX] Initialized MultithreadedTaskDispatcher with 4 workers.
 -> (artifact id: '4320ac038cab97fa9828f0b467806def') in 0.015773833 seconds
Number of updated asset objects reloaded before import = 0Number of asset objects unloaded after import = 16

========================================================================
Received Import Request.
  Time since last request: 0.000060 seconds.
  path: Assets/_Unity Essentials/Prefabs/Bedroom/Dresser_36in_BR001.prefab
  artifactKey: Guid(c885e5ffa20d0a24b991ffad0531f566) Importer(2089858483,192608db42251d675da83286b1cce702)
Start importing Assets/_Unity Essentials/Prefabs/Bedroom/Dresser_36in_BR001.prefab using Guid(c885e5ffa20d0a24b991ffad0531f566) Importer(2089858483,192608db42251d675da83286b1cce702) (ScriptedImporter)[PhysX] Initialized MultithreadedTaskDispatcher with 4 workers.
 -> (artifact id: '8a7ccf1433abd125b5c7beb3420849af') in 0.007726958 seconds
Number of updated asset objects reloaded before import = 0Number of asset objects unloaded after import = 28

========================================================================
Received Import Request.
  Time since last request: 0.000099 seconds.
  path: Assets/_Unity Essentials/Models/Walls/WallWindowBay4mCurtain.FBX
  artifactKey: Guid(42d01a673d17e624995eb1892ca9f067) Importer(2089858483,192608db42251d675da83286b1cce702)
Start importing Assets/_Unity Essentials/Models/Walls/WallWindowBay4mCurtain.FBX using Guid(42d01a673d17e624995eb1892ca9f067) Importer(2089858483,192608db42251d675da83286b1cce702) (ScriptedImporter)[PhysX] Initialized MultithreadedTaskDispatcher with 4 workers.
 -> (artifact id: 'b68f7781f0033da1ebaf9d45a09a2fac') in 0.032715416 seconds
Number of updated asset objects reloaded before import = 0Number of asset objects unloaded after import = 14

========================================================================
Received Import Request.
  Time since last request: 0.000152 seconds.
  path: Assets/_Unity Essentials/Models/Outdoor/Playset_Slide_BY001.fbx
  artifactKey: Guid(fa64b717e57ea054db02c9788e9144ff) Importer(2089858483,192608db42251d675da83286b1cce702)
Start importing Assets/_Unity Essentials/Models/Outdoor/Playset_Slide_BY001.fbx using Guid(fa64b717e57ea054db02c9788e9144ff) Importer(2089858483,192608db42251d675da83286b1cce702) (ScriptedImporter)[PhysX] Initialized MultithreadedTaskDispatcher with 4 workers.
 -> (artifact id: '2fd5967bfa7780ac9bb7a9cfa21496b3') in 0.023904292 seconds
Number of updated asset objects reloaded before import = 0Number of asset objects unloaded after import = 9

========================================================================
Received Import Request.
  Time since last request: 0.000077 seconds.
  path: Assets/_Unity Essentials/Models/Shapes/Arch.obj
  artifactKey: Guid(119470159409746c9bc4764193a3b4fc) Importer(2089858483,192608db42251d675da83286b1cce702)
Start importing Assets/_Unity Essentials/Models/Shapes/Arch.obj using Guid(119470159409746c9bc4764193a3b4fc) Importer(2089858483,192608db42251d675da83286b1cce702) (ScriptedImporter)[PhysX] Initialized MultithreadedTaskDispatcher with 4 workers.
 -> (artifact id: '30bbc3738f17ba7257b841289718f579') in 0.017429875 seconds
Number of updated asset objects reloaded before import = 0Number of asset objects unloaded after import = 10

========================================================================
Received Import Request.
  Time since last request: 0.000098 seconds.
  path: Assets/_Unity Essentials/Prefabs/Bedroom/RugDoorMat_Green.prefab
  artifactKey: Guid(00d62ec9ef1fe7a4b9a60fe6f8a43b44) Importer(2089858483,192608db42251d675da83286b1cce702)
Start importing Assets/_Unity Essentials/Prefabs/Bedroom/RugDoorMat_Green.prefab using Guid(00d62ec9ef1fe7a4b9a60fe6f8a43b44) Importer(2089858483,192608db42251d675da83286b1cce702) (ScriptedImporter)[PhysX] Initialized MultithreadedTaskDispatcher with 4 workers.
 -> (artifact id: '29def0345fcff6239f362138aa307f59') in 0.010844917 seconds
Number of updated asset objects reloaded before import = 0Number of asset objects unloaded after import = 7

========================================================================
Received Import Request.
  Time since last request: 0.000083 seconds.
  path: Assets/_Unity Essentials/Prefabs/Characters/Car_Taxi.prefab
  artifactKey: Guid(f4323bd36fd7a45dfa3d546c00ab7337) Importer(2089858483,192608db42251d675da83286b1cce702)
Start importing Assets/_Unity Essentials/Prefabs/Characters/Car_Taxi.prefab using Guid(f4323bd36fd7a45dfa3d546c00ab7337) Importer(2089858483,192608db42251d675da83286b1cce702) (ScriptedImporter)[PhysX] Initialized MultithreadedTaskDispatcher with 4 workers.
 -> (artifact id: '92244683b810bd2e5366c28e0cc253b8') in 0.045122583 seconds
Number of updated asset objects reloaded before import = 0Number of asset objects unloaded after import = 64

========================================================================
Received Import Request.
  Time since last request: 0.000091 seconds.
  path: Assets/_Unity Essentials/Prefabs/Bedroom/RugRectangleLarge_Purple.prefab
  artifactKey: Guid(0758d192278633543ad832e7ee2f264f) Importer(2089858483,192608db42251d675da83286b1cce702)
Start importing Assets/_Unity Essentials/Prefabs/Bedroom/RugRectangleLarge_Purple.prefab using Guid(0758d192278633543ad832e7ee2f264f) Importer(2089858483,192608db42251d675da83286b1cce702) (ScriptedImporter)[PhysX] Initialized MultithreadedTaskDispatcher with 4 workers.
 -> (artifact id: '0a2cfd10158babd0402a5c6c24844022') in 0.013964417 seconds
Number of updated asset objects reloaded before import = 0Number of asset objects unloaded after import = 7

========================================================================
Received Import Request.
  Time since last request: 0.000099 seconds.
  path: Assets/_Unity Essentials/Prefabs/Bedroom/RugDoorMat_Gray.prefab
  artifactKey: Guid(15667fbd8f34a4540833418bfa3c6594) Importer(2089858483,192608db42251d675da83286b1cce702)
Start importing Assets/_Unity Essentials/Prefabs/Bedroom/RugDoorMat_Gray.prefab using Guid(15667fbd8f34a4540833418bfa3c6594) Importer(2089858483,192608db42251d675da83286b1cce702) (ScriptedImporter)[PhysX] Initialized MultithreadedTaskDispatcher with 4 workers.
 -> (artifact id: 'fd4d05e78c90554bb196fd9f18e9090d') in 0.012475459 seconds
Number of updated asset objects reloaded before import = 0Number of asset objects unloaded after import = 7

========================================================================
Received Import Request.
  Time since last request: 0.000096 seconds.
  path: Assets/_Unity Essentials/Prefabs/Bedroom/LaundryBasket_Tall_BR001.prefab
  artifactKey: Guid(7aeedf6873950404999896add28add7b) Importer(2089858483,192608db42251d675da83286b1cce702)
Start importing Assets/_Unity Essentials/Prefabs/Bedroom/LaundryBasket_Tall_BR001.prefab using Guid(7aeedf6873950404999896add28add7b) Importer(2089858483,192608db42251d675da83286b1cce702) (ScriptedImporter)[PhysX] Initialized MultithreadedTaskDispatcher with 4 workers.
 -> (artifact id: '2a2abd79a4fb91ce7076f62cb13f36c1') in 0.017464959 seconds
Number of updated asset objects reloaded before import = 0Number of asset objects unloaded after import = 16

========================================================================
Received Import Request.
  Time since last request: 0.000068 seconds.
  path: Assets/_Unity Essentials/Prefabs/Bedroom/Nightstand_25in_BR001.prefab
  artifactKey: Guid(34ea7f5a6c96e9d45a40131eb1473a4b) Importer(2089858483,192608db42251d675da83286b1cce702)
Start importing Assets/_Unity Essentials/Prefabs/Bedroom/Nightstand_25in_BR001.prefab using Guid(34ea7f5a6c96e9d45a40131eb1473a4b) Importer(2089858483,192608db42251d675da83286b1cce702) (ScriptedImporter)[PhysX] Initialized MultithreadedTaskDispatcher with 4 workers.
 -> (artifact id: 'eaac46e201c36a933362414f4d5b0cd4') in 0.011881417 seconds
Number of updated asset objects reloaded before import = 0Number of asset objects unloaded after import = 13

========================================================================
Received Import Request.
  Time since last request: 0.000097 seconds.
  path: Assets/_Unity Essentials/Prefabs/Bedroom/Rocking Horse.prefab
  artifactKey: Guid(82de2a4708a484239bd9ea509daa56e4) Importer(2089858483,192608db42251d675da83286b1cce702)
Start importing Assets/_Unity Essentials/Prefabs/Bedroom/Rocking Horse.prefab using Guid(82de2a4708a484239bd9ea509daa56e4) Importer(2089858483,192608db42251d675da83286b1cce702) (ScriptedImporter)[PhysX] Initialized MultithreadedTaskDispatcher with 4 workers.
 -> (artifact id: '0396102a95a36b9d7299facad41e8bf0') in 0.01441675 seconds
Number of updated asset objects reloaded before import = 0Number of asset objects unloaded after import = 14

========================================================================
Received Import Request.
  Time since last request: 0.000122 seconds.
  path: Assets/TextMesh Pro/Shaders/SDFFunctions.hlsl
  artifactKey: Guid(96de908384869cd409c75efa351d5edf) Importer(2089858483,192608db42251d675da83286b1cce702)
Start importing Assets/TextMesh Pro/Shaders/SDFFunctions.hlsl using Guid(96de908384869cd409c75efa351d5edf) Importer(2089858483,192608db42251d675da83286b1cce702) (ScriptedImporter)[PhysX] Initialized MultithreadedTaskDispatcher with 4 workers.
 -> (artifact id: '0ecf071084240ad0415424b6979450bd') in 0.005486584 seconds
Number of updated asset objects reloaded before import = 0Number of asset objects unloaded after import = 1

========================================================================
Received Import Request.
  Time since last request: 0.000115 seconds.
  path: Assets/_Unity Essentials/Models/Kitchen/Island_67Wx36Dx36H_KN001a.fbx
  artifactKey: Guid(2a78819eb38897b4796ebfc5180ec13e) Importer(2089858483,192608db42251d675da83286b1cce702)
Start importing Assets/_Unity Essentials/Models/Kitchen/Island_67Wx36Dx36H_KN001a.fbx using Guid(2a78819eb38897b4796ebfc5180ec13e) Importer(2089858483,192608db42251d675da83286b1cce702) (ScriptedImporter)[PhysX] Initialized MultithreadedTaskDispatcher with 4 workers.
 -> (artifact id: '2d55447443ba0b81d44a9ae9e7a9a817') in 0.059632875 seconds
Number of updated asset objects reloaded before import = 0Number of asset objects unloaded after import = 93

========================================================================
Received Import Request.
  Time since last request: 0.000097 seconds.
  path: Assets/_Unity Essentials/Prefabs/Collectibles/Collectible_Star.prefab
  artifactKey: Guid(0188d362571e34eb3a9af2feb73521cf) Importer(2089858483,192608db42251d675da83286b1cce702)
Start importing Assets/_Unity Essentials/Prefabs/Collectibles/Collectible_Star.prefab using Guid(0188d362571e34eb3a9af2feb73521cf) Importer(2089858483,192608db42251d675da83286b1cce702) (ScriptedImporter)[PhysX] Initialized MultithreadedTaskDispatcher with 4 workers.
 -> (artifact id: '67916025ad1ba3ae23d3fc0b32f44db4') in 0.007861 seconds
Number of updated asset objects reloaded before import = 0Number of asset objects unloaded after import = 10

========================================================================
Received Import Request.
  Time since last request: 0.000096 seconds.
  path: Assets/_Unity Essentials/Prefabs/Collectibles/Collectible_Apple.prefab
  artifactKey: Guid(48a1621d709d547aba6166cd22b8d1a9) Importer(2089858483,192608db42251d675da83286b1cce702)
Start importing Assets/_Unity Essentials/Prefabs/Collectibles/Collectible_Apple.prefab using Guid(48a1621d709d547aba6166cd22b8d1a9) Importer(2089858483,192608db42251d675da83286b1cce702) (ScriptedImporter)[PhysX] Initialized MultithreadedTaskDispatcher with 4 workers.
 -> (artifact id: 'be0ba15c27ff2852a93f019f529afc2d') in 0.007944958 seconds
Number of updated asset objects reloaded before import = 0Number of asset objects unloaded after import = 15

========================================================================
Received Import Request.
  Time since last request: 0.000103 seconds.
  path: Assets/_Unity Essentials/Prefabs/Collectibles/Collectible_Money.prefab
  artifactKey: Guid(b4d5ca0fa8c7e40c2aced4500cba8627) Importer(2089858483,192608db42251d675da83286b1cce702)
Start importing Assets/_Unity Essentials/Prefabs/Collectibles/Collectible_Money.prefab using Guid(b4d5ca0fa8c7e40c2aced4500cba8627) Importer(2089858483,192608db42251d675da83286b1cce702) (ScriptedImporter)[PhysX] Initialized MultithreadedTaskDispatcher with 4 workers.
 -> (artifact id: 'ed668e2374c33f687bb797b15f996671') in 0.00902625 seconds
Number of updated asset objects reloaded before import = 0Number of asset objects unloaded after import = 10

========================================================================
Received Import Request.
  Time since last request: 0.000072 seconds.
  path: Assets/_Unity Essentials/Prefabs/Collectibles/Collectible_Key.prefab
  artifactKey: Guid(63dea1a3829974808ae5e8ab7ea957e9) Importer(2089858483,192608db42251d675da83286b1cce702)
Start importing Assets/_Unity Essentials/Prefabs/Collectibles/Collectible_Key.prefab using Guid(63dea1a3829974808ae5e8ab7ea957e9) Importer(2089858483,192608db42251d675da83286b1cce702) (ScriptedImporter)[PhysX] Initialized MultithreadedTaskDispatcher with 4 workers.
 -> (artifact id: '2b40ef9885979391c7c8252157b7894c') in 0.02468075 seconds
Number of updated asset objects reloaded before import = 0Number of asset objects unloaded after import = 8

========================================================================
Received Import Request.
  Time since last request: 0.000085 seconds.
  path: Assets/_Unity Essentials/Prefabs/Collectibles/Collectible_FishBones.prefab
  artifactKey: Guid(5ff8a3926043a4f9594b3270dc0282d2) Importer(2089858483,192608db42251d675da83286b1cce702)
Start importing Assets/_Unity Essentials/Prefabs/Collectibles/Collectible_FishBones.prefab using Guid(5ff8a3926043a4f9594b3270dc0282d2) Importer(2089858483,192608db42251d675da83286b1cce702) (ScriptedImporter)[PhysX] Initialized MultithreadedTaskDispatcher with 4 workers.
 -> (artifact id: 'f0b41b6fd80f13c8887be15d3eb7ca03') in 0.012322541 seconds
Number of updated asset objects reloaded before import = 0Number of asset objects unloaded after import = 8

========================================================================
Received Import Request.
  Time since last request: 0.000096 seconds.
  path: Assets/_Unity Essentials/Prefabs/Collectibles/Collectible_GemDiamond.prefab
  artifactKey: Guid(babe51b24254c461abf531b580e09b0e) Importer(2089858483,192608db42251d675da83286b1cce702)
Start importing Assets/_Unity Essentials/Prefabs/Collectibles/Collectible_GemDiamond.prefab using Guid(babe51b24254c461abf531b580e09b0e) Importer(2089858483,192608db42251d675da83286b1cce702) (ScriptedImporter)[PhysX] Initialized MultithreadedTaskDispatcher with 4 workers.
 -> (artifact id: '71eaa4f99ab083ecf652baaad5592c0c') in 0.012237959 seconds
Number of updated asset objects reloaded before import = 0Number of asset objects unloaded after import = 8

========================================================================
Received Import Request.
  Time since last request: 0.000094 seconds.
  path: Assets/_Unity Essentials/Prefabs/Characters/Train.prefab
  artifactKey: Guid(0070ddc6631cb4a5890eda2dcb952e80) Importer(2089858483,192608db42251d675da83286b1cce702)
Start importing Assets/_Unity Essentials/Prefabs/Characters/Train.prefab using Guid(0070ddc6631cb4a5890eda2dcb952e80) Importer(2089858483,192608db42251d675da83286b1cce702) (ScriptedImporter)[PhysX] Initialized MultithreadedTaskDispatcher with 4 workers.
 -> (artifact id: 'd11bf22694a5c98049a65dd40bccbfe5') in 0.015978375 seconds
Number of updated asset objects reloaded before import = 0Number of asset objects unloaded after import = 145

========================================================================
Received Import Request.
  Time since last request: 0.000107 seconds.
  path: Assets/_Unity Essentials/Prefabs/Collectibles/Collectible_Dirt.prefab
  artifactKey: Guid(877fcd5487314487a9c51961ddf0b8e8) Importer(2089858483,192608db42251d675da83286b1cce702)
Start importing Assets/_Unity Essentials/Prefabs/Collectibles/Collectible_Dirt.prefab using Guid(877fcd5487314487a9c51961ddf0b8e8) Importer(2089858483,192608db42251d675da83286b1cce702) (ScriptedImporter)[PhysX] Initialized MultithreadedTaskDispatcher with 4 workers.
 -> (artifact id: '7bf629422a37b096205bb3390aefdfe3') in 0.015654167 seconds
Number of updated asset objects reloaded before import = 0Number of asset objects unloaded after import = 7

========================================================================
Received Import Request.
  Time since last request: 0.000160 seconds.
  path: Assets/_Unity Essentials/Models/Furniture/SofaCusion.FBX
  artifactKey: Guid(adf017f7adaf78b49989e92ad9bb888a) Importer(2089858483,192608db42251d675da83286b1cce702)
Start importing Assets/_Unity Essentials/Models/Furniture/SofaCusion.FBX using Guid(adf017f7adaf78b49989e92ad9bb888a) Importer(2089858483,192608db42251d675da83286b1cce702) (ScriptedImporter)[PhysX] Initialized MultithreadedTaskDispatcher with 4 workers.
 -> (artifact id: '623a71d11ae7f7ca0db5b95292dca544') in 0.023307375 seconds
Number of updated asset objects reloaded before import = 0Number of asset objects unloaded after import = 8

========================================================================
Received Import Request.
  Time since last request: 0.000105 seconds.
  path: Assets/_Unity Essentials/Prefabs/Kitchen/Boiling_Pot.prefab
  artifactKey: Guid(162fd2a86dffb40c7a4ff6dc18d84822) Importer(2089858483,192608db42251d675da83286b1cce702)
Start importing Assets/_Unity Essentials/Prefabs/Kitchen/Boiling_Pot.prefab using Guid(162fd2a86dffb40c7a4ff6dc18d84822) Importer(2089858483,192608db42251d675da83286b1cce702) (ScriptedImporter)[PhysX] Initialized MultithreadedTaskDispatcher with 4 workers.
 -> (artifact id: '44c87b765376176745cd2e4e64f9e6cf') in 0.028008792 seconds
Number of updated asset objects reloaded before import = 0Number of asset objects unloaded after import = 21

========================================================================
Received Import Request.
  Time since last request: 0.000161 seconds.
  path: Assets/_Unity Essentials/Prefabs/Floor/Floor2m.prefab
  artifactKey: Guid(5666bfa8093f4924ba013107051783da) Importer(2089858483,192608db42251d675da83286b1cce702)
Start importing Assets/_Unity Essentials/Prefabs/Floor/Floor2m.prefab using Guid(5666bfa8093f4924ba013107051783da) Importer(2089858483,192608db42251d675da83286b1cce702) (ScriptedImporter)[PhysX] Initialized MultithreadedTaskDispatcher with 4 workers.
 -> (artifact id: '5e3970a3eda991a993bb9678db3c2dcd') in 0.027138875 seconds
Number of updated asset objects reloaded before import = 0Number of asset objects unloaded after import = 9

========================================================================
Received Import Request.
  Time since last request: 0.000081 seconds.
  path: Assets/_Unity Essentials/Models/Walls/WallCornerOuter.FBX
  artifactKey: Guid(fc4c98dc86b2e8a4e88fe1bf93f7361e) Importer(2089858483,192608db42251d675da83286b1cce702)
Start importing Assets/_Unity Essentials/Models/Walls/WallCornerOuter.FBX using Guid(fc4c98dc86b2e8a4e88fe1bf93f7361e) Importer(2089858483,192608db42251d675da83286b1cce702) (ScriptedImporter)[PhysX] Initialized MultithreadedTaskDispatcher with 4 workers.
 -> (artifact id: '036d09071e1d2ae99e133ff15eed62aa') in 0.023038708 seconds
Number of updated asset objects reloaded before import = 0Number of asset objects unloaded after import = 15

========================================================================
Received Import Request.
  Time since last request: 0.000083 seconds.
  path: Assets/_Unity Essentials/Prefabs/Kitchen/CabinetLower_Backsplash_30Wx24Dx36H_KN001a.prefab
  artifactKey: Guid(3d5ce01582948d14186b1eaa7295d7f3) Importer(2089858483,192608db42251d675da83286b1cce702)
Start importing Assets/_Unity Essentials/Prefabs/Kitchen/CabinetLower_Backsplash_30Wx24Dx36H_KN001a.prefab using Guid(3d5ce01582948d14186b1eaa7295d7f3) Importer(2089858483,192608db42251d675da83286b1cce702) (ScriptedImporter)[PhysX] Initialized MultithreadedTaskDispatcher with 4 workers.
 -> (artifact id: '68135c80bafdf73831c5f15759ffdfb2') in 0.013349583 seconds
Number of updated asset objects reloaded before import = 0Number of asset objects unloaded after import = 96

========================================================================
Received Import Request.
  Time since last request: 0.000066 seconds.
  path: Assets/_Unity Essentials/Prefabs/Collectibles/Collectible_Coin.prefab
  artifactKey: Guid(37c65fdc88e8e402eb7bf60bb0b9390a) Importer(2089858483,192608db42251d675da83286b1cce702)
Start importing Assets/_Unity Essentials/Prefabs/Collectibles/Collectible_Coin.prefab using Guid(37c65fdc88e8e402eb7bf60bb0b9390a) Importer(2089858483,192608db42251d675da83286b1cce702) (ScriptedImporter)[PhysX] Initialized MultithreadedTaskDispatcher with 4 workers.
 -> (artifact id: 'ab8244fcb07dacfe38574f22b0a620ab') in 0.006563708 seconds
Number of updated asset objects reloaded before import = 0Number of asset objects unloaded after import = 10

========================================================================
Received Import Request.
  Time since last request: 0.000054 seconds.
  path: Assets/TextMesh Pro/Shaders/TMP_SDF-URP Unlit.shadergraph
  artifactKey: Guid(124c112a6e8f1a54e8b0870e881b56d8) Importer(2089858483,192608db42251d675da83286b1cce702)
Start importing Assets/TextMesh Pro/Shaders/TMP_SDF-URP Unlit.shadergraph using Guid(124c112a6e8f1a54e8b0870e881b56d8) Importer(2089858483,192608db42251d675da83286b1cce702) (ScriptedImporter)[PhysX] Initialized MultithreadedTaskDispatcher with 4 workers.
 -> (artifact id: '2bef85e763bdf6d99fbcf29d7432e20d') in 0.355006375 seconds
Number of updated asset objects reloaded before import = 0Number of asset objects unloaded after import = 4

========================================================================
Received Import Request.
  Time since last request: 0.000091 seconds.
  path: Assets/_Unity Essentials/Models/Shapes/Stair.obj
  artifactKey: Guid(ed1294c0a1cfc49c4a2d3469bda3c1d2) Importer(2089858483,192608db42251d675da83286b1cce702)
Start importing Assets/_Unity Essentials/Models/Shapes/Stair.obj using Guid(ed1294c0a1cfc49c4a2d3469bda3c1d2) Importer(2089858483,192608db42251d675da83286b1cce702) (ScriptedImporter)[PhysX] Initialized MultithreadedTaskDispatcher with 4 workers.
 -> (artifact id: '709d4042664839ba1c14bb5db32737bb') in 0.02232875 seconds
Number of updated asset objects reloaded before import = 0Number of asset objects unloaded after import = 10

========================================================================
Received Import Request.
  Time since last request: 0.000067 seconds.
  path: Assets/_Unity Essentials/Models/Kitchen/CabinetLower_Backsplash_30Wx24Dx36H_Sink_KN001a.fbx
  artifactKey: Guid(0e0887c6cc8422845ab8846edecc8012) Importer(2089858483,192608db42251d675da83286b1cce702)
Start importing Assets/_Unity Essentials/Models/Kitchen/CabinetLower_Backsplash_30Wx24Dx36H_Sink_KN001a.fbx using Guid(0e0887c6cc8422845ab8846edecc8012) Importer(2089858483,192608db42251d675da83286b1cce702) (ScriptedImporter)[PhysX] Initialized MultithreadedTaskDispatcher with 4 workers.
 -> (artifact id: 'd3759a25eb225241549ab99ebf4cdf85') in 0.023643333 seconds
Number of updated asset objects reloaded before import = 0Number of asset objects unloaded after import = 33

========================================================================
Received Import Request.
  Time since last request: 0.000073 seconds.
  path: Assets/_Unity Essentials/Fonts/Inter-Regular-slnt=0 SDF.asset
  artifactKey: Guid(c8ac1ed6123904112adeaf50e63c4731) Importer(2089858483,192608db42251d675da83286b1cce702)
Start importing Assets/_Unity Essentials/Fonts/Inter-Regular-slnt=0 SDF.asset using Guid(c8ac1ed6123904112adeaf50e63c4731) Importer(2089858483,192608db42251d675da83286b1cce702) (ScriptedImporter)[PhysX] Initialized MultithreadedTaskDispatcher with 4 workers.
 -> (artifact id: 'afa370879dc461f1aed8b0b8b86bef08') in 0.033894833 seconds
Number of updated asset objects reloaded before import = 0Number of asset objects unloaded after import = 3

========================================================================
Received Import Request.
  Time since last request: 0.000059 seconds.
  path: Assets/_Unity Essentials/Models/Outdoor/Stairs_650_400_300_Mesh.fbx
  artifactKey: Guid(7e0223e1d3e1733499accfa5ebffb67e) Importer(2089858483,192608db42251d675da83286b1cce702)
Start importing Assets/_Unity Essentials/Models/Outdoor/Stairs_650_400_300_Mesh.fbx using Guid(7e0223e1d3e1733499accfa5ebffb67e) Importer(2089858483,192608db42251d675da83286b1cce702) (ScriptedImporter)[PhysX] Initialized MultithreadedTaskDispatcher with 4 workers.
 -> (artifact id: '6c218cd140ab3433d6a10b91d99655c2') in 0.017439125 seconds
Number of updated asset objects reloaded before import = 0Number of asset objects unloaded after import = 16

========================================================================
Received Import Request.
  Time since last request: 0.000069 seconds.
  path: Assets/_Unity Essentials/Fonts/Raleway-Regular SDF.asset
  artifactKey: Guid(df0e6514bf69f41d6a0e9d1dbdf21c4d) Importer(2089858483,192608db42251d675da83286b1cce702)
Start importing Assets/_Unity Essentials/Fonts/Raleway-Regular SDF.asset using Guid(df0e6514bf69f41d6a0e9d1dbdf21c4d) Importer(2089858483,192608db42251d675da83286b1cce702) (ScriptedImporter)[PhysX] Initialized MultithreadedTaskDispatcher with 4 workers.
 -> (artifact id: 'bf5d18cac661ca03e30ef2115c5ed9e8') in 0.026240333 seconds
Number of updated asset objects reloaded before import = 0Number of asset objects unloaded after import = 3

========================================================================
Received Import Request.
  Time since last request: 0.000060 seconds.
  path: Assets/_Unity Essentials/Materials/Outdoor/OutdoorLines_Mat.mat
  artifactKey: Guid(1fc99d4e943004536976b18e1884628b) Importer(2089858483,192608db42251d675da83286b1cce702)
Start importing Assets/_Unity Essentials/Materials/Outdoor/OutdoorLines_Mat.mat using Guid(1fc99d4e943004536976b18e1884628b) Importer(2089858483,192608db42251d675da83286b1cce702) (ScriptedImporter)[PhysX] Initialized MultithreadedTaskDispatcher with 4 workers.
 -> (artifact id: 'f369601b78fbb4b59ccfc8e499774e34') in 0.005391 seconds
Number of updated asset objects reloaded before import = 0Number of asset objects unloaded after import = 1

========================================================================
Received Import Request.
  Time since last request: 0.000066 seconds.
  path: Assets/_Unity Essentials/Prefabs/Kitchen/Knife_Block_14in_KN001.prefab
  artifactKey: Guid(304be88800849b745b500084634ad18f) Importer(2089858483,192608db42251d675da83286b1cce702)
Start importing Assets/_Unity Essentials/Prefabs/Kitchen/Knife_Block_14in_KN001.prefab using Guid(304be88800849b745b500084634ad18f) Importer(2089858483,192608db42251d675da83286b1cce702) (ScriptedImporter)[PhysX] Initialized MultithreadedTaskDispatcher with 4 workers.
 -> (artifact id: '5a76e2c34438ece1dbff1ad4b17b10a5') in 0.020155625 seconds
Number of updated asset objects reloaded before import = 0Number of asset objects unloaded after import = 16

========================================================================
Received Import Request.
  Time since last request: 0.000048 seconds.
  path: Assets/_Unity Essentials/Models/Furniture/ShelvesMediumA.FBX
  artifactKey: Guid(7ddb456e42c1fa841ab76a1dd2cee198) Importer(2089858483,192608db42251d675da83286b1cce702)
Start importing Assets/_Unity Essentials/Models/Furniture/ShelvesMediumA.FBX using Guid(7ddb456e42c1fa841ab76a1dd2cee198) Importer(2089858483,192608db42251d675da83286b1cce702) (ScriptedImporter)[PhysX] Initialized MultithreadedTaskDispatcher with 4 workers.
 -> (artifact id: '8a8459a5ca0678a1307d7501ecad960e') in 0.013222375 seconds
Number of updated asset objects reloaded before import = 0Number of asset objects unloaded after import = 7

========================================================================
Received Import Request.
  Time since last request: 0.000067 seconds.
  path: Assets/_Unity Essentials/Scenes/3_Kitchen_Audio_Scene.unity
  artifactKey: Guid(6ddeb5bb8dda34b6183a30b9409cd6a9) Importer(2089858483,192608db42251d675da83286b1cce702)
Start importing Assets/_Unity Essentials/Scenes/3_Kitchen_Audio_Scene.unity using Guid(6ddeb5bb8dda34b6183a30b9409cd6a9) Importer(2089858483,192608db42251d675da83286b1cce702) (ScriptedImporter)[PhysX] Initialized MultithreadedTaskDispatcher with 4 workers.
 -> (artifact id: 'b1af30228af6d827193cf016b8a6c283') in 0.008230916 seconds
Number of updated asset objects reloaded before import = 0Number of asset objects unloaded after import = 1

========================================================================
Received Import Request.
  Time since last request: 0.000111 seconds.
  path: Assets/TextMesh Pro/Shaders/TMP_SDF-HDRP UNLIT.shadergraph
  artifactKey: Guid(f63d574838ccfb44f84acc05fed0af48) Importer(2089858483,192608db42251d675da83286b1cce702)
Start importing Assets/TextMesh Pro/Shaders/TMP_SDF-HDRP UNLIT.shadergraph using Guid(f63d574838ccfb44f84acc05fed0af48) Importer(2089858483,192608db42251d675da83286b1cce702) (ScriptedImporter)[PhysX] Initialized MultithreadedTaskDispatcher with 4 workers.
 -> (artifact id: '72514136a252d492b9e9575a7c71f5b5') in 0.013749083 seconds
Number of updated asset objects reloaded before import = 0Number of asset objects unloaded after import = 3

========================================================================
Received Import Request.
  Time since last request: 0.000052 seconds.
  path: Assets/_Unity Essentials/Materials/Outdoor/Cream.mat
  artifactKey: Guid(3f6142e08336f4e46811b4f657bc9b94) Importer(2089858483,192608db42251d675da83286b1cce702)
Start importing Assets/_Unity Essentials/Materials/Outdoor/Cream.mat using Guid(3f6142e08336f4e46811b4f657bc9b94) Importer(2089858483,192608db42251d675da83286b1cce702) (ScriptedImporter)[PhysX] Initialized MultithreadedTaskDispatcher with 4 workers.
 -> (artifact id: '896d35f454f814010646c5c28c17429b') in 0.005378 seconds
Number of updated asset objects reloaded before import = 0Number of asset objects unloaded after import = 1

========================================================================
Received Import Request.
  Time since last request: 0.000062 seconds.
  path: Assets/_Unity Essentials/Materials/Skyboxes/SkyOvercast.mat
  artifactKey: Guid(a585bfed9d2694eb4a3f794ef09e379c) Importer(2089858483,192608db42251d675da83286b1cce702)
Start importing Assets/_Unity Essentials/Materials/Skyboxes/SkyOvercast.mat using Guid(a585bfed9d2694eb4a3f794ef09e379c) Importer(2089858483,192608db42251d675da83286b1cce702) (ScriptedImporter)[PhysX] Initialized MultithreadedTaskDispatcher with 4 workers.
 -> (artifact id: '5c4130ac742fffc29a6567f2bd98f83a') in 0.041651417 seconds
Number of updated asset objects reloaded before import = 0Number of asset objects unloaded after import = 2

========================================================================
Received Import Request.
  Time since last request: 0.000071 seconds.
  path: Assets/_Unity Essentials/Prefabs/Kitchen/Island_67Wx36Dx36H_KN001a.prefab
  artifactKey: Guid(204a540382af5ee41aae9ac501f297f0) Importer(2089858483,192608db42251d675da83286b1cce702)
Start importing Assets/_Unity Essentials/Prefabs/Kitchen/Island_67Wx36Dx36H_KN001a.prefab using Guid(204a540382af5ee41aae9ac501f297f0) Importer(2089858483,192608db42251d675da83286b1cce702) (ScriptedImporter)[PhysX] Initialized MultithreadedTaskDispatcher with 4 workers.
 -> (artifact id: '2290ff1e9d54f6d1c134333c81a260b2') in 0.0139415 seconds
Number of updated asset objects reloaded before import = 0Number of asset objects unloaded after import = 168

========================================================================
Received Import Request.
  Time since last request: 0.000082 seconds.
  path: Assets/_Unity Essentials/Prefabs/Kitchen/ShotGlass_KN001.prefab
  artifactKey: Guid(0967c904231adf440ba0ce3d148e8cb2) Importer(2089858483,192608db42251d675da83286b1cce702)
Start importing Assets/_Unity Essentials/Prefabs/Kitchen/ShotGlass_KN001.prefab using Guid(0967c904231adf440ba0ce3d148e8cb2) Importer(2089858483,192608db42251d675da83286b1cce702) (ScriptedImporter)[PhysX] Initialized MultithreadedTaskDispatcher with 4 workers.
 -> (artifact id: '357546e6219f2922c30b8ebe84149a80') in 0.01063175 seconds
Number of updated asset objects reloaded before import = 0Number of asset objects unloaded after import = 16

========================================================================
Received Import Request.
  Time since last request: 0.000063 seconds.
  path: Assets/_Unity Essentials/Audio/Music/Music_Upbeat.ogg
  artifactKey: Guid(964179ad1473c33418a6941ba60850a2) Importer(2089858483,192608db42251d675da83286b1cce702)
Start importing Assets/_Unity Essentials/Audio/Music/Music_Upbeat.ogg using Guid(964179ad1473c33418a6941ba60850a2) Importer(2089858483,192608db42251d675da83286b1cce702) (ScriptedImporter)[PhysX] Initialized MultithreadedTaskDispatcher with 4 workers.
 -> (artifact id: '6a99a4b65901428cf5c2fb298d502d24') in 0.028623292 seconds
Number of updated asset objects reloaded before import = 0Number of asset objects unloaded after import = 1

========================================================================
Received Import Request.
  Time since last request: 0.000074 seconds.
  path: Assets/_Unity Essentials/Models/Kitchen/CabinetLower_Backsplash_30Wx24Dx36H_KN002a.fbx
  artifactKey: Guid(2012b71c22f1262429a544038f981eb2) Importer(2089858483,192608db42251d675da83286b1cce702)
Start importing Assets/_Unity Essentials/Models/Kitchen/CabinetLower_Backsplash_30Wx24Dx36H_KN002a.fbx using Guid(2012b71c22f1262429a544038f981eb2) Importer(2089858483,192608db42251d675da83286b1cce702) (ScriptedImporter)[PhysX] Initialized MultithreadedTaskDispatcher with 4 workers.
 -> (artifact id: '1436be59cdec943b0054b6d91b3f2100') in 0.033644708 seconds
Number of updated asset objects reloaded before import = 0Number of asset objects unloaded after import = 53

========================================================================
Received Import Request.
  Time since last request: 0.000059 seconds.
  path: Assets/_Unity Essentials/Prefabs/Floor/Floor4m _Wood.prefab
  artifactKey: Guid(fc96b1e4bef3848afafed6bab0b61e77) Importer(2089858483,192608db42251d675da83286b1cce702)
Start importing Assets/_Unity Essentials/Prefabs/Floor/Floor4m _Wood.prefab using Guid(fc96b1e4bef3848afafed6bab0b61e77) Importer(2089858483,192608db42251d675da83286b1cce702) (ScriptedImporter)[PhysX] Initialized MultithreadedTaskDispatcher with 4 workers.
 -> (artifact id: 'ea7f7481356f4530aaabc82194e55c44') in 0.00886 seconds
Number of updated asset objects reloaded before import = 0Number of asset objects unloaded after import = 9

========================================================================
Received Import Request.
  Time since last request: 0.000055 seconds.
  path: Assets/_Unity Essentials/Prefabs/Kitchen/Refrigerator_30Wx26.5Dx70H_KN002.prefab
  artifactKey: Guid(cea1825746ddfd249bfb796f775a741a) Importer(2089858483,192608db42251d675da83286b1cce702)
Start importing Assets/_Unity Essentials/Prefabs/Kitchen/Refrigerator_30Wx26.5Dx70H_KN002.prefab using Guid(cea1825746ddfd249bfb796f775a741a) Importer(2089858483,192608db42251d675da83286b1cce702) (ScriptedImporter)[PhysX] Initialized MultithreadedTaskDispatcher with 4 workers.
 -> (artifact id: '86efba55a03761e7383867ffe67eae0a') in 0.010133583 seconds
Number of updated asset objects reloaded before import = 0Number of asset objects unloaded after import = 16

========================================================================
Received Import Request.
  Time since last request: 0.000056 seconds.
  path: Assets/TextMesh Pro/Resources/Sprite Assets/MixedIndexTest.asset
  artifactKey: Guid(8a731a09451cba54096a9002cd9b9be5) Importer(2089858483,192608db42251d675da83286b1cce702)
Start importing Assets/TextMesh Pro/Resources/Sprite Assets/MixedIndexTest.asset using Guid(8a731a09451cba54096a9002cd9b9be5) Importer(2089858483,192608db42251d675da83286b1cce702) (ScriptedImporter)[PhysX] Initialized MultithreadedTaskDispatcher with 4 workers.
 -> (artifact id: 'c78c53ca6789426d1535beeddfcb08f9') in 0.044540833 seconds
Number of updated asset objects reloaded before import = 0Number of asset objects unloaded after import = 208

========================================================================
Received Import Request.
  Time since last request: 0.000061 seconds.
  path: Assets/TextMesh Pro/Resources/Sprite Assets/InlineIcons.png
  artifactKey: Guid(215687feeab0b7445b4a1cd86c82c2e1) Importer(2089858483,192608db42251d675da83286b1cce702)
Start importing Assets/TextMesh Pro/Resources/Sprite Assets/InlineIcons.png using Guid(215687feeab0b7445b4a1cd86c82c2e1) Importer(2089858483,192608db42251d675da83286b1cce702) (ScriptedImporter)[PhysX] Initialized MultithreadedTaskDispatcher with 4 workers.
 -> (artifact id: '3fa57d2e6a14481a1a0848f8fb48cb58') in 0.639040833 seconds
Number of updated asset objects reloaded before import = 0Number of asset objects unloaded after import = 207

========================================================================
Received Import Request.
  Time since last request: 0.000076 seconds.
  path: Assets/_Unity Essentials/Models/Floor/Floor4m.FBX
  artifactKey: Guid(371d29a895706ad4daa08920a2544d87) Importer(2089858483,192608db42251d675da83286b1cce702)
Start importing Assets/_Unity Essentials/Models/Floor/Floor4m.FBX using Guid(371d29a895706ad4daa08920a2544d87) Importer(2089858483,192608db42251d675da83286b1cce702) (ScriptedImporter)[PhysX] Initialized MultithreadedTaskDispatcher with 4 workers.
 -> (artifact id: 'bd2cdd2446870f09b84f77ef3bb358b6') in 0.013526667 seconds
Number of updated asset objects reloaded before import = 0Number of asset objects unloaded after import = 7

========================================================================
Received Import Request.
  Time since last request: 0.000054 seconds.
  path: Assets/_Unity Essentials/Models/Outdoor/Flagstone_3in_BY004.fbx
  artifactKey: Guid(cc3141e0ca62ca64f8f9e80feca0cc55) Importer(2089858483,192608db42251d675da83286b1cce702)
Start importing Assets/_Unity Essentials/Models/Outdoor/Flagstone_3in_BY004.fbx using Guid(cc3141e0ca62ca64f8f9e80feca0cc55) Importer(2089858483,192608db42251d675da83286b1cce702) (ScriptedImporter)[PhysX] Initialized MultithreadedTaskDispatcher with 4 workers.
 -> (artifact id: '586325e854f4e86c03d7f395d4f871ce') in 0.026198541 seconds
Number of updated asset objects reloaded before import = 0Number of asset objects unloaded after import = 9

========================================================================
Received Import Request.
  Time since last request: 0.000061 seconds.
  path: Assets/_Unity Essentials/Prefabs/Bedroom/Dresser_55in_BR001.prefab
  artifactKey: Guid(4e59ffe67e168564eb989e989adde9b5) Importer(2089858483,192608db42251d675da83286b1cce702)
Start importing Assets/_Unity Essentials/Prefabs/Bedroom/Dresser_55in_BR001.prefab using Guid(4e59ffe67e168564eb989e989adde9b5) Importer(2089858483,192608db42251d675da83286b1cce702) (ScriptedImporter)[PhysX] Initialized MultithreadedTaskDispatcher with 4 workers.
 -> (artifact id: '69b77addde2f30d2c8c57e44888f7f4f') in 0.009745209 seconds
Number of updated asset objects reloaded before import = 0Number of asset objects unloaded after import = 14

========================================================================
Received Import Request.
  Time since last request: 0.000055 seconds.
  path: Assets/_Unity Essentials/Models/Furniture/Barstool_29in_KN001.fbx
  artifactKey: Guid(bbc9c39f7f90fac4489992307a423853) Importer(2089858483,192608db42251d675da83286b1cce702)
Start importing Assets/_Unity Essentials/Models/Furniture/Barstool_29in_KN001.fbx using Guid(bbc9c39f7f90fac4489992307a423853) Importer(2089858483,192608db42251d675da83286b1cce702) (ScriptedImporter)[PhysX] Initialized MultithreadedTaskDispatcher with 4 workers.
 -> (artifact id: '25086f0b96c8f64a7e095500201b4916') in 0.016482459 seconds
Number of updated asset objects reloaded before import = 0Number of asset objects unloaded after import = 9

========================================================================
Received Import Request.
  Time since last request: 0.000052 seconds.
  path: Assets/TextMesh Pro/Shaders/TMP_SDF-Mobile Masking.shader
  artifactKey: Guid(bc1ede39bf3643ee8e493720e4259791) Importer(2089858483,192608db42251d675da83286b1cce702)
Start importing Assets/TextMesh Pro/Shaders/TMP_SDF-Mobile Masking.shader using Guid(bc1ede39bf3643ee8e493720e4259791) Importer(2089858483,192608db42251d675da83286b1cce702) (ScriptedImporter)[PhysX] Initialized MultithreadedTaskDispatcher with 4 workers.
 -> (artifact id: '358021e9c5af7ba7272fa4ea25d51a32') in 0.005867 seconds
Number of updated asset objects reloaded before import = 0Number of asset objects unloaded after import = 1

========================================================================
Received Import Request.
  Time since last request: 0.000069 seconds.
  path: Assets/_Unity Essentials/Audio/Sound FX/Fridge_Hum.wav
  artifactKey: Guid(6a2821146a2d54af2ad64ab60a857399) Importer(2089858483,192608db42251d675da83286b1cce702)
Start importing Assets/_Unity Essentials/Audio/Sound FX/Fridge_Hum.wav using Guid(6a2821146a2d54af2ad64ab60a857399) Importer(2089858483,192608db42251d675da83286b1cce702) (ScriptedImporter)[PhysX] Initialized MultithreadedTaskDispatcher with 4 workers.
 -> (artifact id: '9e25eb2b4dac1a9d169d820105a821b6') in 0.029144417 seconds
Number of updated asset objects reloaded before import = 0Number of asset objects unloaded after import = 1

========================================================================
Received Import Request.
  Time since last request: 0.000075 seconds.
  path: Assets/_Unity Essentials/Materials/Outdoor/Cyan_Slide.mat
  artifactKey: Guid(e342d28dceeb8f64586e3eec6e630ad5) Importer(2089858483,192608db42251d675da83286b1cce702)
Start importing Assets/_Unity Essentials/Materials/Outdoor/Cyan_Slide.mat using Guid(e342d28dceeb8f64586e3eec6e630ad5) Importer(2089858483,192608db42251d675da83286b1cce702) (ScriptedImporter)[PhysX] Initialized MultithreadedTaskDispatcher with 4 workers.
 -> (artifact id: 'b6f8d0c81ab641e91e5771d106e859af') in 0.019809667 seconds
Number of updated asset objects reloaded before import = 0Number of asset objects unloaded after import = 3

========================================================================
Received Import Request.
  Time since last request: 0.000056 seconds.
  path: Assets/TextMesh Pro/Sprites/EmojiOne Attribution.txt
  artifactKey: Guid(381dcb09d5029d14897e55f98031fca5) Importer(2089858483,192608db42251d675da83286b1cce702)
Start importing Assets/TextMesh Pro/Sprites/EmojiOne Attribution.txt using Guid(381dcb09d5029d14897e55f98031fca5) Importer(2089858483,192608db42251d675da83286b1cce702) (ScriptedImporter)[PhysX] Initialized MultithreadedTaskDispatcher with 4 workers.
 -> (artifact id: 'cab5cadf08d1cbcf8c6ba852d33fefac') in 0.003940542 seconds
Number of updated asset objects reloaded before import = 0Number of asset objects unloaded after import = 1

========================================================================
Received Import Request.
  Time since last request: 0.000080 seconds.
  path: Assets/_Unity Essentials/Fonts/ZCOOLKuaiLe-Regular SDF.asset
  artifactKey: Guid(00b35f3dfd3de4ff28801181587d280e) Importer(2089858483,192608db42251d675da83286b1cce702)
Start importing Assets/_Unity Essentials/Fonts/ZCOOLKuaiLe-Regular SDF.asset using Guid(00b35f3dfd3de4ff28801181587d280e) Importer(2089858483,192608db42251d675da83286b1cce702) (ScriptedImporter)[PhysX] Initialized MultithreadedTaskDispatcher with 4 workers.
 -> (artifact id: '4fdd155c25f21613abc8649362be36d9') in 0.026562709 seconds
Number of updated asset objects reloaded before import = 0Number of asset objects unloaded after import = 3

========================================================================
Received Import Request.
  Time since last request: 0.000065 seconds.
  path: Assets/_Unity Essentials/Materials/Outdoor/GridBlue_01_Mat.mat
  artifactKey: Guid(ff188f58422043f489060e28a5e4e0c0) Importer(2089858483,192608db42251d675da83286b1cce702)
Start importing Assets/_Unity Essentials/Materials/Outdoor/GridBlue_01_Mat.mat using Guid(ff188f58422043f489060e28a5e4e0c0) Importer(2089858483,192608db42251d675da83286b1cce702) (ScriptedImporter)[PhysX] Initialized MultithreadedTaskDispatcher with 4 workers.
 -> (artifact id: 'bd65bda1998b2cc1f19b07f7b77eb65e') in 0.013854042 seconds
Number of updated asset objects reloaded before import = 0Number of asset objects unloaded after import = 4

========================================================================
Received Import Request.
  Time since last request: 0.000071 seconds.
  path: Assets/TextMesh Pro/Resources/Fonts & Materials/LiberationSans SDF - Outline.mat
  artifactKey: Guid(79459efec17a4d00a321bdcc27bbc385) Importer(2089858483,192608db42251d675da83286b1cce702)
Start importing Assets/TextMesh Pro/Resources/Fonts & Materials/LiberationSans SDF - Outline.mat using Guid(79459efec17a4d00a321bdcc27bbc385) Importer(2089858483,192608db42251d675da83286b1cce702) (ScriptedImporter)[PhysX] Initialized MultithreadedTaskDispatcher with 4 workers.
 -> (artifact id: 'd7ff5edc4d85def580172a2b4cde8396') in 0.018703292 seconds
Number of updated asset objects reloaded before import = 0Number of asset objects unloaded after import = 2

========================================================================
Received Import Request.
  Time since last request: 0.533864 seconds.
  path: Assets/_Unity Essentials/Prefabs/Living Room/ChairDiningB.prefab
  artifactKey: Guid(c17851160e84c094380e93ac07b799ab) Importer(2089858483,192608db42251d675da83286b1cce702)
Start importing Assets/_Unity Essentials/Prefabs/Living Room/ChairDiningB.prefab using Guid(c17851160e84c094380e93ac07b799ab) Importer(2089858483,192608db42251d675da83286b1cce702) (ScriptedImporter)[PhysX] Initialized MultithreadedTaskDispatcher with 4 workers.
 -> (artifact id: '8c456bdcc99761e90a2845e036d4dba1') in 0.009150334 seconds
Number of updated asset objects reloaded before import = 0Number of asset objects unloaded after import = 27

========================================================================
Received Import Request.
  Time since last request: 0.000058 seconds.
  path: Assets/_Unity Essentials/Sprites/Animated/Sprite Sheet_Cat.png
  artifactKey: Guid(2e651cf9d770f45f0a402657aea31862) Importer(2089858483,192608db42251d675da83286b1cce702)
Start importing Assets/_Unity Essentials/Sprites/Animated/Sprite Sheet_Cat.png using Guid(2e651cf9d770f45f0a402657aea31862) Importer(2089858483,192608db42251d675da83286b1cce702) (ScriptedImporter)[PhysX] Initialized MultithreadedTaskDispatcher with 4 workers.
 -> (artifact id: '9a95d4e17b41161b442c3804bf0dd29d') in 0.034678708 seconds
Number of updated asset objects reloaded before import = 0Number of asset objects unloaded after import = 3

========================================================================
Received Import Request.
  Time since last request: 0.000145 seconds.
  path: Assets/_Unity Essentials/Prefabs/Objects/Houseplant_8.5in_LR001.prefab
  artifactKey: Guid(f6435afd288f835429e31c0e71195adb) Importer(2089858483,192608db42251d675da83286b1cce702)
Start importing Assets/_Unity Essentials/Prefabs/Objects/Houseplant_8.5in_LR001.prefab using Guid(f6435afd288f835429e31c0e71195adb) Importer(2089858483,192608db42251d675da83286b1cce702) (ScriptedImporter)[PhysX] Initialized MultithreadedTaskDispatcher with 4 workers.
 -> (artifact id: '75a623df79dc5ee55358fbe88b0b350d') in 0.016205708 seconds
Number of updated asset objects reloaded before import = 0Number of asset objects unloaded after import = 13

========================================================================
Received Import Request.
  Time since last request: 0.000064 seconds.
  path: Assets/_Unity Essentials/Prefabs/Outdoor/Ring.prefab
  artifactKey: Guid(14c61db565b4f4afb9a5c5113037f758) Importer(2089858483,192608db42251d675da83286b1cce702)
Start importing Assets/_Unity Essentials/Prefabs/Outdoor/Ring.prefab using Guid(14c61db565b4f4afb9a5c5113037f758) Importer(2089858483,192608db42251d675da83286b1cce702) (ScriptedImporter)[PhysX] Initialized MultithreadedTaskDispatcher with 4 workers.
 -> (artifact id: '21183739e3c7f8e3219462320e2776db') in 0.006856042 seconds
Number of updated asset objects reloaded before import = 0Number of asset objects unloaded after import = 21

========================================================================
Received Import Request.
  Time since last request: 0.000084 seconds.
  path: Assets/_Unity Essentials/Prefabs/Shapes/Cylinder.prefab
  artifactKey: Guid(385a8caae65aa4892a62166c3d74031a) Importer(2089858483,192608db42251d675da83286b1cce702)
Start importing Assets/_Unity Essentials/Prefabs/Shapes/Cylinder.prefab using Guid(385a8caae65aa4892a62166c3d74031a) Importer(2089858483,192608db42251d675da83286b1cce702) (ScriptedImporter)[PhysX] Initialized MultithreadedTaskDispatcher with 4 workers.
 -> (artifact id: '999e9956c07c99a2d67c96394c49a779') in 0.008414834 seconds
Number of updated asset objects reloaded before import = 0Number of asset objects unloaded after import = 7

========================================================================
Received Import Request.
  Time since last request: 0.000082 seconds.
  path: Assets/_Unity Essentials/Prefabs/Outdoor/Flagstone_3in_BY002.prefab
  artifactKey: Guid(9db660db52666c940a3f1c47437682d5) Importer(2089858483,192608db42251d675da83286b1cce702)
Start importing Assets/_Unity Essentials/Prefabs/Outdoor/Flagstone_3in_BY002.prefab using Guid(9db660db52666c940a3f1c47437682d5) Importer(2089858483,192608db42251d675da83286b1cce702) (ScriptedImporter)[PhysX] Initialized MultithreadedTaskDispatcher with 4 workers.
 -> (artifact id: '280b8fbe77386a9b0fdd3e5a4648c9cd') in 0.01379 seconds
Number of updated asset objects reloaded before import = 0Number of asset objects unloaded after import = 16

========================================================================
Received Import Request.
  Time since last request: 0.000101 seconds.
  path: Assets/_Unity Essentials/Prefabs/VFX/VFX_2D_Explode.prefab
  artifactKey: Guid(3eed43ae6a7284ee4bf43fb2fec8342b) Importer(2089858483,192608db42251d675da83286b1cce702)
Start importing Assets/_Unity Essentials/Prefabs/VFX/VFX_2D_Explode.prefab using Guid(3eed43ae6a7284ee4bf43fb2fec8342b) Importer(2089858483,192608db42251d675da83286b1cce702) (ScriptedImporter)[PhysX] Initialized MultithreadedTaskDispatcher with 4 workers.
 -> (artifact id: '777674d50cef8ba654b1b5c648077acf') in 0.176179292 seconds
Number of updated asset objects reloaded before import = 0Number of asset objects unloaded after import = 6

========================================================================
Received Import Request.
  Time since last request: 0.000095 seconds.
  path: Assets/_Unity Essentials/Source Files/InputSystem/StarterAssets.inputactions
  artifactKey: Guid(4419d82f33d36e848b3ed5af4c8da37e) Importer(2089858483,192608db42251d675da83286b1cce702)
Start importing Assets/_Unity Essentials/Source Files/InputSystem/StarterAssets.inputactions using Guid(4419d82f33d36e848b3ed5af4c8da37e) Importer(2089858483,192608db42251d675da83286b1cce702) (ScriptedImporter)[PhysX] Initialized MultithreadedTaskDispatcher with 4 workers.
 -> (artifact id: '8274de96857e7da2db6ad7f771d7b7d5') in 1.054741125 seconds
Number of updated asset objects reloaded before import = 0Number of asset objects unloaded after import = 7

========================================================================
Received Import Request.
  Time since last request: 0.000099 seconds.
  path: Assets/_Unity Essentials/Textures/Skyboxes/SkyMidNight_Bottom.png
  artifactKey: Guid(b37a0b3bf146f5748a2ae0b5856eba8f) Importer(2089858483,192608db42251d675da83286b1cce702)
Start importing Assets/_Unity Essentials/Textures/Skyboxes/SkyMidNight_Bottom.png using Guid(b37a0b3bf146f5748a2ae0b5856eba8f) Importer(2089858483,192608db42251d675da83286b1cce702) (ScriptedImporter)[PhysX] Initialized MultithreadedTaskDispatcher with 4 workers.
 -> (artifact id: '4fd07197a57ab4d1b4388e2e925abd02') in 0.017362583 seconds
Number of updated asset objects reloaded before import = 0Number of asset objects unloaded after import = 1

========================================================================
Received Import Request.
  Time since last request: 0.000088 seconds.
  path: Assets/_Unity Essentials/Sprites/Floor/Floor.png
  artifactKey: Guid(8fb48f49d390a438a85017c2dbaf30f8) Importer(2089858483,192608db42251d675da83286b1cce702)
Start importing Assets/_Unity Essentials/Sprites/Floor/Floor.png using Guid(8fb48f49d390a438a85017c2dbaf30f8) Importer(2089858483,192608db42251d675da83286b1cce702) (ScriptedImporter)[PhysX] Initialized MultithreadedTaskDispatcher with 4 workers.
 -> (artifact id: '0c9cbe0e8b782882fc4a19e69fae3e43') in 0.019229125 seconds
Number of updated asset objects reloaded before import = 0Number of asset objects unloaded after import = 3

========================================================================
Received Import Request.
  Time since last request: 0.000089 seconds.
  path: Assets/_Unity Essentials/Source Files/Scripts/UpdateCollectibleCount.cs
  artifactKey: Guid(12b990e8d7f314383856263e97f1c328) Importer(2089858483,192608db42251d675da83286b1cce702)
Start importing Assets/_Unity Essentials/Source Files/Scripts/UpdateCollectibleCount.cs using Guid(12b990e8d7f314383856263e97f1c328) Importer(2089858483,192608db42251d675da83286b1cce702) (ScriptedImporter)[PhysX] Initialized MultithreadedTaskDispatcher with 4 workers.
 -> (artifact id: '1fbebf9be13be0e3964ce503197a09ea') in 0.0065845 seconds
Number of updated asset objects reloaded before import = 0Number of asset objects unloaded after import = 0

========================================================================
Received Import Request.
  Time since last request: 0.000080 seconds.
  path: Assets/_Unity Essentials/Textures/Interior/SpotsGreen.jpg
  artifactKey: Guid(2f6061a15bf4e4e47b3cf5888a768e7a) Importer(2089858483,192608db42251d675da83286b1cce702)
Start importing Assets/_Unity Essentials/Textures/Interior/SpotsGreen.jpg using Guid(2f6061a15bf4e4e47b3cf5888a768e7a) Importer(2089858483,192608db42251d675da83286b1cce702) (ScriptedImporter)[PhysX] Initialized MultithreadedTaskDispatcher with 4 workers.
 -> (artifact id: 'a8aef56a55e38bde624baaf112c49a1b') in 0.018807333 seconds
Number of updated asset objects reloaded before import = 0Number of asset objects unloaded after import = 1

========================================================================
Received Import Request.
  Time since last request: 0.000150 seconds.
  path: Assets/_Unity Essentials/Textures/Outdoor/Grid_01_Normal.png
  artifactKey: Guid(c5c221ed57a3bf6488f8eba0db28a004) Importer(2089858483,192608db42251d675da83286b1cce702)
Start importing Assets/_Unity Essentials/Textures/Outdoor/Grid_01_Normal.png using Guid(c5c221ed57a3bf6488f8eba0db28a004) Importer(2089858483,192608db42251d675da83286b1cce702) (ScriptedImporter)[PhysX] Initialized MultithreadedTaskDispatcher with 4 workers.
 -> (artifact id: '3d5ecbb4cc8a140c4705b16c722abf37') in 0.033839125 seconds
Number of updated asset objects reloaded before import = 0Number of asset objects unloaded after import = 1

========================================================================
Received Import Request.
  Time since last request: 0.000102 seconds.
  path: Assets/_Unity Essentials/Sprites/Characters/Roomba_2D.png
  artifactKey: Guid(b0b81f769a0754b0b809d0e9d54a6673) Importer(2089858483,192608db42251d675da83286b1cce702)
Start importing Assets/_Unity Essentials/Sprites/Characters/Roomba_2D.png using Guid(b0b81f769a0754b0b809d0e9d54a6673) Importer(2089858483,192608db42251d675da83286b1cce702) (ScriptedImporter)[PhysX] Initialized MultithreadedTaskDispatcher with 4 workers.
 -> (artifact id: 'bd9a19431fb0acb17c7e27fe9cd5fca1') in 0.043651833 seconds
Number of updated asset objects reloaded before import = 0Number of asset objects unloaded after import = 3

========================================================================
Received Import Request.
  Time since last request: 0.000094 seconds.
  path: Assets/_Unity Essentials/Prefabs/Outdoor/Fence_DogEar_6ft_BY001.prefab
  artifactKey: Guid(4263aa52d6bca844ebaaa71504b52023) Importer(2089858483,192608db42251d675da83286b1cce702)
Start importing Assets/_Unity Essentials/Prefabs/Outdoor/Fence_DogEar_6ft_BY001.prefab using Guid(4263aa52d6bca844ebaaa71504b52023) Importer(2089858483,192608db42251d675da83286b1cce702) (ScriptedImporter)[PhysX] Initialized MultithreadedTaskDispatcher with 4 workers.
 -> (artifact id: '487256bc46233a5166bca7854fcc9886') in 0.016710084 seconds
Number of updated asset objects reloaded before import = 0Number of asset objects unloaded after import = 16

========================================================================
Received Import Request.
  Time since last request: 0.000095 seconds.
  path: Assets/_Unity Essentials/Prefabs/Outdoor/Flagstone_3in_BY003.prefab
  artifactKey: Guid(a2f0508f553971e488acd8441505493d) Importer(2089858483,192608db42251d675da83286b1cce702)
Start importing Assets/_Unity Essentials/Prefabs/Outdoor/Flagstone_3in_BY003.prefab using Guid(a2f0508f553971e488acd8441505493d) Importer(2089858483,192608db42251d675da83286b1cce702) (ScriptedImporter)[PhysX] Initialized MultithreadedTaskDispatcher with 4 workers.
 -> (artifact id: '6eeeb934ac134c03749cee92057f95c4') in 0.01666225 seconds
Number of updated asset objects reloaded before import = 0Number of asset objects unloaded after import = 16

========================================================================
Received Import Request.
  Time since last request: 0.000124 seconds.
  path: Assets/_Unity Essentials/Materials/Interior/Collectibles/Material_Balloon.mat
  artifactKey: Guid(459ff1828c72f4b43b8f0978e2948806) Importer(2089858483,192608db42251d675da83286b1cce702)
Start importing Assets/_Unity Essentials/Materials/Interior/Collectibles/Material_Balloon.mat using Guid(459ff1828c72f4b43b8f0978e2948806) Importer(2089858483,192608db42251d675da83286b1cce702) (ScriptedImporter)[PhysX] Initialized MultithreadedTaskDispatcher with 4 workers.
 -> (artifact id: '7427927f7445fd2f7b2c8c806dfc0f1c') in 0.009034083 seconds
Number of updated asset objects reloaded before import = 0Number of asset objects unloaded after import = 1

========================================================================
Received Import Request.
  Time since last request: 0.000089 seconds.
  path: Assets/_Unity Essentials/Textures/UI Sprites/UI_Panel_SemiTransparent.png
  artifactKey: Guid(841a879773b23c144b979adb5af5b22b) Importer(2089858483,192608db42251d675da83286b1cce702)
Start importing Assets/_Unity Essentials/Textures/UI Sprites/UI_Panel_SemiTransparent.png using Guid(841a879773b23c144b979adb5af5b22b) Importer(2089858483,192608db42251d675da83286b1cce702) (ScriptedImporter)[PhysX] Initialized MultithreadedTaskDispatcher with 4 workers.
 -> (artifact id: '586f49ce8c4f514e1c0a94bc6e466944') in 0.022161041 seconds
Number of updated asset objects reloaded before import = 0Number of asset objects unloaded after import = 3

========================================================================
Received Import Request.
  Time since last request: 0.000065 seconds.
  path: Assets/_Unity Essentials/Textures/Interior/TrimSheet_GreenPurple.jpg
  artifactKey: Guid(52c85e3b301cb994a95b587b7245215e) Importer(2089858483,192608db42251d675da83286b1cce702)
Start importing Assets/_Unity Essentials/Textures/Interior/TrimSheet_GreenPurple.jpg using Guid(52c85e3b301cb994a95b587b7245215e) Importer(2089858483,192608db42251d675da83286b1cce702) (ScriptedImporter)[PhysX] Initialized MultithreadedTaskDispatcher with 4 workers.
 -> (artifact id: '4d824f36fc33f15fe4f6958e1b919e28') in 0.032094083 seconds
Number of updated asset objects reloaded before import = 0Number of asset objects unloaded after import = 1

========================================================================
Received Import Request.
  Time since last request: 0.000083 seconds.
  path: Assets/_Unity Essentials/Textures/Interior/WallGreen.jpg
  artifactKey: Guid(f3b8f46039df32e41975419ffc7b16fc) Importer(2089858483,192608db42251d675da83286b1cce702)
Start importing Assets/_Unity Essentials/Textures/Interior/WallGreen.jpg using Guid(f3b8f46039df32e41975419ffc7b16fc) Importer(2089858483,192608db42251d675da83286b1cce702) (ScriptedImporter)[PhysX] Initialized MultithreadedTaskDispatcher with 4 workers.
 -> (artifact id: '75dd1af43afc7561fcb069775cfe1487') in 0.015888833 seconds
Number of updated asset objects reloaded before import = 0Number of asset objects unloaded after import = 1

========================================================================
Received Import Request.
  Time since last request: 0.000086 seconds.
  path: Assets/_Unity Essentials/Sprites/Rugs/Rug_9Slice Pink.prefab
  artifactKey: Guid(4bf37f3905d3841d49ff2a9a09117cae) Importer(2089858483,192608db42251d675da83286b1cce702)
Start importing Assets/_Unity Essentials/Sprites/Rugs/Rug_9Slice Pink.prefab using Guid(4bf37f3905d3841d49ff2a9a09117cae) Importer(2089858483,192608db42251d675da83286b1cce702) (ScriptedImporter)[PhysX] Initialized MultithreadedTaskDispatcher with 4 workers.
 -> (artifact id: 'ee7408e451e2533d585a4bd3612dd4de') in 0.026043833 seconds
Number of updated asset objects reloaded before import = 0Number of asset objects unloaded after import = 7

========================================================================
Received Import Request.
  Time since last request: 0.000096 seconds.
  path: Assets/_Unity Essentials/Source Files/Scripts/DoorController.cs
  artifactKey: Guid(78d1990d1a22e479fbef01ccee59622f) Importer(2089858483,192608db42251d675da83286b1cce702)
Start importing Assets/_Unity Essentials/Source Files/Scripts/DoorController.cs using Guid(78d1990d1a22e479fbef01ccee59622f) Importer(2089858483,192608db42251d675da83286b1cce702) (ScriptedImporter)[PhysX] Initialized MultithreadedTaskDispatcher with 4 workers.
 -> (artifact id: '4c01a1149335b5ece970464591dd9026') in 0.005368875 seconds
Number of updated asset objects reloaded before import = 0Number of asset objects unloaded after import = 0

========================================================================
Received Import Request.
  Time since last request: 0.000118 seconds.
  path: Assets/_Unity Essentials/Textures/UI Sprites/UI_9slice_Button_Simple.png
  artifactKey: Guid(e016d961d95444e408e2c887a1f9521e) Importer(2089858483,192608db42251d675da83286b1cce702)
Start importing Assets/_Unity Essentials/Textures/UI Sprites/UI_9slice_Button_Simple.png using Guid(e016d961d95444e408e2c887a1f9521e) Importer(2089858483,192608db42251d675da83286b1cce702) (ScriptedImporter)[PhysX] Initialized MultithreadedTaskDispatcher with 4 workers.
 -> (artifact id: 'e8b3a40c32250a8d79adccc85743e861') in 0.01909525 seconds
Number of updated asset objects reloaded before import = 0Number of asset objects unloaded after import = 3

========================================================================
Received Import Request.
  Time since last request: 0.000071 seconds.
  path: Assets/_Unity Essentials/Sprites/Characters/Dumper_2D.png
  artifactKey: Guid(2d3bb463e2b064ccb8727e30f84f16f9) Importer(2089858483,192608db42251d675da83286b1cce702)
Start importing Assets/_Unity Essentials/Sprites/Characters/Dumper_2D.png using Guid(2d3bb463e2b064ccb8727e30f84f16f9) Importer(2089858483,192608db42251d675da83286b1cce702) (ScriptedImporter)[PhysX] Initialized MultithreadedTaskDispatcher with 4 workers.
 -> (artifact id: 'cfac06889a00629caa5ef31d7bff5c36') in 0.034352833 seconds
Number of updated asset objects reloaded before import = 0Number of asset objects unloaded after import = 3

========================================================================
Received Import Request.
  Time since last request: 0.000086 seconds.
  path: Assets/_Unity Essentials/Materials/Interior/Collectibles/Material_Puzzle.mat
  artifactKey: Guid(f92b42acf2cde4242a801d84c8b7d12d) Importer(2089858483,192608db42251d675da83286b1cce702)
Start importing Assets/_Unity Essentials/Materials/Interior/Collectibles/Material_Puzzle.mat using Guid(f92b42acf2cde4242a801d84c8b7d12d) Importer(2089858483,192608db42251d675da83286b1cce702) (ScriptedImporter)[PhysX] Initialized MultithreadedTaskDispatcher with 4 workers.
 -> (artifact id: '4619dd787949d2c65a74801784f355fc') in 0.014365458 seconds
Number of updated asset objects reloaded before import = 0Number of asset objects unloaded after import = 3

========================================================================
Received Import Request.
  Time since last request: 0.000112 seconds.
  path: Assets/_Unity Essentials/Materials/Interior/Collectibles/Material_KeyCucumberFoodbowl.mat
  artifactKey: Guid(7c37ee1219089cf47843ac7493cb5502) Importer(2089858483,192608db42251d675da83286b1cce702)
Start importing Assets/_Unity Essentials/Materials/Interior/Collectibles/Material_KeyCucumberFoodbowl.mat using Guid(7c37ee1219089cf47843ac7493cb5502) Importer(2089858483,192608db42251d675da83286b1cce702) (ScriptedImporter)[PhysX] Initialized MultithreadedTaskDispatcher with 4 workers.
 -> (artifact id: 'bbf9b14006557303e49df2c9937ee944') in 0.020869625 seconds
Number of updated asset objects reloaded before import = 0Number of asset objects unloaded after import = 4

========================================================================
Received Import Request.
  Time since last request: 0.000088 seconds.
  path: Assets/_Unity Essentials/Textures/Interior/SpotsGreenBlue.jpg
  artifactKey: Guid(2feaf4af3b736d747adf9b65cf5ead95) Importer(2089858483,192608db42251d675da83286b1cce702)
Start importing Assets/_Unity Essentials/Textures/Interior/SpotsGreenBlue.jpg using Guid(2feaf4af3b736d747adf9b65cf5ead95) Importer(2089858483,192608db42251d675da83286b1cce702) (ScriptedImporter)[PhysX] Initialized MultithreadedTaskDispatcher with 4 workers.
 -> (artifact id: 'a8817d6727902c2655ec917c4f990352') in 0.031613875 seconds
Number of updated asset objects reloaded before import = 0Number of asset objects unloaded after import = 1

========================================================================
Received Import Request.
  Time since last request: 0.000085 seconds.
  path: Assets/_Unity Essentials/Prefabs/Walls/Wall3m.prefab
  artifactKey: Guid(6fe6a5df5ce28bc4fa5ad864a711723d) Importer(2089858483,192608db42251d675da83286b1cce702)
Start importing Assets/_Unity Essentials/Prefabs/Walls/Wall3m.prefab using Guid(6fe6a5df5ce28bc4fa5ad864a711723d) Importer(2089858483,192608db42251d675da83286b1cce702) (ScriptedImporter)[PhysX] Initialized MultithreadedTaskDispatcher with 4 workers.
 -> (artifact id: '218412eaf1a8dd58f43983488fc39c62') in 0.008358917 seconds
Number of updated asset objects reloaded before import = 0Number of asset objects unloaded after import = 16

========================================================================
Received Import Request.
  Time since last request: 0.000094 seconds.
  path: Assets/_Unity Essentials/Textures/Outdoor/Grid_02_BaseMap.png
  artifactKey: Guid(d9c0dd5cdac07b145be73329e489869a) Importer(2089858483,192608db42251d675da83286b1cce702)
Start importing Assets/_Unity Essentials/Textures/Outdoor/Grid_02_BaseMap.png using Guid(d9c0dd5cdac07b145be73329e489869a) Importer(2089858483,192608db42251d675da83286b1cce702) (ScriptedImporter)[PhysX] Initialized MultithreadedTaskDispatcher with 4 workers.
 -> (artifact id: '675fe5cda958024cb21f92d9d6b2024f') in 0.01994125 seconds
Number of updated asset objects reloaded before import = 0Number of asset objects unloaded after import = 1

========================================================================
Received Import Request.
  Time since last request: 0.000077 seconds.
  path: Assets/_Unity Essentials/Textures/Icons/Icon_Camera.png
  artifactKey: Guid(f0358335bb66141ebb3c6b305471489c) Importer(2089858483,192608db42251d675da83286b1cce702)
Start importing Assets/_Unity Essentials/Textures/Icons/Icon_Camera.png using Guid(f0358335bb66141ebb3c6b305471489c) Importer(2089858483,192608db42251d675da83286b1cce702) (ScriptedImporter)[PhysX] Initialized MultithreadedTaskDispatcher with 4 workers.
 -> (artifact id: '1e594f096d6070572acb3b04ed072a03') in 0.01455775 seconds
Number of updated asset objects reloaded before import = 0Number of asset objects unloaded after import = 1

========================================================================
Received Import Request.
  Time since last request: 0.000071 seconds.
  path: Assets/_Unity Essentials/Sprites/Furniture/Table_Coffee.png
  artifactKey: Guid(ac03aab131253440783607f28daee0d7) Importer(2089858483,192608db42251d675da83286b1cce702)
Start importing Assets/_Unity Essentials/Sprites/Furniture/Table_Coffee.png using Guid(ac03aab131253440783607f28daee0d7) Importer(2089858483,192608db42251d675da83286b1cce702) (ScriptedImporter)[PhysX] Initialized MultithreadedTaskDispatcher with 4 workers.
 -> (artifact id: '5abc57ff20f033c8669204a0b3a7dfc3') in 0.020883334 seconds
Number of updated asset objects reloaded before import = 0Number of asset objects unloaded after import = 3

========================================================================
Received Import Request.
  Time since last request: 0.000094 seconds.
  path: Assets/_Unity Essentials/Sprites/Collectibles/Cheese_2D.prefab
  artifactKey: Guid(40ebde13482cf41c1bddf29d77a06471) Importer(2089858483,192608db42251d675da83286b1cce702)
Start importing Assets/_Unity Essentials/Sprites/Collectibles/Cheese_2D.prefab using Guid(40ebde13482cf41c1bddf29d77a06471) Importer(2089858483,192608db42251d675da83286b1cce702) (ScriptedImporter)[PhysX] Initialized MultithreadedTaskDispatcher with 4 workers.
 -> (artifact id: '1be06b02fbf9057efebf113ab1ebb7af') in 0.035351375 seconds
Number of updated asset objects reloaded before import = 0Number of asset objects unloaded after import = 14

========================================================================
Received Import Request.
  Time since last request: 0.000090 seconds.
  path: Assets/_Unity Essentials/Textures/Interior/WallPurple.jpg
  artifactKey: Guid(12230e571c05cf447960ae8b92e72374) Importer(2089858483,192608db42251d675da83286b1cce702)
Start importing Assets/_Unity Essentials/Textures/Interior/WallPurple.jpg using Guid(12230e571c05cf447960ae8b92e72374) Importer(2089858483,192608db42251d675da83286b1cce702) (ScriptedImporter)[PhysX] Initialized MultithreadedTaskDispatcher with 4 workers.
 -> (artifact id: '8633240ff6120df3a781474f42bee77f') in 0.017909166 seconds
Number of updated asset objects reloaded before import = 0Number of asset objects unloaded after import = 1

========================================================================
Received Import Request.
  Time since last request: 0.000107 seconds.
  path: Assets/_Unity Essentials/Materials/Interior/Environment/PatternSpotPurple.mat
  artifactKey: Guid(173e1910c873d164a8e5b12ead9f9b37) Importer(2089858483,192608db42251d675da83286b1cce702)
Start importing Assets/_Unity Essentials/Materials/Interior/Environment/PatternSpotPurple.mat using Guid(173e1910c873d164a8e5b12ead9f9b37) Importer(2089858483,192608db42251d675da83286b1cce702) (ScriptedImporter)[PhysX] Initialized MultithreadedTaskDispatcher with 4 workers.
 -> (artifact id: '058d044da322202dcc65f9b7a7072c04') in 0.011094875 seconds
Number of updated asset objects reloaded before import = 0Number of asset objects unloaded after import = 2

========================================================================
Received Import Request.
  Time since last request: 0.000075 seconds.
  path: Assets/_Unity Essentials/Materials/Interior/Environment/TrimSheetPurple.mat
  artifactKey: Guid(1129d8d1a7b3fa340bd265a35536bafe) Importer(2089858483,192608db42251d675da83286b1cce702)
Start importing Assets/_Unity Essentials/Materials/Interior/Environment/TrimSheetPurple.mat using Guid(1129d8d1a7b3fa340bd265a35536bafe) Importer(2089858483,192608db42251d675da83286b1cce702) (ScriptedImporter)[PhysX] Initialized MultithreadedTaskDispatcher with 4 workers.
 -> (artifact id: '59b6ac476d45aa277c1793550bd5e957') in 0.025844917 seconds
Number of updated asset objects reloaded before import = 0Number of asset objects unloaded after import = 2

========================================================================
Received Import Request.
  Time since last request: 0.000096 seconds.
  path: Assets/_Unity Essentials/Prefabs/Outdoor/PicnicTable_6ft_BY001.prefab
  artifactKey: Guid(c642b45e0cff2b943a977f6cbce21a21) Importer(2089858483,192608db42251d675da83286b1cce702)
Start importing Assets/_Unity Essentials/Prefabs/Outdoor/PicnicTable_6ft_BY001.prefab using Guid(c642b45e0cff2b943a977f6cbce21a21) Importer(2089858483,192608db42251d675da83286b1cce702) (ScriptedImporter)[PhysX] Initialized MultithreadedTaskDispatcher with 4 workers.
 -> (artifact id: '12038003fb1447c25aa4a364e107c0e2') in 0.016353167 seconds
Number of updated asset objects reloaded before import = 0Number of asset objects unloaded after import = 16

========================================================================
Received Import Request.
  Time since last request: 0.000064 seconds.
  path: Assets/_Unity Essentials/Textures/Skyboxes/SkyBrightMorning_Top.png
  artifactKey: Guid(6942c5222258a7d4ca5f071156794a1f) Importer(2089858483,192608db42251d675da83286b1cce702)
Start importing Assets/_Unity Essentials/Textures/Skyboxes/SkyBrightMorning_Top.png using Guid(6942c5222258a7d4ca5f071156794a1f) Importer(2089858483,192608db42251d675da83286b1cce702) (ScriptedImporter)[PhysX] Initialized MultithreadedTaskDispatcher with 4 workers.
 -> (artifact id: '9712e5f5cedd5c070f149faa8b582be0') in 0.015471166 seconds
Number of updated asset objects reloaded before import = 0Number of asset objects unloaded after import = 1

========================================================================
Received Import Request.
  Time since last request: 0.000089 seconds.
  path: Assets/_Unity Essentials/Materials/Interior/Environment/PatternSpotGreenBlue.mat
  artifactKey: Guid(c973da09dfcff7f4b9b2ef6c7074636d) Importer(2089858483,192608db42251d675da83286b1cce702)
Start importing Assets/_Unity Essentials/Materials/Interior/Environment/PatternSpotGreenBlue.mat using Guid(c973da09dfcff7f4b9b2ef6c7074636d) Importer(2089858483,192608db42251d675da83286b1cce702) (ScriptedImporter)[PhysX] Initialized MultithreadedTaskDispatcher with 4 workers.
 -> (artifact id: '3a96a77cec3b0c92b82b8b11f29e9f7f') in 0.011463458 seconds
Number of updated asset objects reloaded before import = 0Number of asset objects unloaded after import = 2

========================================================================
Received Import Request.
  Time since last request: 0.000085 seconds.
  path: Assets/_Unity Essentials/Textures/UI Sprites/UI_Panel_CircleButton_Screws.png
  artifactKey: Guid(82dbc1c03b814b54cba072bd06e12d42) Importer(2089858483,192608db42251d675da83286b1cce702)
Start importing Assets/_Unity Essentials/Textures/UI Sprites/UI_Panel_CircleButton_Screws.png using Guid(82dbc1c03b814b54cba072bd06e12d42) Importer(2089858483,192608db42251d675da83286b1cce702) (ScriptedImporter)[PhysX] Initialized MultithreadedTaskDispatcher with 4 workers.
 -> (artifact id: '587b45c7f7a7612dd4339d35cc76f7a6') in 0.020689417 seconds
Number of updated asset objects reloaded before import = 0Number of asset objects unloaded after import = 3

========================================================================
Received Import Request.
  Time since last request: 0.000070 seconds.
  path: Assets/_Unity Essentials/Source Files/VFX/ConfettiCelebration.prefab
  artifactKey: Guid(2f5d313409ec64adc9647e645f3fd9f2) Importer(2089858483,192608db42251d675da83286b1cce702)
Start importing Assets/_Unity Essentials/Source Files/VFX/ConfettiCelebration.prefab using Guid(2f5d313409ec64adc9647e645f3fd9f2) Importer(2089858483,192608db42251d675da83286b1cce702) (ScriptedImporter)[PhysX] Initialized MultithreadedTaskDispatcher with 4 workers.
 -> (artifact id: 'db141de193c6cb33682ad9be1cfccbc3') in 0.0687505 seconds
Number of updated asset objects reloaded before import = 0Number of asset objects unloaded after import = 10

========================================================================
Received Import Request.
  Time since last request: 0.000136 seconds.
  path: Assets/_Unity Essentials/Materials/Interior/Objects/Block_Green.mat
  artifactKey: Guid(48f4346f6f09c45f4a4cfe3ac68b0bd2) Importer(2089858483,192608db42251d675da83286b1cce702)
Start importing Assets/_Unity Essentials/Materials/Interior/Objects/Block_Green.mat using Guid(48f4346f6f09c45f4a4cfe3ac68b0bd2) Importer(2089858483,192608db42251d675da83286b1cce702) (ScriptedImporter)[PhysX] Initialized MultithreadedTaskDispatcher with 4 workers.
 -> (artifact id: 'f40de4141b034f57a07a62b390ad8a0d') in 0.008092625 seconds
Number of updated asset objects reloaded before import = 0Number of asset objects unloaded after import = 1

========================================================================
Received Import Request.
  Time since last request: 0.000068 seconds.
  path: Assets/_Unity Essentials/Materials/Interior/Objects/Mat_BasketballNet_Mesh.mat
  artifactKey: Guid(152de57d3854546c4aa60a30b0e7c178) Importer(2089858483,192608db42251d675da83286b1cce702)
Start importing Assets/_Unity Essentials/Materials/Interior/Objects/Mat_BasketballNet_Mesh.mat using Guid(152de57d3854546c4aa60a30b0e7c178) Importer(2089858483,192608db42251d675da83286b1cce702) (ScriptedImporter)[PhysX] Initialized MultithreadedTaskDispatcher with 4 workers.
 -> (artifact id: '82eeb7d75ebeab089d29f96d88aa7a88') in 0.314278625 seconds
Number of updated asset objects reloaded before import = 0Number of asset objects unloaded after import = 2

========================================================================
Received Import Request.
  Time since last request: 0.000088 seconds.
  path: Assets/_Unity Essentials/Textures/Interior/SpotsGrey.jpg
  artifactKey: Guid(bcb9cca11e38f1a408090ebb7fe1d0ee) Importer(2089858483,192608db42251d675da83286b1cce702)
Start importing Assets/_Unity Essentials/Textures/Interior/SpotsGrey.jpg using Guid(bcb9cca11e38f1a408090ebb7fe1d0ee) Importer(2089858483,192608db42251d675da83286b1cce702) (ScriptedImporter)[PhysX] Initialized MultithreadedTaskDispatcher with 4 workers.
 -> (artifact id: '588cf0dfc54dc85e18c948eaa24caba8') in 0.018251542 seconds
Number of updated asset objects reloaded before import = 0Number of asset objects unloaded after import = 1

========================================================================
Received Import Request.
  Time since last request: 0.000105 seconds.
  path: Assets/_Unity Essentials/Source Files/InputSystem/StarterAssetsInputs.cs
  artifactKey: Guid(e087ecce43ebbff45a1b360637807d93) Importer(2089858483,192608db42251d675da83286b1cce702)
Start importing Assets/_Unity Essentials/Source Files/InputSystem/StarterAssetsInputs.cs using Guid(e087ecce43ebbff45a1b360637807d93) Importer(2089858483,192608db42251d675da83286b1cce702) (ScriptedImporter)[PhysX] Initialized MultithreadedTaskDispatcher with 4 workers.
 -> (artifact id: 'b607b41288f4144c3016ab72516594c4') in 0.00539575 seconds
Number of updated asset objects reloaded before import = 0Number of asset objects unloaded after import = 0

========================================================================
Received Import Request.
  Time since last request: 0.000088 seconds.
  path: Assets/_Unity Essentials/Textures/Interior/Floor_WoodPlanks_Sprite.jpg
  artifactKey: Guid(4d775b8a5864445f6a4c162e8edef4df) Importer(2089858483,192608db42251d675da83286b1cce702)
Start importing Assets/_Unity Essentials/Textures/Interior/Floor_WoodPlanks_Sprite.jpg using Guid(4d775b8a5864445f6a4c162e8edef4df) Importer(2089858483,192608db42251d675da83286b1cce702) (ScriptedImporter)[PhysX] Initialized MultithreadedTaskDispatcher with 4 workers.
 -> (artifact id: '545e76f7365312445e56338a1176c75c') in 0.02104675 seconds
Number of updated asset objects reloaded before import = 0Number of asset objects unloaded after import = 3

========================================================================
Received Import Request.
  Time since last request: 0.000194 seconds.
  path: Assets/_Unity Essentials/Materials/Outdoor/Tangram_Puzzle_Materials/Magenta.mat
  artifactKey: Guid(012ef258c9b43a248a4d582c51b123c5) Importer(2089858483,192608db42251d675da83286b1cce702)
Start importing Assets/_Unity Essentials/Materials/Outdoor/Tangram_Puzzle_Materials/Magenta.mat using Guid(012ef258c9b43a248a4d582c51b123c5) Importer(2089858483,192608db42251d675da83286b1cce702) (ScriptedImporter)[PhysX] Initialized MultithreadedTaskDispatcher with 4 workers.
 -> (artifact id: '7ab498b533b8491787c6ef7377a82b3f') in 0.009007334 seconds
Number of updated asset objects reloaded before import = 0Number of asset objects unloaded after import = 1

========================================================================
Received Import Request.
  Time since last request: 0.000071 seconds.
  path: Assets/_Unity Essentials/Prefabs/Outdoor/Tube Slide/TubeSlide_Bottom Variant.prefab
  artifactKey: Guid(efb23acb9ce44407498e8aec0a03b17a) Importer(2089858483,192608db42251d675da83286b1cce702)
Start importing Assets/_Unity Essentials/Prefabs/Outdoor/Tube Slide/TubeSlide_Bottom Variant.prefab using Guid(efb23acb9ce44407498e8aec0a03b17a) Importer(2089858483,192608db42251d675da83286b1cce702) (ScriptedImporter)[PhysX] Initialized MultithreadedTaskDispatcher with 4 workers.
 -> (artifact id: 'e29af12bf51cb651c2f2660c7a319416') in 0.00899875 seconds
Number of updated asset objects reloaded before import = 0Number of asset objects unloaded after import = 27

========================================================================
Received Import Request.
  Time since last request: 0.000075 seconds.
  path: Assets/_Unity Essentials/Materials/Outdoor/Tangram_Puzzle_Materials/Blue.mat
  artifactKey: Guid(1ad2d8882d9c8914cbe8f48c746340b0) Importer(2089858483,192608db42251d675da83286b1cce702)
Start importing Assets/_Unity Essentials/Materials/Outdoor/Tangram_Puzzle_Materials/Blue.mat using Guid(1ad2d8882d9c8914cbe8f48c746340b0) Importer(2089858483,192608db42251d675da83286b1cce702) (ScriptedImporter)[PhysX] Initialized MultithreadedTaskDispatcher with 4 workers.
 -> (artifact id: '3716c78108458e1e29ab46825460dbe5') in 0.007989916 seconds
Number of updated asset objects reloaded before import = 0Number of asset objects unloaded after import = 1

========================================================================
Received Import Request.
  Time since last request: 0.000096 seconds.
  path: Assets/_Unity Essentials/Materials/Outdoor/Tangram_Puzzle_Materials/Tangram_Reference.png
  artifactKey: Guid(a496c3d66d2dc41d0b5a180c844a9640) Importer(2089858483,192608db42251d675da83286b1cce702)
Start importing Assets/_Unity Essentials/Materials/Outdoor/Tangram_Puzzle_Materials/Tangram_Reference.png using Guid(a496c3d66d2dc41d0b5a180c844a9640) Importer(2089858483,192608db42251d675da83286b1cce702) (ScriptedImporter)[PhysX] Initialized MultithreadedTaskDispatcher with 4 workers.
 -> (artifact id: '530f0071fe44b9fe8db77d5b0e18b786') in 0.022456 seconds
Number of updated asset objects reloaded before import = 0Number of asset objects unloaded after import = 3

========================================================================
Received Import Request.
  Time since last request: 0.000114 seconds.
  path: Assets/_Unity Essentials/Sprites/Collectibles/Dirt_2D.prefab
  artifactKey: Guid(57a8a3a7dcc4149d1a10f3dc04258aca) Importer(2089858483,192608db42251d675da83286b1cce702)
Start importing Assets/_Unity Essentials/Sprites/Collectibles/Dirt_2D.prefab using Guid(57a8a3a7dcc4149d1a10f3dc04258aca) Importer(2089858483,192608db42251d675da83286b1cce702) (ScriptedImporter)[PhysX] Initialized MultithreadedTaskDispatcher with 4 workers.
 -> (artifact id: '5246c95f5b72ccef44c80360c731b590') in 0.034750125 seconds
Number of updated asset objects reloaded before import = 0Number of asset objects unloaded after import = 14

========================================================================
Received Import Request.
  Time since last request: 0.000150 seconds.
  path: Assets/_Unity Essentials/Materials/Outdoor/Tangram_Puzzle_Materials/Tangram-Shapes.mat
  artifactKey: Guid(4f7ba5a250aae4924b9a2cb70db666e4) Importer(2089858483,192608db42251d675da83286b1cce702)
Start importing Assets/_Unity Essentials/Materials/Outdoor/Tangram_Puzzle_Materials/Tangram-Shapes.mat using Guid(4f7ba5a250aae4924b9a2cb70db666e4) Importer(2089858483,192608db42251d675da83286b1cce702) (ScriptedImporter)[PhysX] Initialized MultithreadedTaskDispatcher with 4 workers.
 -> (artifact id: 'a2add2b29ac65e9f5e23340242850cb8') in 0.007536292 seconds
Number of updated asset objects reloaded before import = 0Number of asset objects unloaded after import = 1

========================================================================
Received Import Request.
  Time since last request: 0.000095 seconds.
  path: Assets/_Unity Essentials/Materials/Interior/Collectibles/Material_Applegold.mat
  artifactKey: Guid(4c0fd33a39dc730479367c96d9bb2d60) Importer(2089858483,192608db42251d675da83286b1cce702)
Start importing Assets/_Unity Essentials/Materials/Interior/Collectibles/Material_Applegold.mat using Guid(4c0fd33a39dc730479367c96d9bb2d60) Importer(2089858483,192608db42251d675da83286b1cce702) (ScriptedImporter)[PhysX] Initialized MultithreadedTaskDispatcher with 4 workers.
 -> (artifact id: 'dd4866fbb66e83c5f60b6594032966ef') in 0.015008667 seconds
Number of updated asset objects reloaded before import = 0Number of asset objects unloaded after import = 3

========================================================================
Received Import Request.
  Time since last request: 0.000085 seconds.
  path: Assets/_Unity Essentials/Textures/Icons/Icon_Rings.png
  artifactKey: Guid(780ee9b84c342425c964b9dbc1fcfc73) Importer(2089858483,192608db42251d675da83286b1cce702)
Start importing Assets/_Unity Essentials/Textures/Icons/Icon_Rings.png using Guid(780ee9b84c342425c964b9dbc1fcfc73) Importer(2089858483,192608db42251d675da83286b1cce702) (ScriptedImporter)[PhysX] Initialized MultithreadedTaskDispatcher with 4 workers.
 -> (artifact id: '662410611e70f7839b13427e11d72222') in 0.019004834 seconds
Number of updated asset objects reloaded before import = 0Number of asset objects unloaded after import = 1

========================================================================
Received Import Request.
  Time since last request: 0.000072 seconds.
  path: Assets/_Unity Essentials/Source Files/Lighting/1_Playground_Navigation_Scene/LightingData.asset
  artifactKey: Guid(e70eae371053c404e8b83cad6fa106f2) Importer(2089858483,192608db42251d675da83286b1cce702)
Start importing Assets/_Unity Essentials/Source Files/Lighting/1_Playground_Navigation_Scene/LightingData.asset using Guid(e70eae371053c404e8b83cad6fa106f2) Importer(2089858483,192608db42251d675da83286b1cce702) (ScriptedImporter)[PhysX] Initialized MultithreadedTaskDispatcher with 4 workers.
 -> (artifact id: 'f8a7b5a12c47ac430a52af785f738325') in 0.010261375 seconds
Number of updated asset objects reloaded before import = 0Number of asset objects unloaded after import = 2

========================================================================
Received Import Request.
  Time since last request: 0.000083 seconds.
  path: Assets/_Unity Essentials/Source Files/Animation/Door/Door.controller
  artifactKey: Guid(b3f6a9bea0e48448f85bde8861af6976) Importer(2089858483,192608db42251d675da83286b1cce702)
Start importing Assets/_Unity Essentials/Source Files/Animation/Door/Door.controller using Guid(b3f6a9bea0e48448f85bde8861af6976) Importer(2089858483,192608db42251d675da83286b1cce702) (ScriptedImporter)[PhysX] Initialized MultithreadedTaskDispatcher with 4 workers.
 -> (artifact id: 'c2017bdd53f7475feb3b3b4988dc73a1') in 0.017866917 seconds
Number of updated asset objects reloaded before import = 0Number of asset objects unloaded after import = 9

========================================================================
Received Import Request.
  Time since last request: 0.000103 seconds.
  path: Assets/_Unity Essentials/Source Files/Lighting/-1_Starter_Scene/LightingData.asset
  artifactKey: Guid(96642feffee2f4d08a27e5f172aaa5e6) Importer(2089858483,192608db42251d675da83286b1cce702)
Start importing Assets/_Unity Essentials/Source Files/Lighting/-1_Starter_Scene/LightingData.asset using Guid(96642feffee2f4d08a27e5f172aaa5e6) Importer(2089858483,192608db42251d675da83286b1cce702) (ScriptedImporter)[PhysX] Initialized MultithreadedTaskDispatcher with 4 workers.
 -> (artifact id: '041d6a930c6d49761b138ce663b942cb') in 0.006814709 seconds
Number of updated asset objects reloaded before import = 0Number of asset objects unloaded after import = 2

========================================================================
Received Import Request.
  Time since last request: 0.000070 seconds.
  path: Assets/_Unity Essentials/Prefabs/Objects/ShelfWallSmall.prefab
  artifactKey: Guid(6fd978a8658d8be488a0ab54165dda6a) Importer(2089858483,192608db42251d675da83286b1cce702)
Start importing Assets/_Unity Essentials/Prefabs/Objects/ShelfWallSmall.prefab using Guid(6fd978a8658d8be488a0ab54165dda6a) Importer(2089858483,192608db42251d675da83286b1cce702) (ScriptedImporter)[PhysX] Initialized MultithreadedTaskDispatcher with 4 workers.
 -> (artifact id: 'b1c37a6482ea4f151557f4d0eef4714b') in 0.013806458 seconds
Number of updated asset objects reloaded before import = 0Number of asset objects unloaded after import = 8

========================================================================
Received Import Request.
  Time since last request: 0.000135 seconds.
  path: Assets/_Unity Essentials/Textures/Interior/WallGrey.jpg
  artifactKey: Guid(86d4c4296988e8d4dbd18f9b1f13debf) Importer(2089858483,192608db42251d675da83286b1cce702)
Start importing Assets/_Unity Essentials/Textures/Interior/WallGrey.jpg using Guid(86d4c4296988e8d4dbd18f9b1f13debf) Importer(2089858483,192608db42251d675da83286b1cce702) (ScriptedImporter)[PhysX] Initialized MultithreadedTaskDispatcher with 4 workers.
 -> (artifact id: 'edc8dd2b08dec6b53031df8a77108180') in 0.017846916 seconds
Number of updated asset objects reloaded before import = 0Number of asset objects unloaded after import = 1

========================================================================
Received Import Request.
  Time since last request: 0.000113 seconds.
  path: Assets/_Unity Essentials/Textures/Icons/Icon_Transform.png
  artifactKey: Guid(f5a0c62a6ba4c4cddbc64541f859010f) Importer(2089858483,192608db42251d675da83286b1cce702)
Start importing Assets/_Unity Essentials/Textures/Icons/Icon_Transform.png using Guid(f5a0c62a6ba4c4cddbc64541f859010f) Importer(2089858483,192608db42251d675da83286b1cce702) (ScriptedImporter)[PhysX] Initialized MultithreadedTaskDispatcher with 4 workers.
 -> (artifact id: '4a490f8953a981e7e36ecfb828fdab23') in 0.017264833 seconds
Number of updated asset objects reloaded before import = 0Number of asset objects unloaded after import = 1

========================================================================
Received Import Request.
  Time since last request: 0.000129 seconds.
  path: Assets/_Unity Essentials/Materials/Interior/Environment/TrimSheetGreenPurple.mat
  artifactKey: Guid(3252fda813d817e4a8cdc21a1aa09354) Importer(2089858483,192608db42251d675da83286b1cce702)
Start importing Assets/_Unity Essentials/Materials/Interior/Environment/TrimSheetGreenPurple.mat using Guid(3252fda813d817e4a8cdc21a1aa09354) Importer(2089858483,192608db42251d675da83286b1cce702) (ScriptedImporter)[PhysX] Initialized MultithreadedTaskDispatcher with 4 workers.
 -> (artifact id: '67167dd1d75d0c3c9113b41ae3e68b7c') in 0.012146417 seconds
Number of updated asset objects reloaded before import = 0Number of asset objects unloaded after import = 2

========================================================================
Received Import Request.
  Time since last request: 0.000087 seconds.
  path: Assets/_Unity Essentials/Sprites/Furniture/Lamp.png
  artifactKey: Guid(0da0a384bb76b4104a0c482bd3eb891b) Importer(2089858483,192608db42251d675da83286b1cce702)
Start importing Assets/_Unity Essentials/Sprites/Furniture/Lamp.png using Guid(0da0a384bb76b4104a0c482bd3eb891b) Importer(2089858483,192608db42251d675da83286b1cce702) (ScriptedImporter)[PhysX] Initialized MultithreadedTaskDispatcher with 4 workers.
 -> (artifact id: '7c8f551da32a249670381dda40f17eb7') in 0.038586208 seconds
Number of updated asset objects reloaded before import = 0Number of asset objects unloaded after import = 3

========================================================================
Received Import Request.
  Time since last request: 0.000141 seconds.
  path: Assets/_Unity Essentials/Materials/Interior/Environment/PatternSpotGreenSmall.mat
  artifactKey: Guid(a4ce96baccb03d24e8484ae0d02b6c3f) Importer(2089858483,192608db42251d675da83286b1cce702)
Start importing Assets/_Unity Essentials/Materials/Interior/Environment/PatternSpotGreenSmall.mat using Guid(a4ce96baccb03d24e8484ae0d02b6c3f) Importer(2089858483,192608db42251d675da83286b1cce702) (ScriptedImporter)[PhysX] Initialized MultithreadedTaskDispatcher with 4 workers.
 -> (artifact id: 'cc24030dafe2b1b0d2cdfa4b07e8e528') in 0.013796542 seconds
Number of updated asset objects reloaded before import = 0Number of asset objects unloaded after import = 3

========================================================================
Received Import Request.
  Time since last request: 0.000092 seconds.
  path: Assets/_Unity Essentials/Source Files/SpaceRobotKyle/Sfx/Player_Footstep_01.wav
  artifactKey: Guid(72f526a6a9890f643a88e85a61c86c8a) Importer(2089858483,192608db42251d675da83286b1cce702)
Start importing Assets/_Unity Essentials/Source Files/SpaceRobotKyle/Sfx/Player_Footstep_01.wav using Guid(72f526a6a9890f643a88e85a61c86c8a) Importer(2089858483,192608db42251d675da83286b1cce702) (ScriptedImporter)[PhysX] Initialized MultithreadedTaskDispatcher with 4 workers.
 -> (artifact id: '56429a4f16e6a532d0f5f9e2f1e49018') in 0.031905625 seconds
Number of updated asset objects reloaded before import = 0Number of asset objects unloaded after import = 1

========================================================================
Received Import Request.
  Time since last request: 0.000104 seconds.
  path: Assets/_Unity Essentials/Source Files/Lighting/Settings/Lighting Settings.lighting
  artifactKey: Guid(78151f5e58fb9f749bd5225f789faa27) Importer(2089858483,192608db42251d675da83286b1cce702)
Start importing Assets/_Unity Essentials/Source Files/Lighting/Settings/Lighting Settings.lighting using Guid(78151f5e58fb9f749bd5225f789faa27) Importer(2089858483,192608db42251d675da83286b1cce702) (ScriptedImporter)[PhysX] Initialized MultithreadedTaskDispatcher with 4 workers.
LightingSettings: switching bake backend from 1 to 2.
 -> (artifact id: '8b34fc792cfb583ea68547e5a23ee35f') in 0.019009 seconds
Number of updated asset objects reloaded before import = 0Number of asset objects unloaded after import = 1

========================================================================
Received Import Request.
  Time since last request: 0.000073 seconds.
  path: Assets/_Unity Essentials/Source Files/SpaceRobotKyle/Materials/KyleRobot.mat
  artifactKey: Guid(03ea2d256bf144dfa907b17f13aa4949) Importer(2089858483,192608db42251d675da83286b1cce702)
Start importing Assets/_Unity Essentials/Source Files/SpaceRobotKyle/Materials/KyleRobot.mat using Guid(03ea2d256bf144dfa907b17f13aa4949) Importer(2089858483,192608db42251d675da83286b1cce702) (ScriptedImporter)[PhysX] Initialized MultithreadedTaskDispatcher with 4 workers.
 -> (artifact id: '0f5e4eb5b6f7f0e171ef9b221c9a0b50') in 0.024449833 seconds
Number of updated asset objects reloaded before import = 0Number of asset objects unloaded after import = 4

========================================================================
Received Import Request.
  Time since last request: 0.000065 seconds.
  path: Assets/_Unity Essentials/Source Files/SpaceRobotKyle/Animations/StarterAssetsThirdPerson.controller
  artifactKey: Guid(40db3173a05ae3242b1c182a09b0a183) Importer(2089858483,192608db42251d675da83286b1cce702)
Start importing Assets/_Unity Essentials/Source Files/SpaceRobotKyle/Animations/StarterAssetsThirdPerson.controller using Guid(40db3173a05ae3242b1c182a09b0a183) Importer(2089858483,192608db42251d675da83286b1cce702) (ScriptedImporter)[PhysX] Initialized MultithreadedTaskDispatcher with 4 workers.
 -> (artifact id: 'a5a71f4967ffc1ced862b7821f64b973') in 0.03609925 seconds
Number of updated asset objects reloaded before import = 0Number of asset objects unloaded after import = 21

========================================================================
Received Import Request.
  Time since last request: 0.000136 seconds.
  path: Assets/_Unity Essentials/Materials/Outdoor/Tangram_Puzzle_Materials/Yellow.mat
  artifactKey: Guid(8d4f83738c619484db43198ae530fd26) Importer(2089858483,192608db42251d675da83286b1cce702)
Start importing Assets/_Unity Essentials/Materials/Outdoor/Tangram_Puzzle_Materials/Yellow.mat using Guid(8d4f83738c619484db43198ae530fd26) Importer(2089858483,192608db42251d675da83286b1cce702) (ScriptedImporter)[PhysX] Initialized MultithreadedTaskDispatcher with 4 workers.
 -> (artifact id: '7b9752e9de5e9c4948722d1bff01d6c5') in 0.013015542 seconds
Number of updated asset objects reloaded before import = 0Number of asset objects unloaded after import = 1

========================================================================
Received Import Request.
  Time since last request: 0.000105 seconds.
  path: Assets/_Unity Essentials/Prefabs/My Prefabs/Cube.prefab
  artifactKey: Guid(4d61f95d105374d71b2fe1a9136eb4a6) Importer(2089858483,192608db42251d675da83286b1cce702)
Start importing Assets/_Unity Essentials/Prefabs/My Prefabs/Cube.prefab using Guid(4d61f95d105374d71b2fe1a9136eb4a6) Importer(2089858483,192608db42251d675da83286b1cce702) (ScriptedImporter)[PhysX] Initialized MultithreadedTaskDispatcher with 4 workers.
 -> (artifact id: 'cb8e6dc5629a2c8b2bf06b9e451858eb') in 0.015474583 seconds
Number of updated asset objects reloaded before import = 0Number of asset objects unloaded after import = 8

========================================================================
Received Import Request.
  Time since last request: 0.000078 seconds.
  path: Assets/_Unity Essentials/Prefabs/Rooms/03_Living_Room.prefab
  artifactKey: Guid(625a16b402cfd487494f48992994e27e) Importer(2089858483,192608db42251d675da83286b1cce702)
Start importing Assets/_Unity Essentials/Prefabs/Rooms/03_Living_Room.prefab using Guid(625a16b402cfd487494f48992994e27e) Importer(2089858483,192608db42251d675da83286b1cce702) (ScriptedImporter)[PhysX] Initialized MultithreadedTaskDispatcher with 4 workers.
 -> (artifact id: '0614cb2a46b7a9479163faa3f6ad6a47') in 0.05320125 seconds
Number of updated asset objects reloaded before import = 0Number of asset objects unloaded after import = 414

========================================================================
Received Import Request.
  Time since last request: 0.000078 seconds.
  path: Assets/_Unity Essentials/Prefabs/Walls/WallCornerInner_Green.prefab
  artifactKey: Guid(ff036dc07569c4ad7baedb2d4691f61a) Importer(2089858483,192608db42251d675da83286b1cce702)
Start importing Assets/_Unity Essentials/Prefabs/Walls/WallCornerInner_Green.prefab using Guid(ff036dc07569c4ad7baedb2d4691f61a) Importer(2089858483,192608db42251d675da83286b1cce702) (ScriptedImporter)[PhysX] Initialized MultithreadedTaskDispatcher with 4 workers.
 -> (artifact id: '7cb5599afedfcb64b90e516038d66ca1') in 0.010809792 seconds
Number of updated asset objects reloaded before import = 0Number of asset objects unloaded after import = 30

========================================================================
Received Import Request.
  Time since last request: 0.000100 seconds.
  path: Assets/_Unity Essentials/Source Files/Lighting/2_KidsRoom_3D_Scene/LightingData.asset
  artifactKey: Guid(2fa3fa5a245d14acd8e2ea0b51dd0e01) Importer(2089858483,192608db42251d675da83286b1cce702)
Start importing Assets/_Unity Essentials/Source Files/Lighting/2_KidsRoom_3D_Scene/LightingData.asset using Guid(2fa3fa5a245d14acd8e2ea0b51dd0e01) Importer(2089858483,192608db42251d675da83286b1cce702) (ScriptedImporter)[PhysX] Initialized MultithreadedTaskDispatcher with 4 workers.
 -> (artifact id: 'ee0a20531afb9e9759edf74b269c9b0c') in 0.007076208 seconds
Number of updated asset objects reloaded before import = 0Number of asset objects unloaded after import = 2

========================================================================
Received Import Request.
  Time since last request: 0.000086 seconds.
  path: Assets/_Unity Essentials/Prefabs/VFX/VFX_2D_Burst.prefab
  artifactKey: Guid(6d15eb92a997141259e4d43b70fa3ea9) Importer(2089858483,192608db42251d675da83286b1cce702)
Start importing Assets/_Unity Essentials/Prefabs/VFX/VFX_2D_Burst.prefab using Guid(6d15eb92a997141259e4d43b70fa3ea9) Importer(2089858483,192608db42251d675da83286b1cce702) (ScriptedImporter)[PhysX] Initialized MultithreadedTaskDispatcher with 4 workers.
 -> (artifact id: '0325d02b6366f1e029c9bb15999d5eee') in 0.045835959 seconds
Number of updated asset objects reloaded before import = 0Number of asset objects unloaded after import = 6

========================================================================
Received Import Request.
  Time since last request: 0.000072 seconds.
  path: Assets/_Unity Essentials/Prefabs/Outdoor/Tube Slide/TubeSlide_Middle Variant.prefab
  artifactKey: Guid(f7599e94c0a8f49b8b43fb5a4631606d) Importer(2089858483,192608db42251d675da83286b1cce702)
Start importing Assets/_Unity Essentials/Prefabs/Outdoor/Tube Slide/TubeSlide_Middle Variant.prefab using Guid(f7599e94c0a8f49b8b43fb5a4631606d) Importer(2089858483,192608db42251d675da83286b1cce702) (ScriptedImporter)[PhysX] Initialized MultithreadedTaskDispatcher with 4 workers.
 -> (artifact id: '5a7a0012a838ab595807c709d9f62fab') in 0.006451667 seconds
Number of updated asset objects reloaded before import = 0Number of asset objects unloaded after import = 27

========================================================================
Received Import Request.
  Time since last request: 0.000066 seconds.
  path: Assets/_Unity Essentials/Source Files/Scripts/SimpleCameraController.cs
  artifactKey: Guid(aa7720d1c6c9d4766aedcef4986abdc3) Importer(2089858483,192608db42251d675da83286b1cce702)
Start importing Assets/_Unity Essentials/Source Files/Scripts/SimpleCameraController.cs using Guid(aa7720d1c6c9d4766aedcef4986abdc3) Importer(2089858483,192608db42251d675da83286b1cce702) (ScriptedImporter)[PhysX] Initialized MultithreadedTaskDispatcher with 4 workers.
 -> (artifact id: 'c517f10849f7767efea069c0b6add5a6') in 0.0042485 seconds
Number of updated asset objects reloaded before import = 0Number of asset objects unloaded after import = 0

========================================================================
Received Import Request.
  Time since last request: 0.000072 seconds.
  path: Assets/_Unity Essentials/Source Files/Lighting/3_Kitchen_Audio_Scene/LightingData.asset
  artifactKey: Guid(28ba58853fe804f21a3d5003a14e4ecc) Importer(2089858483,192608db42251d675da83286b1cce702)
Start importing Assets/_Unity Essentials/Source Files/Lighting/3_Kitchen_Audio_Scene/LightingData.asset using Guid(28ba58853fe804f21a3d5003a14e4ecc) Importer(2089858483,192608db42251d675da83286b1cce702) (ScriptedImporter)[PhysX] Initialized MultithreadedTaskDispatcher with 4 workers.
 -> (artifact id: '51c46937979c214283a1eb6f5f1b6766') in 0.005651917 seconds
Number of updated asset objects reloaded before import = 0Number of asset objects unloaded after import = 2

========================================================================
Received Import Request.
  Time since last request: 0.000068 seconds.
  path: Assets/_Unity Essentials/Prefabs/Walls/WallDoor2m_Green.prefab
  artifactKey: Guid(33555277bcde74d3489dab8ac391b3b1) Importer(2089858483,192608db42251d675da83286b1cce702)
Start importing Assets/_Unity Essentials/Prefabs/Walls/WallDoor2m_Green.prefab using Guid(33555277bcde74d3489dab8ac391b3b1) Importer(2089858483,192608db42251d675da83286b1cce702) (ScriptedImporter)[PhysX] Initialized MultithreadedTaskDispatcher with 4 workers.
 -> (artifact id: 'ecbd53b3d30e70f369654fd35e128980') in 0.005998667 seconds
Number of updated asset objects reloaded before import = 0Number of asset objects unloaded after import = 65

========================================================================
Received Import Request.
  Time since last request: 0.000069 seconds.
  path: Assets/_Unity Essentials/Prefabs/Walls/WallWindow2m.prefab
  artifactKey: Guid(7a6f862ca8c727d4c8a3ef7bc92f4b5d) Importer(2089858483,192608db42251d675da83286b1cce702)
Start importing Assets/_Unity Essentials/Prefabs/Walls/WallWindow2m.prefab using Guid(7a6f862ca8c727d4c8a3ef7bc92f4b5d) Importer(2089858483,192608db42251d675da83286b1cce702) (ScriptedImporter)[PhysX] Initialized MultithreadedTaskDispatcher with 4 workers.
 -> (artifact id: '556d481ef6686eb4a4292aafc9cb7b78') in 0.01720525 seconds
Number of updated asset objects reloaded before import = 0Number of asset objects unloaded after import = 36

========================================================================
Received Import Request.
  Time since last request: 0.000077 seconds.
  path: Assets/_Unity Essentials/Prefabs/Walls/WallCornerOuter.prefab
  artifactKey: Guid(a942236057a1d3e4f99eec0e8fc4f5b8) Importer(2089858483,192608db42251d675da83286b1cce702)
Start importing Assets/_Unity Essentials/Prefabs/Walls/WallCornerOuter.prefab using Guid(a942236057a1d3e4f99eec0e8fc4f5b8) Importer(2089858483,192608db42251d675da83286b1cce702) (ScriptedImporter)[PhysX] Initialized MultithreadedTaskDispatcher with 4 workers.
 -> (artifact id: '909865e11ba858030195ba8927126a17') in 0.005015958 seconds
Number of updated asset objects reloaded before import = 0Number of asset objects unloaded after import = 16

========================================================================
Received Import Request.
  Time since last request: 0.000058 seconds.
  path: Assets/_Unity Essentials/Textures/Outdoor/Concrete_Normal.tif
  artifactKey: Guid(ae14e9baa09e4f8488f94e6055895c9e) Importer(2089858483,192608db42251d675da83286b1cce702)
Start importing Assets/_Unity Essentials/Textures/Outdoor/Concrete_Normal.tif using Guid(ae14e9baa09e4f8488f94e6055895c9e) Importer(2089858483,192608db42251d675da83286b1cce702) (ScriptedImporter)[PhysX] Initialized MultithreadedTaskDispatcher with 4 workers.
 -> (artifact id: '03ea2415edcaeacb72fb1ac73837124c') in 0.011193541 seconds
Number of updated asset objects reloaded before import = 0Number of asset objects unloaded after import = 1

========================================================================
Received Import Request.
  Time since last request: 0.000050 seconds.
  path: Assets/_Unity Essentials/Materials/Interior/Environment/TrimSheetBlues.mat
  artifactKey: Guid(e4fdbc2bd3766404e99488c6115482f3) Importer(2089858483,192608db42251d675da83286b1cce702)
Start importing Assets/_Unity Essentials/Materials/Interior/Environment/TrimSheetBlues.mat using Guid(e4fdbc2bd3766404e99488c6115482f3) Importer(2089858483,192608db42251d675da83286b1cce702) (ScriptedImporter)[PhysX] Initialized MultithreadedTaskDispatcher with 4 workers.
 -> (artifact id: 'b9dab6a6c108af533dddb3420474f592') in 0.00870275 seconds
Number of updated asset objects reloaded before import = 0Number of asset objects unloaded after import = 2

========================================================================
Received Import Request.
  Time since last request: 0.000065 seconds.
  path: Assets/_Unity Essentials/Textures/Interior/StripesGreenLime.jpg
  artifactKey: Guid(a9f62f6e0d02f5942a326a35fcb64cd7) Importer(2089858483,192608db42251d675da83286b1cce702)
Start importing Assets/_Unity Essentials/Textures/Interior/StripesGreenLime.jpg using Guid(a9f62f6e0d02f5942a326a35fcb64cd7) Importer(2089858483,192608db42251d675da83286b1cce702) (ScriptedImporter)[PhysX] Initialized MultithreadedTaskDispatcher with 4 workers.
 -> (artifact id: 'aca37c667aaca6cb80bc9afce6c4a6c3') in 0.01185175 seconds
Number of updated asset objects reloaded before import = 0Number of asset objects unloaded after import = 1

========================================================================
Received Import Request.
  Time since last request: 0.000065 seconds.
  path: Assets/_Unity Essentials/Prefabs/Walls/WallCornerInner.prefab
  artifactKey: Guid(2ee7c4a3c08d9ae4ea14ecf15bf0aea3) Importer(2089858483,192608db42251d675da83286b1cce702)
Start importing Assets/_Unity Essentials/Prefabs/Walls/WallCornerInner.prefab using Guid(2ee7c4a3c08d9ae4ea14ecf15bf0aea3) Importer(2089858483,192608db42251d675da83286b1cce702) (ScriptedImporter)[PhysX] Initialized MultithreadedTaskDispatcher with 4 workers.
 -> (artifact id: '377b6467a82ff8166f482126496ad6b8') in 0.004956209 seconds
Number of updated asset objects reloaded before import = 0Number of asset objects unloaded after import = 16

========================================================================
Received Import Request.
  Time since last request: 0.000076 seconds.
  path: Assets/_Unity Essentials/Prefabs/Outdoor/Playset_Slide_BY001.prefab
  artifactKey: Guid(b4bcda5a493d7f34d9a0ee7834fbbdf1) Importer(2089858483,192608db42251d675da83286b1cce702)
Start importing Assets/_Unity Essentials/Prefabs/Outdoor/Playset_Slide_BY001.prefab using Guid(b4bcda5a493d7f34d9a0ee7834fbbdf1) Importer(2089858483,192608db42251d675da83286b1cce702) (ScriptedImporter)[PhysX] Initialized MultithreadedTaskDispatcher with 4 workers.
 -> (artifact id: 'a48eea3110d985698f1a20fb8c475a1e') in 0.011156167 seconds
Number of updated asset objects reloaded before import = 0Number of asset objects unloaded after import = 16

========================================================================
Received Import Request.
  Time since last request: 0.000050 seconds.
  path: Assets/_Unity Essentials/Prefabs/My Prefabs/Tower.prefab
  artifactKey: Guid(4e97656401bef4660a4f662c92fc1ffd) Importer(2089858483,192608db42251d675da83286b1cce702)
Start importing Assets/_Unity Essentials/Prefabs/My Prefabs/Tower.prefab using Guid(4e97656401bef4660a4f662c92fc1ffd) Importer(2089858483,192608db42251d675da83286b1cce702) (ScriptedImporter)[PhysX] Initialized MultithreadedTaskDispatcher with 4 workers.
 -> (artifact id: '279c8e617f1df964cc65523fb5c78e9c') in 0.004629708 seconds
Number of updated asset objects reloaded before import = 0Number of asset objects unloaded after import = 22

========================================================================
Received Import Request.
  Time since last request: 0.000071 seconds.
  path: Assets/_Unity Essentials/Sprites/Furniture/Ottoman.png
  artifactKey: Guid(ebb14b8bc10e04f8786b2883e3c01ce8) Importer(2089858483,192608db42251d675da83286b1cce702)
Start importing Assets/_Unity Essentials/Sprites/Furniture/Ottoman.png using Guid(ebb14b8bc10e04f8786b2883e3c01ce8) Importer(2089858483,192608db42251d675da83286b1cce702) (ScriptedImporter)[PhysX] Initialized MultithreadedTaskDispatcher with 4 workers.
 -> (artifact id: '1c01401cc68e13023a7fc9fa3ddb3a7a') in 0.014635167 seconds
Number of updated asset objects reloaded before import = 0Number of asset objects unloaded after import = 3

========================================================================
Received Import Request.
  Time since last request: 0.000062 seconds.
  path: Assets/_Unity Essentials/Sprites/Rugs/Rug_9Slice Green.prefab
  artifactKey: Guid(cf885677fcedb4b4e8c48673022a2ebe) Importer(2089858483,192608db42251d675da83286b1cce702)
Start importing Assets/_Unity Essentials/Sprites/Rugs/Rug_9Slice Green.prefab using Guid(cf885677fcedb4b4e8c48673022a2ebe) Importer(2089858483,192608db42251d675da83286b1cce702) (ScriptedImporter)[PhysX] Initialized MultithreadedTaskDispatcher with 4 workers.
 -> (artifact id: '16215c7b1190b80dd7a45069cafb1b60') in 0.009860416 seconds
Number of updated asset objects reloaded before import = 0Number of asset objects unloaded after import = 7

========================================================================
Received Import Request.
  Time since last request: 0.000053 seconds.
  path: Assets/_Unity Essentials/Textures/Icons/Icon_Mural.png
  artifactKey: Guid(8a2097f9b98f94640b5adcb8000718cf) Importer(2089858483,192608db42251d675da83286b1cce702)
Start importing Assets/_Unity Essentials/Textures/Icons/Icon_Mural.png using Guid(8a2097f9b98f94640b5adcb8000718cf) Importer(2089858483,192608db42251d675da83286b1cce702) (ScriptedImporter)[PhysX] Initialized MultithreadedTaskDispatcher with 4 workers.
 -> (artifact id: 'f29392ee041ebf8e060f5ca92883ba69') in 0.021564084 seconds
Number of updated asset objects reloaded before import = 0Number of asset objects unloaded after import = 1

========================================================================
Received Import Request.
  Time since last request: 0.000051 seconds.
  path: Assets/_Unity Essentials/Textures/Objects/RockingHorse.jpg
  artifactKey: Guid(ccec77f7f5aff40d99c1348b967972f2) Importer(2089858483,192608db42251d675da83286b1cce702)
Start importing Assets/_Unity Essentials/Textures/Objects/RockingHorse.jpg using Guid(ccec77f7f5aff40d99c1348b967972f2) Importer(2089858483,192608db42251d675da83286b1cce702) (ScriptedImporter)[PhysX] Initialized MultithreadedTaskDispatcher with 4 workers.
 -> (artifact id: '09fa999857b2b5d0c73d175b29a94c29') in 0.010835625 seconds
Number of updated asset objects reloaded before import = 0Number of asset objects unloaded after import = 1

========================================================================
Received Import Request.
  Time since last request: 0.000062 seconds.
  path: Assets/_Unity Essentials/Materials/Interior/Environment/WoodPlanksBrown.mat
  artifactKey: Guid(d5099de0a4714c64ca1a0e843c638fc1) Importer(2089858483,192608db42251d675da83286b1cce702)
Start importing Assets/_Unity Essentials/Materials/Interior/Environment/WoodPlanksBrown.mat using Guid(d5099de0a4714c64ca1a0e843c638fc1) Importer(2089858483,192608db42251d675da83286b1cce702) (ScriptedImporter)[PhysX] Initialized MultithreadedTaskDispatcher with 4 workers.
 -> (artifact id: 'c3e112878560b6a93bf723da60011660') in 0.007522625 seconds
Number of updated asset objects reloaded before import = 0Number of asset objects unloaded after import = 2

========================================================================
Received Import Request.
  Time since last request: 0.000061 seconds.
  path: Assets/_Unity Essentials/Source Files/Lighting/6_Bonus_Custom_Scene/ReflectionProbe-0.exr
  artifactKey: Guid(5011a33cd13a64d11a9031c2256b1f7f) Importer(2089858483,192608db42251d675da83286b1cce702)
Start importing Assets/_Unity Essentials/Source Files/Lighting/6_Bonus_Custom_Scene/ReflectionProbe-0.exr using Guid(5011a33cd13a64d11a9031c2256b1f7f) Importer(2089858483,192608db42251d675da83286b1cce702) (ScriptedImporter)[PhysX] Initialized MultithreadedTaskDispatcher with 4 workers.
 -> (artifact id: 'b72daaa5ce4c920179372189f89f804d') in 0.01383025 seconds
Number of updated asset objects reloaded before import = 0Number of asset objects unloaded after import = 1

========================================================================
Received Import Request.
  Time since last request: 0.000073 seconds.
  path: Assets/_Unity Essentials/Sprites/Furniture/Table_CoffeeDark.png
  artifactKey: Guid(7db1f59be592e46eea59bd035a2e9a52) Importer(2089858483,192608db42251d675da83286b1cce702)
Start importing Assets/_Unity Essentials/Sprites/Furniture/Table_CoffeeDark.png using Guid(7db1f59be592e46eea59bd035a2e9a52) Importer(2089858483,192608db42251d675da83286b1cce702) (ScriptedImporter)[PhysX] Initialized MultithreadedTaskDispatcher with 4 workers.
 -> (artifact id: '1a1800c65ea2eefd2231dd685fcd1b0a') in 0.014945041 seconds
Number of updated asset objects reloaded before import = 0Number of asset objects unloaded after import = 3

========================================================================
Received Import Request.
  Time since last request: 0.000053 seconds.
  path: Assets/_Unity Essentials/Sprites/Furniture/Chair_DiningBlue.png
  artifactKey: Guid(c04894ca170334008a7bcab9133cfa91) Importer(2089858483,192608db42251d675da83286b1cce702)
Start importing Assets/_Unity Essentials/Sprites/Furniture/Chair_DiningBlue.png using Guid(c04894ca170334008a7bcab9133cfa91) Importer(2089858483,192608db42251d675da83286b1cce702) (ScriptedImporter)[PhysX] Initialized MultithreadedTaskDispatcher with 4 workers.
 -> (artifact id: '7608eada210b407cf2f7694e9fc9de69') in 0.013853 seconds
Number of updated asset objects reloaded before import = 0Number of asset objects unloaded after import = 3

========================================================================
Received Import Request.
  Time since last request: 0.000053 seconds.
  path: Assets/_Unity Essentials/Textures/UI Sprites/UI_Panel_Grey_Screws.png
  artifactKey: Guid(7b48485212f65fb4ba4dd2cf853e3649) Importer(2089858483,192608db42251d675da83286b1cce702)
Start importing Assets/_Unity Essentials/Textures/UI Sprites/UI_Panel_Grey_Screws.png using Guid(7b48485212f65fb4ba4dd2cf853e3649) Importer(2089858483,192608db42251d675da83286b1cce702) (ScriptedImporter)[PhysX] Initialized MultithreadedTaskDispatcher with 4 workers.
 -> (artifact id: '3fd79bb73e2cd127bbe33663c30873af') in 0.026260083 seconds
Number of updated asset objects reloaded before import = 0Number of asset objects unloaded after import = 3

========================================================================
Received Import Request.
  Time since last request: 0.000055 seconds.
  path: Assets/_Unity Essentials/Textures/Icons/Icon_Cat.png
  artifactKey: Guid(e4b4b631ec7a2446cb7e60fb9829ac12) Importer(2089858483,192608db42251d675da83286b1cce702)
Start importing Assets/_Unity Essentials/Textures/Icons/Icon_Cat.png using Guid(e4b4b631ec7a2446cb7e60fb9829ac12) Importer(2089858483,192608db42251d675da83286b1cce702) (ScriptedImporter)[PhysX] Initialized MultithreadedTaskDispatcher with 4 workers.
 -> (artifact id: 'c8be7b16923ab3334083daec2c27b437') in 0.0118795 seconds
Number of updated asset objects reloaded before import = 0Number of asset objects unloaded after import = 1

========================================================================
Received Import Request.
  Time since last request: 0.000063 seconds.
  path: Assets/_Unity Essentials/Textures/Interior/TrimSheet_Blues.jpg
  artifactKey: Guid(df5855ebeb934c84f8b073e36c879f78) Importer(2089858483,192608db42251d675da83286b1cce702)
Start importing Assets/_Unity Essentials/Textures/Interior/TrimSheet_Blues.jpg using Guid(df5855ebeb934c84f8b073e36c879f78) Importer(2089858483,192608db42251d675da83286b1cce702) (ScriptedImporter)[PhysX] Initialized MultithreadedTaskDispatcher with 4 workers.
 -> (artifact id: 'cc7289c95d5a74afe0e34d0c16dae7ea') in 0.0105635 seconds
Number of updated asset objects reloaded before import = 0Number of asset objects unloaded after import = 1

========================================================================
Received Import Request.
  Time since last request: 0.000069 seconds.
  path: Assets/_Unity Essentials/Materials/Interior/Collectibles/Material_Heart.mat
  artifactKey: Guid(380186f83f779f243879b18eb826e8d4) Importer(2089858483,192608db42251d675da83286b1cce702)
Start importing Assets/_Unity Essentials/Materials/Interior/Collectibles/Material_Heart.mat using Guid(380186f83f779f243879b18eb826e8d4) Importer(2089858483,192608db42251d675da83286b1cce702) (ScriptedImporter)[PhysX] Initialized MultithreadedTaskDispatcher with 4 workers.
 -> (artifact id: '68c755839a9eb301b8cffd778aafe202') in 0.0107005 seconds
Number of updated asset objects reloaded before import = 0Number of asset objects unloaded after import = 3

========================================================================
Received Import Request.
  Time since last request: 0.000067 seconds.
  path: Assets/_Unity Essentials/Materials/Interior/Environment/PatternStripeGreen.mat
  artifactKey: Guid(f22528325483e2746a2c633d7a2ae22c) Importer(2089858483,192608db42251d675da83286b1cce702)
Start importing Assets/_Unity Essentials/Materials/Interior/Environment/PatternStripeGreen.mat using Guid(f22528325483e2746a2c633d7a2ae22c) Importer(2089858483,192608db42251d675da83286b1cce702) (ScriptedImporter)[PhysX] Initialized MultithreadedTaskDispatcher with 4 workers.
 -> (artifact id: '87e9ed189b6d9f0935983b614b9ec098') in 0.007215542 seconds
Number of updated asset objects reloaded before import = 0Number of asset objects unloaded after import = 2

========================================================================
Received Import Request.
  Time since last request: 0.000054 seconds.
  path: Assets/_Unity Essentials/Source Files/Lighting/-1_Starter_Scene/ReflectionProbe-0.exr
  artifactKey: Guid(4bbccaa1a1da5497c88f6430425c0e50) Importer(2089858483,192608db42251d675da83286b1cce702)
Start importing Assets/_Unity Essentials/Source Files/Lighting/-1_Starter_Scene/ReflectionProbe-0.exr using Guid(4bbccaa1a1da5497c88f6430425c0e50) Importer(2089858483,192608db42251d675da83286b1cce702) (ScriptedImporter)[PhysX] Initialized MultithreadedTaskDispatcher with 4 workers.
 -> (artifact id: '03ec74114b0a4595efac6e0205e2ae41') in 0.009279541 seconds
Number of updated asset objects reloaded before import = 0Number of asset objects unloaded after import = 1

========================================================================
Received Import Request.
  Time since last request: 0.000061 seconds.
  path: Assets/_Unity Essentials/Source Files/SpaceRobotKyle/Sfx/Player_Footstep_02.wav
  artifactKey: Guid(85016e0f2b01da248b9663dd49a161b0) Importer(2089858483,192608db42251d675da83286b1cce702)
Start importing Assets/_Unity Essentials/Source Files/SpaceRobotKyle/Sfx/Player_Footstep_02.wav using Guid(85016e0f2b01da248b9663dd49a161b0) Importer(2089858483,192608db42251d675da83286b1cce702) (ScriptedImporter)[PhysX] Initialized MultithreadedTaskDispatcher with 4 workers.
 -> (artifact id: '8f6a325f75c60e56a3ed08bd4e763450') in 0.018292875 seconds
Number of updated asset objects reloaded before import = 0Number of asset objects unloaded after import = 1

========================================================================
Received Import Request.
  Time since last request: 0.000067 seconds.
  path: Assets/_Unity Essentials/Prefabs/Walls/WallWindowTall4m.prefab
  artifactKey: Guid(e79ec92704f45584dbb6e0e569b69d8c) Importer(2089858483,192608db42251d675da83286b1cce702)
Start importing Assets/_Unity Essentials/Prefabs/Walls/WallWindowTall4m.prefab using Guid(e79ec92704f45584dbb6e0e569b69d8c) Importer(2089858483,192608db42251d675da83286b1cce702) (ScriptedImporter)[PhysX] Initialized MultithreadedTaskDispatcher with 4 workers.
 -> (artifact id: 'a6ccc8c7ba2693a8da1e80e1e59c4cea') in 0.005868542 seconds
Number of updated asset objects reloaded before import = 0Number of asset objects unloaded after import = 28

========================================================================
Received Import Request.
  Time since last request: 0.000062 seconds.
  path: Assets/_Unity Essentials/Source Files/Lighting/1_Playground_Navigation_Scene/ReflectionProbe-0.exr
  artifactKey: Guid(d42f27edf1c38413c9e17b107757ef53) Importer(2089858483,192608db42251d675da83286b1cce702)
Start importing Assets/_Unity Essentials/Source Files/Lighting/1_Playground_Navigation_Scene/ReflectionProbe-0.exr using Guid(d42f27edf1c38413c9e17b107757ef53) Importer(2089858483,192608db42251d675da83286b1cce702) (ScriptedImporter)[PhysX] Initialized MultithreadedTaskDispatcher with 4 workers.
 -> (artifact id: '4f565f2957090df34ac0def7fbc49ce4') in 0.009105458 seconds
Number of updated asset objects reloaded before import = 0Number of asset objects unloaded after import = 1

========================================================================
Received Import Request.
  Time since last request: 0.000068 seconds.
  path: Assets/_Unity Essentials/Materials/Interior/Environment/PatternStripeGrey.mat
  artifactKey: Guid(f95d116f9690653489083d8ea7ca3c29) Importer(2089858483,192608db42251d675da83286b1cce702)
Start importing Assets/_Unity Essentials/Materials/Interior/Environment/PatternStripeGrey.mat using Guid(f95d116f9690653489083d8ea7ca3c29) Importer(2089858483,192608db42251d675da83286b1cce702) (ScriptedImporter)[PhysX] Initialized MultithreadedTaskDispatcher with 4 workers.
 -> (artifact id: '899c88ed9a20c5cd1645b9c7004cc05f') in 0.007196083 seconds
Number of updated asset objects reloaded before import = 0Number of asset objects unloaded after import = 2

========================================================================
Received Import Request.
  Time since last request: 0.000058 seconds.
  path: Assets/_Unity Essentials/Models/Outdoor/Slide/TubeSlide_Bottom.obj
  artifactKey: Guid(74298ec80bc2645c6a9fc3b3b0310de2) Importer(2089858483,192608db42251d675da83286b1cce702)
Start importing Assets/_Unity Essentials/Models/Outdoor/Slide/TubeSlide_Bottom.obj using Guid(74298ec80bc2645c6a9fc3b3b0310de2) Importer(2089858483,192608db42251d675da83286b1cce702) (ScriptedImporter)[PhysX] Initialized MultithreadedTaskDispatcher with 4 workers.
 -> (artifact id: '3dc3207a168322900c56bd6303bb5f32') in 0.023727542 seconds
Number of updated asset objects reloaded before import = 0Number of asset objects unloaded after import = 10

========================================================================
Received Import Request.
  Time since last request: 0.000061 seconds.
  path: Assets/_Unity Essentials/Textures/Interior/TrimSheet_Purples.jpg
  artifactKey: Guid(82f506f38dd51b14988d918088a34085) Importer(2089858483,192608db42251d675da83286b1cce702)
Start importing Assets/_Unity Essentials/Textures/Interior/TrimSheet_Purples.jpg using Guid(82f506f38dd51b14988d918088a34085) Importer(2089858483,192608db42251d675da83286b1cce702) (ScriptedImporter)[PhysX] Initialized MultithreadedTaskDispatcher with 4 workers.
 -> (artifact id: '23fae4f12e422dc60aa3608586be556c') in 0.010784334 seconds
Number of updated asset objects reloaded before import = 0Number of asset objects unloaded after import = 1

========================================================================
Received Import Request.
  Time since last request: 0.000063 seconds.
  path: Assets/_Unity Essentials/Materials/Interior/Environment/SmallProps.mat
  artifactKey: Guid(ec3aef968e8b7cd4dbde72f86144a923) Importer(2089858483,192608db42251d675da83286b1cce702)
Start importing Assets/_Unity Essentials/Materials/Interior/Environment/SmallProps.mat using Guid(ec3aef968e8b7cd4dbde72f86144a923) Importer(2089858483,192608db42251d675da83286b1cce702) (ScriptedImporter)[PhysX] Initialized MultithreadedTaskDispatcher with 4 workers.
 -> (artifact id: '086ace57f55c293658e89d65547abf59') in 0.007171875 seconds
Number of updated asset objects reloaded before import = 0Number of asset objects unloaded after import = 2

========================================================================
Received Import Request.
  Time since last request: 0.000063 seconds.
  path: Assets/_Unity Essentials/Source Files/Scripts/StarterSceneStar.cs
  artifactKey: Guid(55fcea8a4058c4d1aa6ca8fea4168f51) Importer(2089858483,192608db42251d675da83286b1cce702)
Start importing Assets/_Unity Essentials/Source Files/Scripts/StarterSceneStar.cs using Guid(55fcea8a4058c4d1aa6ca8fea4168f51) Importer(2089858483,192608db42251d675da83286b1cce702) (ScriptedImporter)[PhysX] Initialized MultithreadedTaskDispatcher with 4 workers.
 -> (artifact id: 'b88dff2a3132442eb86752ab737f0491') in 0.003840875 seconds
Number of updated asset objects reloaded before import = 0Number of asset objects unloaded after import = 0

========================================================================
Received Import Request.
  Time since last request: 0.000067 seconds.
  path: Assets/_Unity Essentials/Prefabs/Tangram Puzzle/Tangram-Reference.prefab
  artifactKey: Guid(18900d1140d644446a9a2be65a18f8e0) Importer(2089858483,192608db42251d675da83286b1cce702)
Start importing Assets/_Unity Essentials/Prefabs/Tangram Puzzle/Tangram-Reference.prefab using Guid(18900d1140d644446a9a2be65a18f8e0) Importer(2089858483,192608db42251d675da83286b1cce702) (ScriptedImporter)[PhysX] Initialized MultithreadedTaskDispatcher with 4 workers.
 -> (artifact id: '435617f3c9dd0c802dffbaf54a213636') in 0.005799458 seconds
Number of updated asset objects reloaded before import = 0Number of asset objects unloaded after import = 9

========================================================================
Received Import Request.
  Time since last request: 0.000071 seconds.
  path: Assets/_Unity Essentials/Sprites/Characters/Car_2D.png
  artifactKey: Guid(eb1cd52e2fb8b436aaae3d6033db79c9) Importer(2089858483,192608db42251d675da83286b1cce702)
Start importing Assets/_Unity Essentials/Sprites/Characters/Car_2D.png using Guid(eb1cd52e2fb8b436aaae3d6033db79c9) Importer(2089858483,192608db42251d675da83286b1cce702) (ScriptedImporter)[PhysX] Initialized MultithreadedTaskDispatcher with 4 workers.
 -> (artifact id: '1e7beba4b4105c975228ea72c0b96431') in 0.018020958 seconds
Number of updated asset objects reloaded before import = 0Number of asset objects unloaded after import = 3

========================================================================
Received Import Request.
  Time since last request: 0.000061 seconds.
  path: Assets/_Unity Essentials/Prefabs/Outdoor/Chair_34in_BY001.prefab
  artifactKey: Guid(8d921d965a0240d4f88f5660fcf9f2b6) Importer(2089858483,192608db42251d675da83286b1cce702)
Start importing Assets/_Unity Essentials/Prefabs/Outdoor/Chair_34in_BY001.prefab using Guid(8d921d965a0240d4f88f5660fcf9f2b6) Importer(2089858483,192608db42251d675da83286b1cce702) (ScriptedImporter)[PhysX] Initialized MultithreadedTaskDispatcher with 4 workers.
 -> (artifact id: '2f3625a490dedca020b990d4ac0670af') in 0.01122925 seconds
Number of updated asset objects reloaded before import = 0Number of asset objects unloaded after import = 16

========================================================================
Received Import Request.
  Time since last request: 0.000070 seconds.
  path: Assets/_Unity Essentials/Materials/Interior/Collectibles/Material_Musicnotes.mat
  artifactKey: Guid(46f8cce9075b6ee44a210631789ef079) Importer(2089858483,192608db42251d675da83286b1cce702)
Start importing Assets/_Unity Essentials/Materials/Interior/Collectibles/Material_Musicnotes.mat using Guid(46f8cce9075b6ee44a210631789ef079) Importer(2089858483,192608db42251d675da83286b1cce702) (ScriptedImporter)[PhysX] Initialized MultithreadedTaskDispatcher with 4 workers.
 -> (artifact id: 'ca1a3dfabb56da870fb9a4e492e996b7') in 0.005699917 seconds
Number of updated asset objects reloaded before import = 0Number of asset objects unloaded after import = 2

========================================================================
Received Import Request.
  Time since last request: 0.000061 seconds.
  path: Assets/_Unity Essentials/Materials/Interior/Collectibles/Material_Potion.mat
  artifactKey: Guid(a3ed096af7200404bbcfc691287b1cc1) Importer(2089858483,192608db42251d675da83286b1cce702)
Start importing Assets/_Unity Essentials/Materials/Interior/Collectibles/Material_Potion.mat using Guid(a3ed096af7200404bbcfc691287b1cc1) Importer(2089858483,192608db42251d675da83286b1cce702) (ScriptedImporter)[PhysX] Initialized MultithreadedTaskDispatcher with 4 workers.
 -> (artifact id: '25ce103b0e886a015ac55827230384cd') in 0.021472583 seconds
Number of updated asset objects reloaded before import = 0Number of asset objects unloaded after import = 5

========================================================================
Received Import Request.
  Time since last request: 0.000071 seconds.
  path: Assets/_Unity Essentials/Sprites/Collectibles/Rock_2D.prefab
  artifactKey: Guid(f3f1b998ef1ca4bee8b13e3024c62cee) Importer(2089858483,192608db42251d675da83286b1cce702)
Start importing Assets/_Unity Essentials/Sprites/Collectibles/Rock_2D.prefab using Guid(f3f1b998ef1ca4bee8b13e3024c62cee) Importer(2089858483,192608db42251d675da83286b1cce702) (ScriptedImporter)[PhysX] Initialized MultithreadedTaskDispatcher with 4 workers.
 -> (artifact id: 'ef77e6284117f00d209e02d8059465d2') in 0.034675208 seconds
Number of updated asset objects reloaded before import = 0Number of asset objects unloaded after import = 14

========================================================================
Received Import Request.
  Time since last request: 0.000061 seconds.
  path: Assets/_Unity Essentials/Materials/Interior/Environment/WallsBlue.mat
  artifactKey: Guid(9eaf7873583253a4eb7f91ae48b41745) Importer(2089858483,192608db42251d675da83286b1cce702)
Start importing Assets/_Unity Essentials/Materials/Interior/Environment/WallsBlue.mat using Guid(9eaf7873583253a4eb7f91ae48b41745) Importer(2089858483,192608db42251d675da83286b1cce702) (ScriptedImporter)[PhysX] Initialized MultithreadedTaskDispatcher with 4 workers.
 -> (artifact id: 'd411224d559f8013dcfe8e2dbb6896b0') in 0.007566875 seconds
Number of updated asset objects reloaded before import = 0Number of asset objects unloaded after import = 2

========================================================================
Received Import Request.
  Time since last request: 0.000061 seconds.
  path: Assets/_Unity Essentials/Prefabs/Outdoor/Flagstone_3in_BY001.prefab
  artifactKey: Guid(332ac4862cf10f14d807d61068a9a3e4) Importer(2089858483,192608db42251d675da83286b1cce702)
Start importing Assets/_Unity Essentials/Prefabs/Outdoor/Flagstone_3in_BY001.prefab using Guid(332ac4862cf10f14d807d61068a9a3e4) Importer(2089858483,192608db42251d675da83286b1cce702) (ScriptedImporter)[PhysX] Initialized MultithreadedTaskDispatcher with 4 workers.
 -> (artifact id: '024d7dbf5ff30da27ee18cd864490beb') in 0.01091725 seconds
Number of updated asset objects reloaded before import = 0Number of asset objects unloaded after import = 16

========================================================================
Received Import Request.
  Time since last request: 0.000084 seconds.
  path: Assets/_Unity Essentials/Prefabs/Living Room/ShelvesMediumA.prefab
  artifactKey: Guid(e37536240892e1f49a7ccddc63ac1a4b) Importer(2089858483,192608db42251d675da83286b1cce702)
Start importing Assets/_Unity Essentials/Prefabs/Living Room/ShelvesMediumA.prefab using Guid(e37536240892e1f49a7ccddc63ac1a4b) Importer(2089858483,192608db42251d675da83286b1cce702) (ScriptedImporter)[PhysX] Initialized MultithreadedTaskDispatcher with 4 workers.
 -> (artifact id: '9849b759b1822cadb4fdfe63a5f67840') in 0.009559041 seconds
Number of updated asset objects reloaded before import = 0Number of asset objects unloaded after import = 8

========================================================================
Received Import Request.
  Time since last request: 0.000093 seconds.
  path: Assets/_Unity Essentials/Textures/Pickups/3D/Key_Albedo.png
  artifactKey: Guid(ec8d26b2699fb874bbf8d406aa51f097) Importer(2089858483,192608db42251d675da83286b1cce702)
Start importing Assets/_Unity Essentials/Textures/Pickups/3D/Key_Albedo.png using Guid(ec8d26b2699fb874bbf8d406aa51f097) Importer(2089858483,192608db42251d675da83286b1cce702) (ScriptedImporter)[PhysX] Initialized MultithreadedTaskDispatcher with 4 workers.
 -> (artifact id: '0db8b384fc8971467af5222a608efbed') in 0.012611625 seconds
Number of updated asset objects reloaded before import = 0Number of asset objects unloaded after import = 1

========================================================================
Received Import Request.
  Time since last request: 0.000089 seconds.
  path: Assets/_Unity Essentials/Textures/Pickups/3D/scroll_Normal.png
  artifactKey: Guid(1ae72b57368067744b5d5b44ae0c15c6) Importer(2089858483,192608db42251d675da83286b1cce702)
Start importing Assets/_Unity Essentials/Textures/Pickups/3D/scroll_Normal.png using Guid(1ae72b57368067744b5d5b44ae0c15c6) Importer(2089858483,192608db42251d675da83286b1cce702) (ScriptedImporter)[PhysX] Initialized MultithreadedTaskDispatcher with 4 workers.
 -> (artifact id: 'a2527a72ea846cd824c5f6ec71448922') in 0.014233167 seconds
Number of updated asset objects reloaded before import = 0Number of asset objects unloaded after import = 1

========================================================================
Received Import Request.
  Time since last request: 0.000120 seconds.
  path: Assets/_Unity Essentials/Materials/Interior/Objects/Pot_Materials/Pot_Red.mat
  artifactKey: Guid(d759e55ad86054b95905ae3d37c6dabf) Importer(2089858483,192608db42251d675da83286b1cce702)
Start importing Assets/_Unity Essentials/Materials/Interior/Objects/Pot_Materials/Pot_Red.mat using Guid(d759e55ad86054b95905ae3d37c6dabf) Importer(2089858483,192608db42251d675da83286b1cce702) (ScriptedImporter)[PhysX] Initialized MultithreadedTaskDispatcher with 4 workers.
 -> (artifact id: '7962365dd8d2bb4846851aadf4a6eb63') in 0.007033083 seconds
Number of updated asset objects reloaded before import = 0Number of asset objects unloaded after import = 1

========================================================================
Received Import Request.
  Time since last request: 0.000081 seconds.
  path: Assets/_Unity Essentials/Textures/Pickups/3D/PotionBottle_Normal.png
  artifactKey: Guid(08a26838613d6cf44adaaf6bc7d36173) Importer(2089858483,192608db42251d675da83286b1cce702)
Start importing Assets/_Unity Essentials/Textures/Pickups/3D/PotionBottle_Normal.png using Guid(08a26838613d6cf44adaaf6bc7d36173) Importer(2089858483,192608db42251d675da83286b1cce702) (ScriptedImporter)[PhysX] Initialized MultithreadedTaskDispatcher with 4 workers.
 -> (artifact id: '123b6291506b5889a70ce0a5446560e9') in 0.012835292 seconds
Number of updated asset objects reloaded before import = 0Number of asset objects unloaded after import = 1

========================================================================
Received Import Request.
  Time since last request: 0.000156 seconds.
  path: Assets/_Unity Essentials/Textures/Pickups/3D/Key Food Cucumber_Normal.png
  artifactKey: Guid(5c88fe1d83f3ad54d808cd93a64f5780) Importer(2089858483,192608db42251d675da83286b1cce702)
Start importing Assets/_Unity Essentials/Textures/Pickups/3D/Key Food Cucumber_Normal.png using Guid(5c88fe1d83f3ad54d808cd93a64f5780) Importer(2089858483,192608db42251d675da83286b1cce702) (ScriptedImporter)[PhysX] Initialized MultithreadedTaskDispatcher with 4 workers.
 -> (artifact id: '3a390bdeb4f6e468071cd21e4bf540d6') in 0.025258209 seconds
Number of updated asset objects reloaded before import = 0Number of asset objects unloaded after import = 1

========================================================================
Received Import Request.
  Time since last request: 0.000087 seconds.
  path: Assets/_Unity Essentials/Textures/Pickups/3D/PotionsMoney_MetallicSmoothness.tif
  artifactKey: Guid(76f4abc6df7f02a4dab0dba04b869133) Importer(2089858483,192608db42251d675da83286b1cce702)
Start importing Assets/_Unity Essentials/Textures/Pickups/3D/PotionsMoney_MetallicSmoothness.tif using Guid(76f4abc6df7f02a4dab0dba04b869133) Importer(2089858483,192608db42251d675da83286b1cce702) (ScriptedImporter)[PhysX] Initialized MultithreadedTaskDispatcher with 4 workers.
 -> (artifact id: 'bdfa225227f555e6779bb0f5335281a3') in 0.016247584 seconds
Number of updated asset objects reloaded before import = 0Number of asset objects unloaded after import = 1

========================================================================
Received Import Request.
  Time since last request: 0.000097 seconds.
  path: Assets/_Unity Essentials/Textures/Pickups/3D/PotionBottle_AO.png
  artifactKey: Guid(7edc9e4223691f74889345d9a808f627) Importer(2089858483,192608db42251d675da83286b1cce702)
Start importing Assets/_Unity Essentials/Textures/Pickups/3D/PotionBottle_AO.png using Guid(7edc9e4223691f74889345d9a808f627) Importer(2089858483,192608db42251d675da83286b1cce702) (ScriptedImporter)[PhysX] Initialized MultithreadedTaskDispatcher with 4 workers.
 -> (artifact id: '0f7692a247e6fdd0b3951ec58c51f91e') in 0.012723958 seconds
Number of updated asset objects reloaded before import = 0Number of asset objects unloaded after import = 1

========================================================================
Received Import Request.
  Time since last request: 0.000083 seconds.
  path: Assets/_Unity Essentials/Textures/Pickups/3D/PotionsMoney_Occlusion.tif
  artifactKey: Guid(2b2eed0c7182a094cb04b5f44adad694) Importer(2089858483,192608db42251d675da83286b1cce702)
Start importing Assets/_Unity Essentials/Textures/Pickups/3D/PotionsMoney_Occlusion.tif using Guid(2b2eed0c7182a094cb04b5f44adad694) Importer(2089858483,192608db42251d675da83286b1cce702) (ScriptedImporter)[PhysX] Initialized MultithreadedTaskDispatcher with 4 workers.
 -> (artifact id: 'f969094778ea32841ce55e86b1650e82') in 0.013555791 seconds
Number of updated asset objects reloaded before import = 0Number of asset objects unloaded after import = 1

========================================================================
Received Import Request.
  Time since last request: 0.000099 seconds.
  path: Assets/_Unity Essentials/Textures/Pickups/3D/Coin_Albedo.png
  artifactKey: Guid(dffc90fe7383e3744a7555819b986e7a) Importer(2089858483,192608db42251d675da83286b1cce702)
Start importing Assets/_Unity Essentials/Textures/Pickups/3D/Coin_Albedo.png using Guid(dffc90fe7383e3744a7555819b986e7a) Importer(2089858483,192608db42251d675da83286b1cce702) (ScriptedImporter)[PhysX] Initialized MultithreadedTaskDispatcher with 4 workers.
 -> (artifact id: 'd7fcbed6dafac415e5129f1d78bec41a') in 0.014769375 seconds
Number of updated asset objects reloaded before import = 0Number of asset objects unloaded after import = 1

========================================================================
Received Import Request.
  Time since last request: 0.000262 seconds.
  path: Assets/_Unity Essentials/Source Files/SpaceRobotKyle/Sfx/Player_Footstep_10.wav
  artifactKey: Guid(a3194b8bbc96ef84fab1f98f4b7dae3e) Importer(2089858483,192608db42251d675da83286b1cce702)
Start importing Assets/_Unity Essentials/Source Files/SpaceRobotKyle/Sfx/Player_Footstep_10.wav using Guid(a3194b8bbc96ef84fab1f98f4b7dae3e) Importer(2089858483,192608db42251d675da83286b1cce702) (ScriptedImporter)[PhysX] Initialized MultithreadedTaskDispatcher with 4 workers.
 -> (artifact id: '6d46982b946116c476a0bb632096b542') in 0.021878417 seconds
Number of updated asset objects reloaded before import = 0Number of asset objects unloaded after import = 1

========================================================================
Received Import Request.
  Time since last request: 0.000079 seconds.
  path: Assets/_Unity Essentials/Textures/Pickups/3D/scroll_Albedo.png
  artifactKey: Guid(3e916b565b6c2f846986e412f5d90fc7) Importer(2089858483,192608db42251d675da83286b1cce702)
Start importing Assets/_Unity Essentials/Textures/Pickups/3D/scroll_Albedo.png using Guid(3e916b565b6c2f846986e412f5d90fc7) Importer(2089858483,192608db42251d675da83286b1cce702) (ScriptedImporter)[PhysX] Initialized MultithreadedTaskDispatcher with 4 workers.
 -> (artifact id: '249799f13bc33e40e5646daee4897fb8') in 0.013646584 seconds
Number of updated asset objects reloaded before import = 0Number of asset objects unloaded after import = 1

========================================================================
Received Import Request.
  Time since last request: 0.000077 seconds.
  path: Assets/_Unity Essentials/Textures/Pickups/2D/Cheese_2D.png
  artifactKey: Guid(4a05a259aaec445b6848eaf8f321b81a) Importer(2089858483,192608db42251d675da83286b1cce702)
Start importing Assets/_Unity Essentials/Textures/Pickups/2D/Cheese_2D.png using Guid(4a05a259aaec445b6848eaf8f321b81a) Importer(2089858483,192608db42251d675da83286b1cce702) (ScriptedImporter)[PhysX] Initialized MultithreadedTaskDispatcher with 4 workers.
 -> (artifact id: '5e727cd776f6407332ee489389c47c54') in 0.01457325 seconds
Number of updated asset objects reloaded before import = 0Number of asset objects unloaded after import = 3

========================================================================
Received Import Request.
  Time since last request: 0.000059 seconds.
  path: Assets/_Unity Essentials/Textures/Pickups/3D/Gems_Albedo.png
  artifactKey: Guid(23c00a36c09d1714a9e034910f50ff99) Importer(2089858483,192608db42251d675da83286b1cce702)
Start importing Assets/_Unity Essentials/Textures/Pickups/3D/Gems_Albedo.png using Guid(23c00a36c09d1714a9e034910f50ff99) Importer(2089858483,192608db42251d675da83286b1cce702) (ScriptedImporter)[PhysX] Initialized MultithreadedTaskDispatcher with 4 workers.
 -> (artifact id: '1031ee4e34dca782a3c6da52fd821cf5') in 0.024999125 seconds
Number of updated asset objects reloaded before import = 0Number of asset objects unloaded after import = 1

========================================================================
Received Import Request.
  Time since last request: 0.000228 seconds.
  path: Assets/_Unity Essentials/Textures/Pickups/3D/Heart_Albedo.png
  artifactKey: Guid(81fbd1d9dfbd9974881f077b42dc4991) Importer(2089858483,192608db42251d675da83286b1cce702)
Start importing Assets/_Unity Essentials/Textures/Pickups/3D/Heart_Albedo.png using Guid(81fbd1d9dfbd9974881f077b42dc4991) Importer(2089858483,192608db42251d675da83286b1cce702) (ScriptedImporter)[PhysX] Initialized MultithreadedTaskDispatcher with 4 workers.
 -> (artifact id: '7a402fa4c2044be4721dd89d8818a2d7') in 0.013802666 seconds
Number of updated asset objects reloaded before import = 0Number of asset objects unloaded after import = 1

========================================================================
Received Import Request.
  Time since last request: 0.000080 seconds.
  path: Assets/_Unity Essentials/Source Files/ThirdPersonController/Scripts/BasicRigidBodyPush.cs
  artifactKey: Guid(909d917d73a63f940ac158d02e936645) Importer(2089858483,192608db42251d675da83286b1cce702)
Start importing Assets/_Unity Essentials/Source Files/ThirdPersonController/Scripts/BasicRigidBodyPush.cs using Guid(909d917d73a63f940ac158d02e936645) Importer(2089858483,192608db42251d675da83286b1cce702) (ScriptedImporter)[PhysX] Initialized MultithreadedTaskDispatcher with 4 workers.
 -> (artifact id: '6f56b94d705e0d273fb2a2049f4d8de1') in 0.006013417 seconds
Number of updated asset objects reloaded before import = 0Number of asset objects unloaded after import = 0

========================================================================
Received Import Request.
  Time since last request: 0.000092 seconds.
  path: Assets/_Unity Essentials/Materials/Interior/Objects/Pot_Materials/Metal.mat
  artifactKey: Guid(cc5947f28807abe4eb8a8d83b741f243) Importer(2089858483,192608db42251d675da83286b1cce702)
Start importing Assets/_Unity Essentials/Materials/Interior/Objects/Pot_Materials/Metal.mat using Guid(cc5947f28807abe4eb8a8d83b741f243) Importer(2089858483,192608db42251d675da83286b1cce702) (ScriptedImporter)[PhysX] Initialized MultithreadedTaskDispatcher with 4 workers.
 -> (artifact id: 'eb47fbc35a3725fa1f0214ef189b0293') in 0.009226042 seconds
Number of updated asset objects reloaded before import = 0Number of asset objects unloaded after import = 1

========================================================================
Received Import Request.
  Time since last request: 0.000087 seconds.
  path: Assets/_Unity Essentials/Source Files/SpaceRobotKyle/Sfx/Player_Footstep_04.wav
  artifactKey: Guid(1a91fcd19acf1e54bba0945d9f390849) Importer(2089858483,192608db42251d675da83286b1cce702)
Start importing Assets/_Unity Essentials/Source Files/SpaceRobotKyle/Sfx/Player_Footstep_04.wav using Guid(1a91fcd19acf1e54bba0945d9f390849) Importer(2089858483,192608db42251d675da83286b1cce702) (ScriptedImporter)[PhysX] Initialized MultithreadedTaskDispatcher with 4 workers.
 -> (artifact id: '0f62206c0ac703d54a24c711117ada9d') in 0.03934825 seconds
Number of updated asset objects reloaded before import = 0Number of asset objects unloaded after import = 1

========================================================================
Received Import Request.
  Time since last request: 0.000189 seconds.
  path: Assets/_Unity Essentials/Textures/Pickups/3D/PotionsMoney_Normal.tif
  artifactKey: Guid(2dd06430229340c4292f5e19a47d9922) Importer(2089858483,192608db42251d675da83286b1cce702)
Start importing Assets/_Unity Essentials/Textures/Pickups/3D/PotionsMoney_Normal.tif using Guid(2dd06430229340c4292f5e19a47d9922) Importer(2089858483,192608db42251d675da83286b1cce702) (ScriptedImporter)[PhysX] Initialized MultithreadedTaskDispatcher with 4 workers.
 -> (artifact id: 'e6c1bed4de9bad5a6af0334ef12c6351') in 0.020670208 seconds
Number of updated asset objects reloaded before import = 0Number of asset objects unloaded after import = 1

========================================================================
Received Import Request.
  Time since last request: 0.000129 seconds.
  path: Assets/_Unity Essentials/Textures/Pickups/3D/Coin_MetallicSmoothness.png
  artifactKey: Guid(5cbd80095954b08419eae12f98571890) Importer(2089858483,192608db42251d675da83286b1cce702)
Start importing Assets/_Unity Essentials/Textures/Pickups/3D/Coin_MetallicSmoothness.png using Guid(5cbd80095954b08419eae12f98571890) Importer(2089858483,192608db42251d675da83286b1cce702) (ScriptedImporter)[PhysX] Initialized MultithreadedTaskDispatcher with 4 workers.
 -> (artifact id: 'c404de459ebd6e428eeb7468c22d19e5') in 0.017383458 seconds
Number of updated asset objects reloaded before import = 0Number of asset objects unloaded after import = 1

========================================================================
Received Import Request.
  Time since last request: 0.000117 seconds.
  path: Assets/_Unity Essentials/Materials/Interior/Objects/Pot_Materials/Bubbles.mat
  artifactKey: Guid(f5ec6bc9bd1c41149868cc7f19ee97fc) Importer(2089858483,192608db42251d675da83286b1cce702)
Start importing Assets/_Unity Essentials/Materials/Interior/Objects/Pot_Materials/Bubbles.mat using Guid(f5ec6bc9bd1c41149868cc7f19ee97fc) Importer(2089858483,192608db42251d675da83286b1cce702) (ScriptedImporter)[PhysX] Initialized MultithreadedTaskDispatcher with 4 workers.
 -> (artifact id: '14834bdcf7cfa021b2f0a003943c2206') in 0.00909875 seconds
Number of updated asset objects reloaded before import = 0Number of asset objects unloaded after import = 1

========================================================================
Received Import Request.
  Time since last request: 0.000085 seconds.
  path: Assets/_Unity Essentials/Source Files/SpaceRobotKyle/Sfx/Player_Footstep_08.wav
  artifactKey: Guid(67c8b33e424ccdc4486edf538ab91c5a) Importer(2089858483,192608db42251d675da83286b1cce702)
Start importing Assets/_Unity Essentials/Source Files/SpaceRobotKyle/Sfx/Player_Footstep_08.wav using Guid(67c8b33e424ccdc4486edf538ab91c5a) Importer(2089858483,192608db42251d675da83286b1cce702) (ScriptedImporter)[PhysX] Initialized MultithreadedTaskDispatcher with 4 workers.
 -> (artifact id: '3ccfeda607c4ad781d3db7987374afb6') in 0.025004875 seconds
Number of updated asset objects reloaded before import = 0Number of asset objects unloaded after import = 1

========================================================================
Received Import Request.
  Time since last request: 0.000107 seconds.
  path: Assets/_Unity Essentials/Textures/Pickups/3D/Key_Normal.png
  artifactKey: Guid(0b70ef13b4b10fe4f8adeae594cd5e62) Importer(2089858483,192608db42251d675da83286b1cce702)
Start importing Assets/_Unity Essentials/Textures/Pickups/3D/Key_Normal.png using Guid(0b70ef13b4b10fe4f8adeae594cd5e62) Importer(2089858483,192608db42251d675da83286b1cce702) (ScriptedImporter)[PhysX] Initialized MultithreadedTaskDispatcher with 4 workers.
 -> (artifact id: '03f0d2150f23a23d5a6423e69eb15ee6') in 0.033014042 seconds
Number of updated asset objects reloaded before import = 0Number of asset objects unloaded after import = 1

========================================================================
Received Import Request.
  Time since last request: 0.000105 seconds.
  path: Assets/_Unity Essentials/Textures/Pickups/3D/PotionBottle_Albedo.png
  artifactKey: Guid(16a88e083e5568b40a40717e064ac7a4) Importer(2089858483,192608db42251d675da83286b1cce702)
Start importing Assets/_Unity Essentials/Textures/Pickups/3D/PotionBottle_Albedo.png using Guid(16a88e083e5568b40a40717e064ac7a4) Importer(2089858483,192608db42251d675da83286b1cce702) (ScriptedImporter)[PhysX] Initialized MultithreadedTaskDispatcher with 4 workers.
 -> (artifact id: '22b60e53ba5c55b45a8adfee4af5716c') in 0.018205833 seconds
Number of updated asset objects reloaded before import = 0Number of asset objects unloaded after import = 1

========================================================================
Received Import Request.
  Time since last request: 0.000115 seconds.
  path: Assets/_Unity Essentials/Textures/Pickups/3D/Apple_Albedo.png
  artifactKey: Guid(87435cadcb3be5441b4f66789cff2e08) Importer(2089858483,192608db42251d675da83286b1cce702)
Start importing Assets/_Unity Essentials/Textures/Pickups/3D/Apple_Albedo.png using Guid(87435cadcb3be5441b4f66789cff2e08) Importer(2089858483,192608db42251d675da83286b1cce702) (ScriptedImporter)[PhysX] Initialized MultithreadedTaskDispatcher with 4 workers.
 -> (artifact id: '4acea40a7e3756d8d9230bf1078368f3') in 0.017481042 seconds
Number of updated asset objects reloaded before import = 0Number of asset objects unloaded after import = 1

========================================================================
Received Import Request.
  Time since last request: 0.000119 seconds.
  path: Assets/_Unity Essentials/Source Files/SpaceRobotKyle/Sfx/Player_Footstep_05.wav
  artifactKey: Guid(14e8a8d2158bec840b56c54f5266e692) Importer(2089858483,192608db42251d675da83286b1cce702)
Start importing Assets/_Unity Essentials/Source Files/SpaceRobotKyle/Sfx/Player_Footstep_05.wav using Guid(14e8a8d2158bec840b56c54f5266e692) Importer(2089858483,192608db42251d675da83286b1cce702) (ScriptedImporter)[PhysX] Initialized MultithreadedTaskDispatcher with 4 workers.
 -> (artifact id: '4d1b6c38f68a591f5b01d18b3ccd673e') in 0.027759709 seconds
Number of updated asset objects reloaded before import = 0Number of asset objects unloaded after import = 1

========================================================================
Received Import Request.
  Time since last request: 0.000101 seconds.
  path: Assets/_Unity Essentials/Source Files/SpaceRobotKyle/Sfx/Player_Footstep_07.wav
  artifactKey: Guid(dd1af302b8902684d9381de1f2d3a5af) Importer(2089858483,192608db42251d675da83286b1cce702)
Start importing Assets/_Unity Essentials/Source Files/SpaceRobotKyle/Sfx/Player_Footstep_07.wav using Guid(dd1af302b8902684d9381de1f2d3a5af) Importer(2089858483,192608db42251d675da83286b1cce702) (ScriptedImporter)[PhysX] Initialized MultithreadedTaskDispatcher with 4 workers.
 -> (artifact id: 'a2d9f85410b6cc4b5c60ad3ca0b0b781') in 0.027584833 seconds
Number of updated asset objects reloaded before import = 0Number of asset objects unloaded after import = 1

========================================================================
Received Import Request.
  Time since last request: 0.000136 seconds.
  path: Assets/_Unity Essentials/Source Files/ThirdPersonController/Scripts/ThirdPersonController.cs
  artifactKey: Guid(26e54e5a728a9234ab24fcf1460ed8a2) Importer(2089858483,192608db42251d675da83286b1cce702)
Start importing Assets/_Unity Essentials/Source Files/ThirdPersonController/Scripts/ThirdPersonController.cs using Guid(26e54e5a728a9234ab24fcf1460ed8a2) Importer(2089858483,192608db42251d675da83286b1cce702) (ScriptedImporter)[PhysX] Initialized MultithreadedTaskDispatcher with 4 workers.
 -> (artifact id: '49e41931f9ac474b866b76551e225959') in 0.006047791 seconds
Number of updated asset objects reloaded before import = 0Number of asset objects unloaded after import = 0

========================================================================
Received Import Request.
  Time since last request: 0.000114 seconds.
  path: Assets/_Unity Essentials/Textures/Pickups/3D/PuzzlePiece_MetallicSmoothness.png
  artifactKey: Guid(9240c6fa2c2b3cf44bc1fee4490a63f4) Importer(2089858483,192608db42251d675da83286b1cce702)
Start importing Assets/_Unity Essentials/Textures/Pickups/3D/PuzzlePiece_MetallicSmoothness.png using Guid(9240c6fa2c2b3cf44bc1fee4490a63f4) Importer(2089858483,192608db42251d675da83286b1cce702) (ScriptedImporter)[PhysX] Initialized MultithreadedTaskDispatcher with 4 workers.
 -> (artifact id: '4ff3b4d1bbf5bd04f4a2a4fd2d8cc721') in 0.0183025 seconds
Number of updated asset objects reloaded before import = 0Number of asset objects unloaded after import = 1

========================================================================
Received Import Request.
  Time since last request: 0.000131 seconds.
  path: Assets/_Unity Essentials/Prefabs/Living Room/TableRectangleMedium.prefab
  artifactKey: Guid(73aeb5eeaf8e2a745bd794506b102133) Importer(2089858483,192608db42251d675da83286b1cce702)
Start importing Assets/_Unity Essentials/Prefabs/Living Room/TableRectangleMedium.prefab using Guid(73aeb5eeaf8e2a745bd794506b102133) Importer(2089858483,192608db42251d675da83286b1cce702) (ScriptedImporter)[PhysX] Initialized MultithreadedTaskDispatcher with 4 workers.
 -> (artifact id: '3041ce82287995d21d026938c6276f20') in 0.012979333 seconds
Number of updated asset objects reloaded before import = 0Number of asset objects unloaded after import = 14

========================================================================
Received Import Request.
  Time since last request: 0.000099 seconds.
  path: Assets/_Unity Essentials/Source Files/SpaceRobotKyle/Animations/Locomotion--Run_N_Land.anim.fbx
  artifactKey: Guid(3c033631149b9c541bcf155cd94cccba) Importer(2089858483,192608db42251d675da83286b1cce702)
Start importing Assets/_Unity Essentials/Source Files/SpaceRobotKyle/Animations/Locomotion--Run_N_Land.anim.fbx using Guid(3c033631149b9c541bcf155cd94cccba) Importer(2089858483,192608db42251d675da83286b1cce702) (ScriptedImporter)[PhysX] Initialized MultithreadedTaskDispatcher with 4 workers.
 -> (artifact id: '835b9092ec8315b00005e5358a3c8304') in 0.070990792 seconds
Number of updated asset objects reloaded before import = 0Number of asset objects unloaded after import = 143

========================================================================
Received Import Request.
  Time since last request: 0.000087 seconds.
  path: Assets/_Unity Essentials/Textures/Pickups/3D/Guitar_Albedo.png
  artifactKey: Guid(c5565835b5e8eab4ea6c281000290268) Importer(2089858483,192608db42251d675da83286b1cce702)
Start importing Assets/_Unity Essentials/Textures/Pickups/3D/Guitar_Albedo.png using Guid(c5565835b5e8eab4ea6c281000290268) Importer(2089858483,192608db42251d675da83286b1cce702) (ScriptedImporter)[PhysX] Initialized MultithreadedTaskDispatcher with 4 workers.
 -> (artifact id: '7f8b79a7943d5e7c434e1c0ec3e9b7b3') in 0.017010458 seconds
Number of updated asset objects reloaded before import = 0Number of asset objects unloaded after import = 1

========================================================================
Received Import Request.
  Time since last request: 0.000126 seconds.
  path: Assets/_Unity Essentials/Source Files/Scripts/CustomSceneManager.cs
  artifactKey: Guid(e082e8f53c38e48f58c33e81e7fe0d95) Importer(2089858483,192608db42251d675da83286b1cce702)
Start importing Assets/_Unity Essentials/Source Files/Scripts/CustomSceneManager.cs using Guid(e082e8f53c38e48f58c33e81e7fe0d95) Importer(2089858483,192608db42251d675da83286b1cce702) (ScriptedImporter)[PhysX] Initialized MultithreadedTaskDispatcher with 4 workers.
 -> (artifact id: 'a0bbf88cf290186301d162e8a892a3f8') in 0.006016625 seconds
Number of updated asset objects reloaded before import = 0Number of asset objects unloaded after import = 0

========================================================================
Received Import Request.
  Time since last request: 0.000087 seconds.
  path: Assets/_Unity Essentials/Prefabs/Shapes/Arch.prefab
  artifactKey: Guid(b416314f954e549a8855d2587d5f1934) Importer(2089858483,192608db42251d675da83286b1cce702)
Start importing Assets/_Unity Essentials/Prefabs/Shapes/Arch.prefab using Guid(b416314f954e549a8855d2587d5f1934) Importer(2089858483,192608db42251d675da83286b1cce702) (ScriptedImporter)[PhysX] Initialized MultithreadedTaskDispatcher with 4 workers.
 -> (artifact id: '83fb58811982eda214ec1b6cc1079828') in 0.011312584 seconds
Number of updated asset objects reloaded before import = 0Number of asset objects unloaded after import = 7

========================================================================
Received Import Request.
  Time since last request: 0.000175 seconds.
  path: Assets/_Unity Essentials/Materials/Interior/Environment/WallGreenDarker.mat
  artifactKey: Guid(fda5f98a2190baf4eba512ae9655e2ff) Importer(2089858483,192608db42251d675da83286b1cce702)
Start importing Assets/_Unity Essentials/Materials/Interior/Environment/WallGreenDarker.mat using Guid(fda5f98a2190baf4eba512ae9655e2ff) Importer(2089858483,192608db42251d675da83286b1cce702) (ScriptedImporter)[PhysX] Initialized MultithreadedTaskDispatcher with 4 workers.
 -> (artifact id: 'd9a6736ad00a9224790e96647003dcef') in 0.009841917 seconds
Number of updated asset objects reloaded before import = 0Number of asset objects unloaded after import = 2

========================================================================
Received Import Request.
  Time since last request: 0.000073 seconds.
  path: Assets/_Unity Essentials/Sprites/Furniture/ShoeL.png
  artifactKey: Guid(3f1b2aa882e8a41e0b3cd24f4b77e426) Importer(2089858483,192608db42251d675da83286b1cce702)
Start importing Assets/_Unity Essentials/Sprites/Furniture/ShoeL.png using Guid(3f1b2aa882e8a41e0b3cd24f4b77e426) Importer(2089858483,192608db42251d675da83286b1cce702) (ScriptedImporter)[PhysX] Initialized MultithreadedTaskDispatcher with 4 workers.
 -> (artifact id: '38202039a676c2a5c3b14e87cee0c91e') in 0.019287375 seconds
Number of updated asset objects reloaded before import = 0Number of asset objects unloaded after import = 3

========================================================================
Received Import Request.
  Time since last request: 0.000105 seconds.
  path: Assets/_Unity Essentials/Source Files/Lighting/3_Kitchen_Audio_Scene/ReflectionProbe-0.exr
  artifactKey: Guid(4edde9ecccd8e46f5b73014b9b8f5bde) Importer(2089858483,192608db42251d675da83286b1cce702)
Start importing Assets/_Unity Essentials/Source Files/Lighting/3_Kitchen_Audio_Scene/ReflectionProbe-0.exr using Guid(4edde9ecccd8e46f5b73014b9b8f5bde) Importer(2089858483,192608db42251d675da83286b1cce702) (ScriptedImporter)[PhysX] Initialized MultithreadedTaskDispatcher with 4 workers.
 -> (artifact id: '0d1242029f59a26caf31d86b312f17df') in 0.011834166 seconds
Number of updated asset objects reloaded before import = 0Number of asset objects unloaded after import = 1

========================================================================
Received Import Request.
  Time since last request: 0.000087 seconds.
  path: Assets/_Unity Essentials/Textures/Objects/BasketBallNet.jpg
  artifactKey: Guid(b8437d2e7643f430a95492542119e9f2) Importer(2089858483,192608db42251d675da83286b1cce702)
Start importing Assets/_Unity Essentials/Textures/Objects/BasketBallNet.jpg using Guid(b8437d2e7643f430a95492542119e9f2) Importer(2089858483,192608db42251d675da83286b1cce702) (ScriptedImporter)[PhysX] Initialized MultithreadedTaskDispatcher with 4 workers.
 -> (artifact id: '8a4632d6dea87d113c417dd6e05576b3') in 0.023035 seconds
Number of updated asset objects reloaded before import = 0Number of asset objects unloaded after import = 1

========================================================================
Received Import Request.
  Time since last request: 0.000106 seconds.
  path: Assets/_Unity Essentials/Prefabs/Outdoor/Tube Slide/TubeSlide_Top Variant.prefab
  artifactKey: Guid(07b9be9a70dda4c62bd18502f03e1b5a) Importer(2089858483,192608db42251d675da83286b1cce702)
Start importing Assets/_Unity Essentials/Prefabs/Outdoor/Tube Slide/TubeSlide_Top Variant.prefab using Guid(07b9be9a70dda4c62bd18502f03e1b5a) Importer(2089858483,192608db42251d675da83286b1cce702) (ScriptedImporter)[PhysX] Initialized MultithreadedTaskDispatcher with 4 workers.
 -> (artifact id: '54cf5a17a9011dd39f7c3d3db9335057') in 0.011623417 seconds
Number of updated asset objects reloaded before import = 0Number of asset objects unloaded after import = 99

========================================================================
Received Import Request.
  Time since last request: 0.000102 seconds.
  path: Assets/_Unity Essentials/Source Files/Scripts/ActivateObjectAfterDelay.cs
  artifactKey: Guid(42677bf45c23e4b6597a41235dd51157) Importer(2089858483,192608db42251d675da83286b1cce702)
Start importing Assets/_Unity Essentials/Source Files/Scripts/ActivateObjectAfterDelay.cs using Guid(42677bf45c23e4b6597a41235dd51157) Importer(2089858483,192608db42251d675da83286b1cce702) (ScriptedImporter)[PhysX] Initialized MultithreadedTaskDispatcher with 4 workers.
 -> (artifact id: 'f56f38185d3ecb740d24834472581c6c') in 0.005794791 seconds
Number of updated asset objects reloaded before import = 0Number of asset objects unloaded after import = 0

========================================================================
Received Import Request.
  Time since last request: 0.000088 seconds.
  path: Assets/_Unity Essentials/Source Files/VFX/VFX_Star_Burst.prefab
  artifactKey: Guid(d215f5256273c476b944e5e8108c3fb5) Importer(2089858483,192608db42251d675da83286b1cce702)
Start importing Assets/_Unity Essentials/Source Files/VFX/VFX_Star_Burst.prefab using Guid(d215f5256273c476b944e5e8108c3fb5) Importer(2089858483,192608db42251d675da83286b1cce702) (ScriptedImporter)[PhysX] Initialized MultithreadedTaskDispatcher with 4 workers.
 -> (artifact id: 'ca250bffe095e888d2b52a04e6cf582e') in 0.093420625 seconds
Number of updated asset objects reloaded before import = 0Number of asset objects unloaded after import = 8

========================================================================
Received Import Request.
  Time since last request: 0.000124 seconds.
  path: Assets/_Unity Essentials/Materials/Interior/Environment/PatternStripePurple.mat
  artifactKey: Guid(7785b59e0c564f34e8f6c6373c14b3c5) Importer(2089858483,192608db42251d675da83286b1cce702)
Start importing Assets/_Unity Essentials/Materials/Interior/Environment/PatternStripePurple.mat using Guid(7785b59e0c564f34e8f6c6373c14b3c5) Importer(2089858483,192608db42251d675da83286b1cce702) (ScriptedImporter)[PhysX] Initialized MultithreadedTaskDispatcher with 4 workers.
 -> (artifact id: 'd3c5a238c80ef1993794f4321f9026bc') in 0.009942125 seconds
Number of updated asset objects reloaded before import = 0Number of asset objects unloaded after import = 2

========================================================================
Received Import Request.
  Time since last request: 0.000093 seconds.
  path: Assets/_Unity Essentials/Textures/Skyboxes/overcast_soil_puresky_1k.hdr
  artifactKey: Guid(6b22b6e0445534806bde1b011ba5d8fc) Importer(2089858483,192608db42251d675da83286b1cce702)
Start importing Assets/_Unity Essentials/Textures/Skyboxes/overcast_soil_puresky_1k.hdr using Guid(6b22b6e0445534806bde1b011ba5d8fc) Importer(2089858483,192608db42251d675da83286b1cce702) (ScriptedImporter)[PhysX] Initialized MultithreadedTaskDispatcher with 4 workers.
 -> (artifact id: '151cac016492752e91ea5a6f245de8b9') in 0.016864083 seconds
Number of updated asset objects reloaded before import = 0Number of asset objects unloaded after import = 1

========================================================================
Received Import Request.
  Time since last request: 0.000097 seconds.
  path: Assets/_Unity Essentials/Textures/Skyboxes/kloppenheim_02_puresky_1k.hdr
  artifactKey: Guid(ae8b8cf4729ea4b0994784c2f62d4332) Importer(2089858483,192608db42251d675da83286b1cce702)
Start importing Assets/_Unity Essentials/Textures/Skyboxes/kloppenheim_02_puresky_1k.hdr using Guid(ae8b8cf4729ea4b0994784c2f62d4332) Importer(2089858483,192608db42251d675da83286b1cce702) (ScriptedImporter)[PhysX] Initialized MultithreadedTaskDispatcher with 4 workers.
 -> (artifact id: 'a3afee1c36daceaf92d79379e5a1b7d6') in 0.0161435 seconds
Number of updated asset objects reloaded before import = 0Number of asset objects unloaded after import = 1

========================================================================
Received Import Request.
  Time since last request: 0.000096 seconds.
  path: Assets/_Unity Essentials/Prefabs/Shapes/Stair.prefab
  artifactKey: Guid(e68127ae1cf7d4c77bbe3a307d0f26d7) Importer(2089858483,192608db42251d675da83286b1cce702)
Start importing Assets/_Unity Essentials/Prefabs/Shapes/Stair.prefab using Guid(e68127ae1cf7d4c77bbe3a307d0f26d7) Importer(2089858483,192608db42251d675da83286b1cce702) (ScriptedImporter)[PhysX] Initialized MultithreadedTaskDispatcher with 4 workers.
 -> (artifact id: '9ad4c2294d0138f0068889997dc06474') in 0.01044475 seconds
Number of updated asset objects reloaded before import = 0Number of asset objects unloaded after import = 7

========================================================================
Received Import Request.
  Time since last request: 0.000096 seconds.
  path: Assets/_Unity Essentials/Materials/Interior/Objects/Mat_Props.mat
  artifactKey: Guid(34a14842cd93640eab91c23e6d2f70df) Importer(2089858483,192608db42251d675da83286b1cce702)
Start importing Assets/_Unity Essentials/Materials/Interior/Objects/Mat_Props.mat using Guid(34a14842cd93640eab91c23e6d2f70df) Importer(2089858483,192608db42251d675da83286b1cce702) (ScriptedImporter)[PhysX] Initialized MultithreadedTaskDispatcher with 4 workers.
 -> (artifact id: '38db953b21adacc400260dda5b583c12') in 0.009655917 seconds
Number of updated asset objects reloaded before import = 0Number of asset objects unloaded after import = 2

========================================================================
Received Import Request.
  Time since last request: 0.000142 seconds.
  path: Assets/_Unity Essentials/Materials/Interior/Objects/Red_Shiny_2D.mat
  artifactKey: Guid(b9fdfafaa8973448bb237391d9ab4c76) Importer(2089858483,192608db42251d675da83286b1cce702)
Start importing Assets/_Unity Essentials/Materials/Interior/Objects/Red_Shiny_2D.mat using Guid(b9fdfafaa8973448bb237391d9ab4c76) Importer(2089858483,192608db42251d675da83286b1cce702) (ScriptedImporter)[PhysX] Initialized MultithreadedTaskDispatcher with 4 workers.
 -> (artifact id: 'f364e40f2280e6503e6eeea67dcdafad') in 0.008844583 seconds
Number of updated asset objects reloaded before import = 0Number of asset objects unloaded after import = 1

========================================================================
Received Import Request.
  Time since last request: 0.000162 seconds.
  path: Assets/_Unity Essentials/Source Files/SpaceRobotKyle/Animations/Jump--Jump.anim.fbx
  artifactKey: Guid(98f277b0c8055e143b2fcf058d3c27dc) Importer(2089858483,192608db42251d675da83286b1cce702)
Start importing Assets/_Unity Essentials/Source Files/SpaceRobotKyle/Animations/Jump--Jump.anim.fbx using Guid(98f277b0c8055e143b2fcf058d3c27dc) Importer(2089858483,192608db42251d675da83286b1cce702) (ScriptedImporter)[PhysX] Initialized MultithreadedTaskDispatcher with 4 workers.
 -> (artifact id: 'a88740eb95d284240e75591397f0ec20') in 0.039661875 seconds
Number of updated asset objects reloaded before import = 0Number of asset objects unloaded after import = 144

========================================================================
Received Import Request.
  Time since last request: 0.000131 seconds.
  path: Assets/_Unity Essentials/Sprites/Animated/Sprite Sheet_Dog.png
  artifactKey: Guid(0e3220fa09061467fb07554d5d3c170f) Importer(2089858483,192608db42251d675da83286b1cce702)
Start importing Assets/_Unity Essentials/Sprites/Animated/Sprite Sheet_Dog.png using Guid(0e3220fa09061467fb07554d5d3c170f) Importer(2089858483,192608db42251d675da83286b1cce702) (ScriptedImporter)[PhysX] Initialized MultithreadedTaskDispatcher with 4 workers.
 -> (artifact id: 'be66767e8b67021d18cd8c8693601add') in 0.021498 seconds
Number of updated asset objects reloaded before import = 0Number of asset objects unloaded after import = 3

========================================================================
Received Import Request.
  Time since last request: 0.000112 seconds.
  path: Assets/_Unity Essentials/Prefabs/Outdoor/Tree_30ft_BY001.prefab
  artifactKey: Guid(086a7f85a162826419325a5b9ce8fb85) Importer(2089858483,192608db42251d675da83286b1cce702)
Start importing Assets/_Unity Essentials/Prefabs/Outdoor/Tree_30ft_BY001.prefab using Guid(086a7f85a162826419325a5b9ce8fb85) Importer(2089858483,192608db42251d675da83286b1cce702) (ScriptedImporter)[PhysX] Initialized MultithreadedTaskDispatcher with 4 workers.
 -> (artifact id: '5ff5a8d4fa92e95daaf8e42cfab1365a') in 0.015427125 seconds
Number of updated asset objects reloaded before import = 0Number of asset objects unloaded after import = 16

========================================================================
Received Import Request.
  Time since last request: 0.000086 seconds.
  path: Assets/_Unity Essentials/Textures/UI Sprites/UI_9slice_Panel_Orange.png
  artifactKey: Guid(009e3bd9b5722614481110c9fbcc15f7) Importer(2089858483,192608db42251d675da83286b1cce702)
Start importing Assets/_Unity Essentials/Textures/UI Sprites/UI_9slice_Panel_Orange.png using Guid(009e3bd9b5722614481110c9fbcc15f7) Importer(2089858483,192608db42251d675da83286b1cce702) (ScriptedImporter)[PhysX] Initialized MultithreadedTaskDispatcher with 4 workers.
 -> (artifact id: '18bec1c884cbae696c951fed48354e13') in 0.019153375 seconds
Number of updated asset objects reloaded before import = 0Number of asset objects unloaded after import = 3

========================================================================
Received Prepare
Refreshing native plugins compatible for Editor in 0.95 ms, found 3 plugins.
Preloading 0 native plugins for Editor in 0.00 ms.
Unloading 16 Unused Serialized files (Serialized files now loaded: 0)
Unloading 6736 unused Assets / (5.4 MB). Loaded Objects now: 7723.
Memory consumption went from 368.2 MB to 362.7 MB.
Total: 100.977166 ms (FindLiveObjects: 3.539875 ms CreateObjectMapping: 0.816167 ms MarkObjects: 91.614542 ms  DeleteObjects: 5.005250 ms)

Prepare: number of updated asset objects reloaded= 0
========================================================================
Received Import Request.
  Time since last request: 127.196669 seconds.
  path: Assets/_Unity Essentials/Scripts/PlayerController.cs
  artifactKey: Guid(ab350745d1cb84d65aebf8f6c3077044) Importer(2089858483,192608db42251d675da83286b1cce702)
Start importing Assets/_Unity Essentials/Scripts/PlayerController.cs using Guid(ab350745d1cb84d65aebf8f6c3077044) Importer(2089858483,192608db42251d675da83286b1cce702) (ScriptedImporter)[PhysX] Initialized MultithreadedTaskDispatcher with 4 workers.
 -> (artifact id: 'c6e9ec226523dc831dc786354354f1d3') in 0.015458084 seconds
Number of updated asset objects reloaded before import = 0Number of asset objects unloaded after import = 0

========================================================================
Received Prepare
Refreshing native plugins compatible for Editor in 1.32 ms, found 3 plugins.
Preloading 0 native plugins for Editor in 0.00 ms.
Unloading 14 Unused Serialized files (Serialized files now loaded: 0)
Unloading 6732 unused Assets / (5.0 MB). Loaded Objects now: 7722.
Memory consumption went from 365.0 MB to 360.0 MB.
Total: 64.848375 ms (FindLiveObjects: 1.331833 ms CreateObjectMapping: 0.614083 ms MarkObjects: 59.036125 ms  DeleteObjects: 3.863959 ms)

Prepare: number of updated asset objects reloaded= 0
========================================================================
Received Prepare
Refreshing native plugins compatible for Editor in 0.99 ms, found 3 plugins.
Preloading 0 native plugins for Editor in 0.00 ms.
Unloading 14 Unused Serialized files (Serialized files now loaded: 0)
Unloading 6733 unused Assets / (3.5 MB). Loaded Objects now: 7723.
Memory consumption went from 362.4 MB to 358.9 MB.
Total: 58.202625 ms (FindLiveObjects: 0.970666 ms CreateObjectMapping: 0.755917 ms MarkObjects: 53.441625 ms  DeleteObjects: 3.033375 ms)

Prepare: number of updated asset objects reloaded= 0
========================================================================
Received Prepare
Begin MonoManager ReloadAssembly
- Loaded All Assemblies, in  3.723 seconds
Refreshing native plugins compatible for Editor in 1.12 ms, found 3 plugins.
Native extension for OSXStandalone target not found
Mono: successfully reloaded assembly
- Finished resetting the current domain, in  7.543 seconds
Domain Reload Profiling: 11276ms
	BeginReloadAssembly (1501ms)
		ExecutionOrderSort (0ms)
		DisableScriptedObjects (265ms)
		BackupInstance (0ms)
		ReleaseScriptingObjects (1ms)
		CreateAndSetChildDomain (497ms)
	RebuildCommonClasses (83ms)
	RebuildNativeTypeToScriptingClass (23ms)
	initialDomainReloadingComplete (126ms)
	LoadAllAssembliesAndSetupDomain (1995ms)
		LoadAssemblies (1840ms)
		RebuildTransferFunctionScriptingTraits (0ms)
		AnalyzeDomain (694ms)
			TypeCache.Refresh (47ms)
				TypeCache.ScanAssembly (2ms)
			BuildScriptInfoCaches (552ms)
			ResolveRequiredComponents (86ms)
	FinalizeReload (7547ms)
		ReleaseScriptCaches (0ms)
		RebuildScriptCaches (0ms)
		SetupLoadedEditorAssemblies (5492ms)
			LogAssemblyErrors (0ms)
			InitializePlatformSupportModulesInManaged (25ms)
			SetLoadedEditorAssemblies (17ms)
			BeforeProcessingInitializeOnLoad (214ms)
			ProcessInitializeOnLoadAttributes (4621ms)
			ProcessInitializeOnLoadMethodAttributes (597ms)
			AfterProcessingInitializeOnLoad (15ms)
			EditorAssembliesLoaded (2ms)
		ExecutionOrderSort2 (1ms)
		AwakeInstancesAfterBackupRestoration (79ms)
Refreshing native plugins compatible for Editor in 4.94 ms, found 3 plugins.
Preloading 0 native plugins for Editor in 0.00 ms.
Unloading 14 Unused Serialized files (Serialized files now loaded: 0)
Unloading 6744 unused Assets / (5.3 MB). Loaded Objects now: 7725.
Memory consumption went from 368.9 MB to 363.5 MB.
Total: 56.845250 ms (FindLiveObjects: 2.672084 ms CreateObjectMapping: 2.205625 ms MarkObjects: 45.825000 ms  DeleteObjects: 6.140792 ms)

Prepare: number of updated asset objects reloaded= 0
========================================================================
Received Prepare
Refreshing native plugins compatible for Editor in 1.39 ms, found 3 plugins.
Preloading 0 native plugins for Editor in 0.00 ms.
Unloading 14 Unused Serialized files (Serialized files now loaded: 0)
Unloading 6733 unused Assets / (3.7 MB). Loaded Objects now: 7725.
Memory consumption went from 364.9 MB to 361.2 MB.
Total: 65.277917 ms (FindLiveObjects: 1.427917 ms CreateObjectMapping: 1.457000 ms MarkObjects: 49.684708 ms  DeleteObjects: 12.703375 ms)

Prepare: number of updated asset objects reloaded= 0
========================================================================
Received Import Request.
  Time since last request: 650.805506 seconds.
  path: Assets/_Unity Essentials/Scripts/PlayerController.cs
  artifactKey: Guid(ab350745d1cb84d65aebf8f6c3077044) Importer(815301076,1909f56bfc062723c751e8b465ee728b)
Start importing Assets/_Unity Essentials/Scripts/PlayerController.cs using Guid(ab350745d1cb84d65aebf8f6c3077044) Importer(815301076,1909f56bfc062723c751e8b465ee728b) (PreviewImporter)[PhysX] Initialized MultithreadedTaskDispatcher with 4 workers.
 -> (artifact id: '6fd76f33f50364435fd7846728df5223') in 0.016059292 seconds
Number of updated asset objects reloaded before import = 0Number of asset objects unloaded after import = 0

========================================================================
Received Prepare
Refreshing native plugins compatible for Editor in 1.24 ms, found 3 plugins.
Preloading 0 native plugins for Editor in 0.00 ms.
Unloading 14 Unused Serialized files (Serialized files now loaded: 0)
Unloading 6733 unused Assets / (4.1 MB). Loaded Objects now: 7725.
Memory consumption went from 362.3 MB to 358.2 MB.
Total: 60.736458 ms (FindLiveObjects: 3.129417 ms CreateObjectMapping: 1.462875 ms MarkObjects: 49.551458 ms  DeleteObjects: 6.590916 ms)

Prepare: number of updated asset objects reloaded= 0
========================================================================
Received Import Request.
  Time since last request: 140.940250 seconds.
  path: Assets/_Unity Essentials/Scripts/PlayerController.cs
  artifactKey: Guid(ab350745d1cb84d65aebf8f6c3077044) Importer(815301076,1909f56bfc062723c751e8b465ee728b)
Start importing Assets/_Unity Essentials/Scripts/PlayerController.cs using Guid(ab350745d1cb84d65aebf8f6c3077044) Importer(815301076,1909f56bfc062723c751e8b465ee728b) (PreviewImporter)[PhysX] Initialized MultithreadedTaskDispatcher with 4 workers.
 -> (artifact id: '7ae62ed6ec152b300f0c4a17c2a25ad1') in 0.015782209 seconds
Number of updated asset objects reloaded before import = 0Number of asset objects unloaded after import = 0

========================================================================
Received Prepare
Refreshing native plugins compatible for Editor in 0.99 ms, found 3 plugins.
Preloading 0 native plugins for Editor in 0.00 ms.
Unloading 14 Unused Serialized files (Serialized files now loaded: 0)
Unloading 6734 unused Assets / (4.3 MB). Loaded Objects now: 7726.
Memory consumption went from 359.7 MB to 355.3 MB.
Total: 83.973792 ms (FindLiveObjects: 2.173500 ms CreateObjectMapping: 0.776291 ms MarkObjects: 77.303292 ms  DeleteObjects: 3.719583 ms)

Prepare: number of updated asset objects reloaded= 0
========================================================================
Received Prepare
Refreshing native plugins compatible for Editor in 0.98 ms, found 3 plugins.
Preloading 0 native plugins for Editor in 0.00 ms.
Unloading 14 Unused Serialized files (Serialized files now loaded: 0)
Unloading 6733 unused Assets / (4.9 MB). Loaded Objects now: 7725.
Memory consumption went from 357.0 MB to 352.1 MB.
Total: 51.748125 ms (FindLiveObjects: 0.990958 ms CreateObjectMapping: 0.778750 ms MarkObjects: 46.156042 ms  DeleteObjects: 3.820708 ms)

Prepare: number of updated asset objects reloaded= 0
========================================================================
Received Prepare
Refreshing native plugins compatible for Editor in 1.10 ms, found 3 plugins.
Preloading 0 native plugins for Editor in 0.00 ms.
Unloading 14 Unused Serialized files (Serialized files now loaded: 0)
Unloading 6732 unused Assets / (3.7 MB). Loaded Objects now: 7724.
Memory consumption went from 354.4 MB to 350.7 MB.
Total: 37.054709 ms (FindLiveObjects: 1.072333 ms CreateObjectMapping: 0.846875 ms MarkObjects: 31.235000 ms  DeleteObjects: 3.898708 ms)

Prepare: number of updated asset objects reloaded= 0
========================================================================
Received Prepare
Refreshing native plugins compatible for Editor in 1.18 ms, found 3 plugins.
Preloading 0 native plugins for Editor in 0.00 ms.
Unloading 14 Unused Serialized files (Serialized files now loaded: 0)
Unloading 6733 unused Assets / (3.6 MB). Loaded Objects now: 7725.
Memory consumption went from 351.7 MB to 348.1 MB.
Total: 85.378375 ms (FindLiveObjects: 2.901625 ms CreateObjectMapping: 0.564167 ms MarkObjects: 78.058084 ms  DeleteObjects: 3.853333 ms)

Prepare: number of updated asset objects reloaded= 0
========================================================================
Received Prepare
Begin MonoManager ReloadAssembly
- Loaded All Assemblies, in  2.976 seconds
Refreshing native plugins compatible for Editor in 1.69 ms, found 3 plugins.
Native extension for OSXStandalone target not found
Mono: successfully reloaded assembly
- Finished resetting the current domain, in  4.005 seconds
Domain Reload Profiling: 6986ms
	BeginReloadAssembly (1244ms)
		ExecutionOrderSort (0ms)
		DisableScriptedObjects (218ms)
		BackupInstance (0ms)
		ReleaseScriptingObjects (0ms)
		CreateAndSetChildDomain (369ms)
	RebuildCommonClasses (68ms)
	RebuildNativeTypeToScriptingClass (16ms)
	initialDomainReloadingComplete (117ms)
	LoadAllAssembliesAndSetupDomain (1535ms)
		LoadAssemblies (1525ms)
		RebuildTransferFunctionScriptingTraits (0ms)
		AnalyzeDomain (469ms)
			TypeCache.Refresh (24ms)
				TypeCache.ScanAssembly (0ms)
			BuildScriptInfoCaches (383ms)
			ResolveRequiredComponents (55ms)
	FinalizeReload (4006ms)
		ReleaseScriptCaches (0ms)
		RebuildScriptCaches (0ms)
		SetupLoadedEditorAssemblies (2868ms)
			LogAssemblyErrors (0ms)
			InitializePlatformSupportModulesInManaged (15ms)
			SetLoadedEditorAssemblies (18ms)
			BeforeProcessingInitializeOnLoad (119ms)
			ProcessInitializeOnLoadAttributes (2432ms)
			ProcessInitializeOnLoadMethodAttributes (276ms)
			AfterProcessingInitializeOnLoad (7ms)
			EditorAssembliesLoaded (1ms)
		ExecutionOrderSort2 (0ms)
		AwakeInstancesAfterBackupRestoration (42ms)
Refreshing native plugins compatible for Editor in 0.63 ms, found 3 plugins.
Preloading 0 native plugins for Editor in 0.00 ms.
Unloading 14 Unused Serialized files (Serialized files now loaded: 0)
Unloading 6744 unused Assets / (5.1 MB). Loaded Objects now: 7727.
Memory consumption went from 359.6 MB to 354.5 MB.
Total: 11.433125 ms (FindLiveObjects: 1.272000 ms CreateObjectMapping: 0.737292 ms MarkObjects: 6.232916 ms  DeleteObjects: 3.189875 ms)

Prepare: number of updated asset objects reloaded= 0
========================================================================
Received Prepare
Refreshing native plugins compatible for Editor in 0.61 ms, found 3 plugins.
Preloading 0 native plugins for Editor in 0.00 ms.
Unloading 14 Unused Serialized files (Serialized files now loaded: 0)
Unloading 6734 unused Assets / (3.8 MB). Loaded Objects now: 7728.
Memory consumption went from 355.7 MB to 351.9 MB.
Total: 37.733917 ms (FindLiveObjects: 0.755583 ms CreateObjectMapping: 0.545917 ms MarkObjects: 33.099541 ms  DeleteObjects: 3.332000 ms)

Prepare: number of updated asset objects reloaded= 0
========================================================================
Received Prepare
Begin MonoManager ReloadAssembly
- Loaded All Assemblies, in  1.763 seconds
Refreshing native plugins compatible for Editor in 0.58 ms, found 3 plugins.
Native extension for OSXStandalone target not found
Mono: successfully reloaded assembly
- Finished resetting the current domain, in  3.542 seconds
Domain Reload Profiling: 5311ms
	BeginReloadAssembly (636ms)
		ExecutionOrderSort (0ms)
		DisableScriptedObjects (95ms)
		BackupInstance (0ms)
		ReleaseScriptingObjects (0ms)
		CreateAndSetChildDomain (193ms)
	RebuildCommonClasses (64ms)
	RebuildNativeTypeToScriptingClass (16ms)
	initialDomainReloadingComplete (79ms)
	LoadAllAssembliesAndSetupDomain (971ms)
		LoadAssemblies (786ms)
		RebuildTransferFunctionScriptingTraits (0ms)
		AnalyzeDomain (392ms)
			TypeCache.Refresh (22ms)
				TypeCache.ScanAssembly (1ms)
			BuildScriptInfoCaches (324ms)
			ResolveRequiredComponents (42ms)
	FinalizeReload (3545ms)
		ReleaseScriptCaches (0ms)
		RebuildScriptCaches (0ms)
		SetupLoadedEditorAssemblies (2449ms)
			LogAssemblyErrors (0ms)
			InitializePlatformSupportModulesInManaged (13ms)
			SetLoadedEditorAssemblies (9ms)
			BeforeProcessingInitializeOnLoad (113ms)
			ProcessInitializeOnLoadAttributes (2029ms)
			ProcessInitializeOnLoadMethodAttributes (276ms)
			AfterProcessingInitializeOnLoad (9ms)
			EditorAssembliesLoaded (1ms)
		ExecutionOrderSort2 (0ms)
		AwakeInstancesAfterBackupRestoration (41ms)
Refreshing native plugins compatible for Editor in 0.60 ms, found 3 plugins.
Preloading 0 native plugins for Editor in 0.00 ms.
Unloading 14 Unused Serialized files (Serialized files now loaded: 0)
Unloading 6745 unused Assets / (4.4 MB). Loaded Objects now: 7730.
Memory consumption went from 363.6 MB to 359.2 MB.
Total: 11.308666 ms (FindLiveObjects: 1.135000 ms CreateObjectMapping: 0.610167 ms MarkObjects: 7.121084 ms  DeleteObjects: 2.441334 ms)

Prepare: number of updated asset objects reloaded= 0
========================================================================
Received Prepare
Refreshing native plugins compatible for Editor in 1.44 ms, found 3 plugins.
Preloading 0 native plugins for Editor in 0.00 ms.
Unloading 14 Unused Serialized files (Serialized files now loaded: 0)
Unloading 6735 unused Assets / (4.7 MB). Loaded Objects now: 7731.
Memory consumption went from 359.6 MB to 355.0 MB.
Total: 34.345500 ms (FindLiveObjects: 1.391834 ms CreateObjectMapping: 0.477541 ms MarkObjects: 28.611667 ms  DeleteObjects: 3.863542 ms)

Prepare: number of updated asset objects reloaded= 0
========================================================================
Received Prepare
Begin MonoManager ReloadAssembly
- Loaded All Assemblies, in  1.677 seconds
Refreshing native plugins compatible for Editor in 0.55 ms, found 3 plugins.
Native extension for OSXStandalone target not found
Mono: successfully reloaded assembly
- Finished resetting the current domain, in  3.791 seconds
Domain Reload Profiling: 5474ms
	BeginReloadAssembly (600ms)
		ExecutionOrderSort (0ms)
		DisableScriptedObjects (101ms)
		BackupInstance (0ms)
		ReleaseScriptingObjects (1ms)
		CreateAndSetChildDomain (182ms)
	RebuildCommonClasses (56ms)
	RebuildNativeTypeToScriptingClass (15ms)
	initialDomainReloadingComplete (83ms)
	LoadAllAssembliesAndSetupDomain (927ms)
		LoadAssemblies (766ms)
		RebuildTransferFunctionScriptingTraits (0ms)
		AnalyzeDomain (359ms)
			TypeCache.Refresh (20ms)
				TypeCache.ScanAssembly (1ms)
			BuildScriptInfoCaches (291ms)
			ResolveRequiredComponents (44ms)
	FinalizeReload (3793ms)
		ReleaseScriptCaches (0ms)
		RebuildScriptCaches (0ms)
		SetupLoadedEditorAssemblies (2413ms)
			LogAssemblyErrors (0ms)
			InitializePlatformSupportModulesInManaged (12ms)
			SetLoadedEditorAssemblies (9ms)
			BeforeProcessingInitializeOnLoad (94ms)
			ProcessInitializeOnLoadAttributes (2007ms)
			ProcessInitializeOnLoadMethodAttributes (281ms)
			AfterProcessingInitializeOnLoad (8ms)
			EditorAssembliesLoaded (1ms)
		ExecutionOrderSort2 (0ms)
		AwakeInstancesAfterBackupRestoration (211ms)
Refreshing native plugins compatible for Editor in 0.65 ms, found 3 plugins.
Preloading 0 native plugins for Editor in 0.00 ms.
Unloading 14 Unused Serialized files (Serialized files now loaded: 0)
Unloading 6746 unused Assets / (5.1 MB). Loaded Objects now: 7733.
Memory consumption went from 367.6 MB to 362.4 MB.
Total: 17.675000 ms (FindLiveObjects: 1.341875 ms CreateObjectMapping: 0.649292 ms MarkObjects: 11.585250 ms  DeleteObjects: 4.097209 ms)

Prepare: number of updated asset objects reloaded= 0
========================================================================
Received Prepare
Refreshing native plugins compatible for Editor in 0.52 ms, found 3 plugins.
Preloading 0 native plugins for Editor in 0.00 ms.
Unloading 14 Unused Serialized files (Serialized files now loaded: 0)
Unloading 6736 unused Assets / (3.9 MB). Loaded Objects now: 7734.
Memory consumption went from 363.6 MB to 359.7 MB.
Total: 20.634458 ms (FindLiveObjects: 0.749417 ms CreateObjectMapping: 0.525042 ms MarkObjects: 16.299375 ms  DeleteObjects: 3.059500 ms)

Prepare: number of updated asset objects reloaded= 0
========================================================================
Received Prepare
Begin MonoManager ReloadAssembly
- Loaded All Assemblies, in  1.660 seconds
Refreshing native plugins compatible for Editor in 0.55 ms, found 3 plugins.
Native extension for OSXStandalone target not found
Mono: successfully reloaded assembly
- Finished resetting the current domain, in  3.616 seconds
Domain Reload Profiling: 5281ms
	BeginReloadAssembly (606ms)
		ExecutionOrderSort (0ms)
		DisableScriptedObjects (97ms)
		BackupInstance (0ms)
		ReleaseScriptingObjects (1ms)
		CreateAndSetChildDomain (167ms)
	RebuildCommonClasses (62ms)
	RebuildNativeTypeToScriptingClass (16ms)
	initialDomainReloadingComplete (71ms)
	LoadAllAssembliesAndSetupDomain (908ms)
		LoadAssemblies (757ms)
		RebuildTransferFunctionScriptingTraits (0ms)
		AnalyzeDomain (346ms)
			TypeCache.Refresh (18ms)
				TypeCache.ScanAssembly (1ms)
			BuildScriptInfoCaches (283ms)
			ResolveRequiredComponents (41ms)
	FinalizeReload (3617ms)
		ReleaseScriptCaches (0ms)
		RebuildScriptCaches (0ms)
		SetupLoadedEditorAssemblies (2481ms)
			LogAssemblyErrors (0ms)
			InitializePlatformSupportModulesInManaged (25ms)
			SetLoadedEditorAssemblies (11ms)
			BeforeProcessingInitializeOnLoad (110ms)
			ProcessInitializeOnLoadAttributes (2043ms)
			ProcessInitializeOnLoadMethodAttributes (283ms)
			AfterProcessingInitializeOnLoad (8ms)
			EditorAssembliesLoaded (1ms)
		ExecutionOrderSort2 (0ms)
		AwakeInstancesAfterBackupRestoration (39ms)
Refreshing native plugins compatible for Editor in 0.62 ms, found 3 plugins.
Preloading 0 native plugins for Editor in 0.00 ms.
Unloading 14 Unused Serialized files (Serialized files now loaded: 0)
Unloading 6747 unused Assets / (5.7 MB). Loaded Objects now: 7736.
Memory consumption went from 371.6 MB to 365.8 MB.
Total: 12.263375 ms (FindLiveObjects: 1.204292 ms CreateObjectMapping: 0.584917 ms MarkObjects: 6.892208 ms  DeleteObjects: 3.580959 ms)

Prepare: number of updated asset objects reloaded= 0
========================================================================
Received Prepare
Refreshing native plugins compatible for Editor in 0.67 ms, found 3 plugins.
Preloading 0 native plugins for Editor in 0.00 ms.
Unloading 14 Unused Serialized files (Serialized files now loaded: 0)
Unloading 6735 unused Assets / (4.2 MB). Loaded Objects now: 7735.
Memory consumption went from 367.6 MB to 363.4 MB.
Total: 41.819250 ms (FindLiveObjects: 1.046708 ms CreateObjectMapping: 1.019375 ms MarkObjects: 36.010917 ms  DeleteObjects: 3.740292 ms)

Prepare: number of updated asset objects reloaded= 0
========================================================================
Received Prepare
Refreshing native plugins compatible for Editor in 0.62 ms, found 3 plugins.
Preloading 0 native plugins for Editor in 0.00 ms.
Unloading 14 Unused Serialized files (Serialized files now loaded: 0)
Unloading 6734 unused Assets / (3.3 MB). Loaded Objects now: 7734.
Memory consumption went from 364.9 MB to 361.6 MB.
Total: 28.822417 ms (FindLiveObjects: 0.881000 ms CreateObjectMapping: 0.737958 ms MarkObjects: 24.071958 ms  DeleteObjects: 3.130166 ms)

Prepare: number of updated asset objects reloaded= 0
========================================================================
Received Prepare
Refreshing native plugins compatible for Editor in 0.62 ms, found 3 plugins.
Preloading 0 native plugins for Editor in 0.00 ms.
Unloading 14 Unused Serialized files (Serialized files now loaded: 0)
Unloading 6733 unused Assets / (3.5 MB). Loaded Objects now: 7733.
Memory consumption went from 362.3 MB to 358.9 MB.
Total: 32.501708 ms (FindLiveObjects: 0.814333 ms CreateObjectMapping: 0.501208 ms MarkObjects: 28.148167 ms  DeleteObjects: 3.036833 ms)

Prepare: number of updated asset objects reloaded= 0
========================================================================
Received Prepare
Refreshing native plugins compatible for Editor in 0.65 ms, found 3 plugins.
Preloading 0 native plugins for Editor in 0.00 ms.
Unloading 14 Unused Serialized files (Serialized files now loaded: 0)
Unloading 6733 unused Assets / (4.3 MB). Loaded Objects now: 7733.
Memory consumption went from 359.7 MB to 355.3 MB.
Total: 35.392291 ms (FindLiveObjects: 0.785417 ms CreateObjectMapping: 0.478167 ms MarkObjects: 30.775209 ms  DeleteObjects: 3.352459 ms)

Prepare: number of updated asset objects reloaded= 0
========================================================================
Received Prepare
Refreshing native plugins compatible for Editor in 0.67 ms, found 3 plugins.
Preloading 0 native plugins for Editor in 0.00 ms.
Unloading 14 Unused Serialized files (Serialized files now loaded: 0)
Unloading 6732 unused Assets / (4.5 MB). Loaded Objects now: 7732.
Memory consumption went from 356.7 MB to 352.3 MB.
Total: 180.828459 ms (FindLiveObjects: 1.383959 ms CreateObjectMapping: 0.550000 ms MarkObjects: 175.338792 ms  DeleteObjects: 3.554917 ms)

Prepare: number of updated asset objects reloaded= 0
========================================================================
Received Prepare
Refreshing native plugins compatible for Editor in 0.64 ms, found 3 plugins.
Preloading 0 native plugins for Editor in 0.00 ms.
Unloading 14 Unused Serialized files (Serialized files now loaded: 0)
Unloading 6733 unused Assets / (5.2 MB). Loaded Objects now: 7733.
Memory consumption went from 354.1 MB to 348.9 MB.
Total: 49.639416 ms (FindLiveObjects: 0.830541 ms CreateObjectMapping: 0.607959 ms MarkObjects: 44.419584 ms  DeleteObjects: 3.780042 ms)

Prepare: number of updated asset objects reloaded= 0
========================================================================
Received Prepare
Begin MonoManager ReloadAssembly
- Loaded All Assemblies, in  2.966 seconds
Refreshing native plugins compatible for Editor in 2.36 ms, found 3 plugins.
Native extension for OSXStandalone target not found
Mono: successfully reloaded assembly
- Finished resetting the current domain, in  3.368 seconds
Domain Reload Profiling: 6339ms
	BeginReloadAssembly (1355ms)
		ExecutionOrderSort (0ms)
		DisableScriptedObjects (200ms)
		BackupInstance (0ms)
		ReleaseScriptingObjects (0ms)
		CreateAndSetChildDomain (422ms)
	RebuildCommonClasses (56ms)
	RebuildNativeTypeToScriptingClass (16ms)
	initialDomainReloadingComplete (92ms)
	LoadAllAssembliesAndSetupDomain (1451ms)
		LoadAssemblies (1519ms)
		RebuildTransferFunctionScriptingTraits (0ms)
		AnalyzeDomain (447ms)
			TypeCache.Refresh (26ms)
				TypeCache.ScanAssembly (1ms)
			BuildScriptInfoCaches (350ms)
			ResolveRequiredComponents (64ms)
	FinalizeReload (3369ms)
		ReleaseScriptCaches (0ms)
		RebuildScriptCaches (0ms)
		SetupLoadedEditorAssemblies (2292ms)
			LogAssemblyErrors (0ms)
			InitializePlatformSupportModulesInManaged (11ms)
			SetLoadedEditorAssemblies (13ms)
			BeforeProcessingInitializeOnLoad (133ms)
			ProcessInitializeOnLoadAttributes (1872ms)
			ProcessInitializeOnLoadMethodAttributes (253ms)
			AfterProcessingInitializeOnLoad (9ms)
			EditorAssembliesLoaded (1ms)
		ExecutionOrderSort2 (0ms)
		AwakeInstancesAfterBackupRestoration (40ms)
Refreshing native plugins compatible for Editor in 0.65 ms, found 3 plugins.
Preloading 0 native plugins for Editor in 0.00 ms.
Unloading 14 Unused Serialized files (Serialized files now loaded: 0)
Unloading 6744 unused Assets / (4.5 MB). Loaded Objects now: 7735.
Memory consumption went from 362.0 MB to 357.5 MB.
Total: 11.560042 ms (FindLiveObjects: 1.104750 ms CreateObjectMapping: 0.828084 ms MarkObjects: 6.029875 ms  DeleteObjects: 3.596333 ms)

Prepare: number of updated asset objects reloaded= 0
========================================================================
Received Prepare
Refreshing native plugins compatible for Editor in 0.75 ms, found 3 plugins.
Preloading 0 native plugins for Editor in 0.00 ms.
Unloading 14 Unused Serialized files (Serialized files now loaded: 0)
Unloading 6733 unused Assets / (4.2 MB). Loaded Objects now: 7735.
Memory consumption went from 358.0 MB to 353.8 MB.
Total: 114.465416 ms (FindLiveObjects: 13.683208 ms CreateObjectMapping: 2.624291 ms MarkObjects: 89.474959 ms  DeleteObjects: 8.681500 ms)

Prepare: number of updated asset objects reloaded= 0
