Unity Editor version:    6000.0.16f1 (ae37dbaefed8)
Branch:                  trunk
Build type:              Release
Batch mode:              YES
macOS version:           Version 14.6.1 (Build 23G93)
Darwin version:          23.6.0
Architecture:            x86_64
Running under Rosetta:   YES
Available memory:        8192 MB
Using pre-set license
Pro License: YES

COMMAND LINE ARGUMENTS:
/Applications/Unity/Hub/Editor/6000.0.16f1/Unity.app/Contents/MacOS/Unity
-adb2
-batchMode
-noUpm
-name
AssetImportWorker0
-projectPath
/Users/jadonferrance/Downloads/Essentials Project
-logFile
Logs/AssetImportWorker0.log
-srvPort
65078
-job-worker-count
3
-background-job-worker-count
8
-asset-garbage-collectors
1
Successfully changed project path to: /Users/jadonferrance/Downloads/Essentials Project
/Users/jadonferrance/Downloads/Essentials Project
[UnityMemory] Configuration Parameters - Can be set up in boot.config
    "memorysetup-bucket-allocator-granularity=16"
    "memorysetup-bucket-allocator-bucket-count=8"
    "memorysetup-bucket-allocator-block-size=33554432"
    "memorysetup-bucket-allocator-block-count=8"
    "memorysetup-main-allocator-block-size=16777216"
    "memorysetup-thread-allocator-block-size=16777216"
    "memorysetup-gfx-main-allocator-block-size=16777216"
    "memorysetup-gfx-thread-allocator-block-size=16777216"
    "memorysetup-cache-allocator-block-size=4194304"
    "memorysetup-typetree-allocator-block-size=2097152"
    "memorysetup-profiler-bucket-allocator-granularity=16"
    "memorysetup-profiler-bucket-allocator-bucket-count=8"
    "memorysetup-profiler-bucket-allocator-block-size=33554432"
    "memorysetup-profiler-bucket-allocator-block-count=8"
    "memorysetup-profiler-allocator-block-size=16777216"
    "memorysetup-profiler-editor-allocator-block-size=1048576"
    "memorysetup-temp-allocator-size-main=16777216"
    "memorysetup-job-temp-allocator-block-size=2097152"
    "memorysetup-job-temp-allocator-block-size-background=1048576"
    "memorysetup-job-temp-allocator-reduction-small-platforms=262144"
    "memorysetup-allocator-temp-initial-block-size-main=262144"
    "memorysetup-allocator-temp-initial-block-size-worker=262144"
    "memorysetup-temp-allocator-size-background-worker=32768"
    "memorysetup-temp-allocator-size-job-worker=262144"
    "memorysetup-temp-allocator-size-preload-manager=33554432"
    "memorysetup-temp-allocator-size-nav-mesh-worker=65536"
    "memorysetup-temp-allocator-size-audio-worker=65536"
    "memorysetup-temp-allocator-size-cloud-worker=32768"
    "memorysetup-temp-allocator-size-gi-baking-worker=262144"
    "memorysetup-temp-allocator-size-gi-baking-worker=262144"
    "memorysetup-temp-allocator-size-gi-baking-worker=262144"
    "memorysetup-temp-allocator-size-gi-baking-worker=262144"
    "memorysetup-temp-allocator-size-gi-baking-worker=262144"
    "memorysetup-temp-allocator-size-gfx=262144"
Player connection [8716317248]  Target information:

Player connection [8716317248]  * "[IP] 192.168.72.156 [Port] 0 [Flags] 2 [Guid] 1778743928 [EditorId] 1778743928 [Version] 1048832 [Id] OSXEditor(0,Jadons-Air-2) [Debug] 1 [PackageName] OSXEditor [ProjectName] Editor" 

Player connection [8716317248] Host joined multi-casting on [225.0.0.222:54997]...
Player connection [8716317248] Host joined alternative multi-casting on [225.0.0.222:34997]...
JobSystem: Creating JobQueue using job-worker-count value 3
Library Redirect Path: Library/
[PhysX] Initialized MultithreadedTaskDispatcher with 4 workers.
Refreshing native plugins compatible for Editor in 4.97 ms, found 3 plugins.
Preloading 0 native plugins for Editor in 0.00 ms.
Initialize engine version: 6000.0.16f1 (ae37dbaefed8)
[Subsystems] Discovering subsystems at path /Applications/Unity/Hub/Editor/6000.0.16f1/Unity.app/Contents/Resources/UnitySubsystems
[Subsystems] Discovering subsystems at path /Users/jadonferrance/Downloads/Essentials Project/Assets
GfxDevice: creating device client; kGfxThreadingModeNonThreaded
 preferred device: Apple M1 (high power)
Metal devices available: 1
0: Apple M1 (high power)
Using device Apple M1 (high power)
Initializing Metal device caps: Apple M1
Initialize mono
Mono path[0] = '/Applications/Unity/Hub/Editor/6000.0.16f1/Unity.app/Contents/Managed'
Mono path[1] = '/Applications/Unity/Hub/Editor/6000.0.16f1/Unity.app/Contents/MonoBleedingEdge/lib/mono/unityjit-macos'
Mono config path = '/Applications/Unity/Hub/Editor/6000.0.16f1/Unity.app/Contents/MonoBleedingEdge/etc'
Using monoOptions --debugger-agent=transport=dt_socket,embedding=1,server=y,suspend=n,address=127.0.0.1:56772
Begin MonoManager ReloadAssembly
Registering precompiled unity dll's ...
Register platform support module: /Applications/Unity/Hub/Editor/6000.0.16f1/Unity.app/Contents/PlaybackEngines/MacStandaloneSupport/UnityEditor.OSXStandalone.Extensions.dll
Registered in 0.003805 seconds.
- Loaded All Assemblies, in  1.117 seconds
Native extension for OSXStandalone target not found
Mono: successfully reloaded assembly
- Finished resetting the current domain, in  1.853 seconds
Domain Reload Profiling: 2973ms
	BeginReloadAssembly (356ms)
		ExecutionOrderSort (0ms)
		DisableScriptedObjects (0ms)
		BackupInstance (0ms)
		ReleaseScriptingObjects (0ms)
		CreateAndSetChildDomain (4ms)
	RebuildCommonClasses (198ms)
	RebuildNativeTypeToScriptingClass (23ms)
	initialDomainReloadingComplete (219ms)
	LoadAllAssembliesAndSetupDomain (321ms)
		LoadAssemblies (352ms)
		RebuildTransferFunctionScriptingTraits (0ms)
		AnalyzeDomain (308ms)
			TypeCache.Refresh (304ms)
				TypeCache.ScanAssembly (269ms)
			BuildScriptInfoCaches (0ms)
			ResolveRequiredComponents (3ms)
	FinalizeReload (1856ms)
		ReleaseScriptCaches (0ms)
		RebuildScriptCaches (0ms)
		SetupLoadedEditorAssemblies (1675ms)
			LogAssemblyErrors (0ms)
			InitializePlatformSupportModulesInManaged (264ms)
			SetLoadedEditorAssemblies (22ms)
			BeforeProcessingInitializeOnLoad (42ms)
			ProcessInitializeOnLoadAttributes (878ms)
			ProcessInitializeOnLoadMethodAttributes (452ms)
			AfterProcessingInitializeOnLoad (17ms)
			EditorAssembliesLoaded (1ms)
		ExecutionOrderSort2 (0ms)
		AwakeInstancesAfterBackupRestoration (0ms)
========================================================================
Worker process is ready to serve import requests
Import Worker Mode flag is 0x00
Begin MonoManager ReloadAssembly
- Loaded All Assemblies, in  3.362 seconds
Refreshing native plugins compatible for Editor in 2.75 ms, found 3 plugins.
Native extension for OSXStandalone target not found
Mono: successfully reloaded assembly
- Finished resetting the current domain, in  4.364 seconds
Domain Reload Profiling: 7730ms
	BeginReloadAssembly (1822ms)
		ExecutionOrderSort (0ms)
		DisableScriptedObjects (50ms)
		BackupInstance (0ms)
		ReleaseScriptingObjects (0ms)
		CreateAndSetChildDomain (83ms)
	RebuildCommonClasses (81ms)
	RebuildNativeTypeToScriptingClass (22ms)
	initialDomainReloadingComplete (142ms)
	LoadAllAssembliesAndSetupDomain (1296ms)
		LoadAssemblies (835ms)
		RebuildTransferFunctionScriptingTraits (0ms)
		AnalyzeDomain (658ms)
			TypeCache.Refresh (423ms)
				TypeCache.ScanAssembly (383ms)
			BuildScriptInfoCaches (175ms)
			ResolveRequiredComponents (55ms)
	FinalizeReload (4367ms)
		ReleaseScriptCaches (0ms)
		RebuildScriptCaches (0ms)
		SetupLoadedEditorAssemblies (3229ms)
			LogAssemblyErrors (0ms)
			InitializePlatformSupportModulesInManaged (13ms)
			SetLoadedEditorAssemblies (14ms)
			BeforeProcessingInitializeOnLoad (125ms)
			ProcessInitializeOnLoadAttributes (2583ms)
			ProcessInitializeOnLoadMethodAttributes (483ms)
			AfterProcessingInitializeOnLoad (11ms)
			EditorAssembliesLoaded (1ms)
		ExecutionOrderSort2 (0ms)
		AwakeInstancesAfterBackupRestoration (15ms)
Launching external process: /Applications/Unity/Hub/Editor/6000.0.16f1/Unity.app/Contents/Tools/UnityShaderCompiler
Launched and connected shader compiler UnityShaderCompiler after 1.41 seconds
Refreshing native plugins compatible for Editor in 1.05 ms, found 3 plugins.
Preloading 0 native plugins for Editor in 0.00 ms.
Unloading 229 Unused Serialized files (Serialized files now loaded: 0)
Unloading 6745 unused Assets / (6.8 MB). Loaded Objects now: 7568.
Memory consumption went from 207.5 MB to 200.7 MB.
Total: 57.814750 ms (FindLiveObjects: 10.612375 ms CreateObjectMapping: 3.546875 ms MarkObjects: 34.329208 ms  DeleteObjects: 9.324458 ms)

========================================================================
Received Import Request.
  Time since last request: 1782947.260702 seconds.
  path: Assets/_Unity Essentials/Materials/My Materials
  artifactKey: Guid(b35e73278805a46199b1976e8fd4cb41) Importer(815301076,1909f56bfc062723c751e8b465ee728b)
Start importing Assets/_Unity Essentials/Materials/My Materials using Guid(b35e73278805a46199b1976e8fd4cb41) Importer(815301076,1909f56bfc062723c751e8b465ee728b) (PreviewImporter)[PhysX] Initialized MultithreadedTaskDispatcher with 4 workers.
 -> (artifact id: 'd419d5d5127e8dc9dfb9b2bed15613e4') in 0.030187375 seconds
Number of updated asset objects reloaded before import = 0Number of asset objects unloaded after import = 0

========================================================================
Received Import Request.
  Time since last request: 178.474379 seconds.
  path: Assets/_Unity Essentials/Materials/My Materials/New Physics Material.physicMaterial
  artifactKey: Guid(b81a06531edca498cbd3d5c8b0e2c1f5) Importer(815301076,1909f56bfc062723c751e8b465ee728b)
Start importing Assets/_Unity Essentials/Materials/My Materials/New Physics Material.physicMaterial using Guid(b81a06531edca498cbd3d5c8b0e2c1f5) Importer(815301076,1909f56bfc062723c751e8b465ee728b) (PreviewImporter)[PhysX] Initialized MultithreadedTaskDispatcher with 4 workers.
 -> (artifact id: 'aa3df1a770a1cdae57faca1f1a5b7019') in 0.158322167 seconds
Number of updated asset objects reloaded before import = 0Number of asset objects unloaded after import = 1

========================================================================
Received Import Request.
  Time since last request: 24.154709 seconds.
  path: Assets/_Unity Essentials/Materials/My Materials/Ball_physics.physicMaterial
  artifactKey: Guid(b81a06531edca498cbd3d5c8b0e2c1f5) Importer(815301076,1909f56bfc062723c751e8b465ee728b)
Start importing Assets/_Unity Essentials/Materials/My Materials/Ball_physics.physicMaterial using Guid(b81a06531edca498cbd3d5c8b0e2c1f5) Importer(815301076,1909f56bfc062723c751e8b465ee728b) (PreviewImporter)[PhysX] Initialized MultithreadedTaskDispatcher with 4 workers.
 -> (artifact id: '4f7bfbeedfbb13496e8d59468f89d221') in 0.008951166 seconds
Number of updated asset objects reloaded before import = 0Number of asset objects unloaded after import = 1

========================================================================
Received Prepare
Begin MonoManager ReloadAssembly
- Loaded All Assemblies, in  2.458 seconds
Refreshing native plugins compatible for Editor in 0.91 ms, found 3 plugins.
Native extension for OSXStandalone target not found
Mono: successfully reloaded assembly
- Finished resetting the current domain, in  5.527 seconds
Domain Reload Profiling: 7995ms
	BeginReloadAssembly (854ms)
		ExecutionOrderSort (0ms)
		DisableScriptedObjects (135ms)
		BackupInstance (0ms)
		ReleaseScriptingObjects (1ms)
		CreateAndSetChildDomain (222ms)
	RebuildCommonClasses (87ms)
	RebuildNativeTypeToScriptingClass (24ms)
	initialDomainReloadingComplete (92ms)
	LoadAllAssembliesAndSetupDomain (1407ms)
		LoadAssemblies (1057ms)
		RebuildTransferFunctionScriptingTraits (0ms)
		AnalyzeDomain (652ms)
			TypeCache.Refresh (23ms)
				TypeCache.ScanAssembly (0ms)
			BuildScriptInfoCaches (546ms)
			ResolveRequiredComponents (76ms)
	FinalizeReload (5530ms)
		ReleaseScriptCaches (0ms)
		RebuildScriptCaches (0ms)
		SetupLoadedEditorAssemblies (3854ms)
			LogAssemblyErrors (0ms)
			InitializePlatformSupportModulesInManaged (15ms)
			SetLoadedEditorAssemblies (15ms)
			BeforeProcessingInitializeOnLoad (149ms)
			ProcessInitializeOnLoadAttributes (3074ms)
			ProcessInitializeOnLoadMethodAttributes (586ms)
			AfterProcessingInitializeOnLoad (14ms)
			EditorAssembliesLoaded (1ms)
		ExecutionOrderSort2 (0ms)
		AwakeInstancesAfterBackupRestoration (62ms)
Refreshing native plugins compatible for Editor in 1.41 ms, found 3 plugins.
Preloading 0 native plugins for Editor in 0.00 ms.
Unloading 14 Unused Serialized files (Serialized files now loaded: 0)
Unloading 6743 unused Assets / (3.7 MB). Loaded Objects now: 7574.
Memory consumption went from 180.2 MB to 176.5 MB.
Total: 33.396125 ms (FindLiveObjects: 4.277000 ms CreateObjectMapping: 1.799750 ms MarkObjects: 20.546625 ms  DeleteObjects: 6.771167 ms)

Prepare: number of updated asset objects reloaded= 0
========================================================================
Received Import Request.
  Time since last request: 45.556800 seconds.
  path: Assets/_Unity Essentials/Materials/My Materials/Ball_physics.physicMaterial
  artifactKey: Guid(b81a06531edca498cbd3d5c8b0e2c1f5) Importer(815301076,1909f56bfc062723c751e8b465ee728b)
Start importing Assets/_Unity Essentials/Materials/My Materials/Ball_physics.physicMaterial using Guid(b81a06531edca498cbd3d5c8b0e2c1f5) Importer(815301076,1909f56bfc062723c751e8b465ee728b) (PreviewImporter)[PhysX] Initialized MultithreadedTaskDispatcher with 4 workers.
 -> (artifact id: '4e03bf5340703b5fef93ff3000e4c2b4') in 0.157478917 seconds
Number of updated asset objects reloaded before import = 0Number of asset objects unloaded after import = 1

========================================================================
Received Import Request.
  Time since last request: 31.144268 seconds.
  path: Assets/_Unity Essentials/Prefabs
  artifactKey: Guid(9a79a1c3b15294aa4a2f9f22538a3967) Importer(815301076,1909f56bfc062723c751e8b465ee728b)
Start importing Assets/_Unity Essentials/Prefabs using Guid(9a79a1c3b15294aa4a2f9f22538a3967) Importer(815301076,1909f56bfc062723c751e8b465ee728b) (PreviewImporter)[PhysX] Initialized MultithreadedTaskDispatcher with 4 workers.
 -> (artifact id: '20355eb02c4c190db97b67fc889ccd43') in 0.004801334 seconds
Number of updated asset objects reloaded before import = 0Number of asset objects unloaded after import = 0

========================================================================
Received Import Request.
  Time since last request: 6.881697 seconds.
  path: Assets/_Unity Essentials/Prefabs/Shapes
  artifactKey: Guid(51888ea115434491b96d405658d66321) Importer(815301076,1909f56bfc062723c751e8b465ee728b)
Start importing Assets/_Unity Essentials/Prefabs/Shapes using Guid(51888ea115434491b96d405658d66321) Importer(815301076,1909f56bfc062723c751e8b465ee728b) (PreviewImporter)[PhysX] Initialized MultithreadedTaskDispatcher with 4 workers.
 -> (artifact id: '5136a33e7ba4d8b7371073559193d6bf') in 0.003322417 seconds
Number of updated asset objects reloaded before import = 0Number of asset objects unloaded after import = 0

========================================================================
Received Import Request.
  Time since last request: 10.458509 seconds.
  path: Assets/_Unity Essentials/Prefabs/Shapes/Ramp.prefab
  artifactKey: Guid(33536709dbec94718966b62059ffe8cc) Importer(815301076,1909f56bfc062723c751e8b465ee728b)
Start importing Assets/_Unity Essentials/Prefabs/Shapes/Ramp.prefab using Guid(33536709dbec94718966b62059ffe8cc) Importer(815301076,1909f56bfc062723c751e8b465ee728b) (PreviewImporter)[PhysX] Initialized MultithreadedTaskDispatcher with 4 workers.
[PhysX] Initialized MultithreadedTaskDispatcher with 4 workers.
 -> (artifact id: '0ca51b9103f385f2fa972d7fe35cdab7') in 2.353218208 seconds
Number of updated asset objects reloaded before import = 0Number of asset objects unloaded after import = 8

========================================================================
Received Prepare
Begin MonoManager ReloadAssembly
- Loaded All Assemblies, in  2.417 seconds
Refreshing native plugins compatible for Editor in 4.10 ms, found 3 plugins.
Native extension for OSXStandalone target not found
Mono: successfully reloaded assembly
- Finished resetting the current domain, in  5.520 seconds
Domain Reload Profiling: 7950ms
	BeginReloadAssembly (871ms)
		ExecutionOrderSort (0ms)
		DisableScriptedObjects (224ms)
		BackupInstance (0ms)
		ReleaseScriptingObjects (3ms)
		CreateAndSetChildDomain (279ms)
	RebuildCommonClasses (84ms)
	RebuildNativeTypeToScriptingClass (26ms)
	initialDomainReloadingComplete (105ms)
	LoadAllAssembliesAndSetupDomain (1337ms)
		LoadAssemblies (991ms)
		RebuildTransferFunctionScriptingTraits (0ms)
		AnalyzeDomain (575ms)
			TypeCache.Refresh (19ms)
				TypeCache.ScanAssembly (0ms)
			BuildScriptInfoCaches (486ms)
			ResolveRequiredComponents (65ms)
	FinalizeReload (5528ms)
		ReleaseScriptCaches (0ms)
		RebuildScriptCaches (0ms)
		SetupLoadedEditorAssemblies (3607ms)
			LogAssemblyErrors (0ms)
			InitializePlatformSupportModulesInManaged (19ms)
			SetLoadedEditorAssemblies (15ms)
			BeforeProcessingInitializeOnLoad (162ms)
			ProcessInitializeOnLoadAttributes (2997ms)
			ProcessInitializeOnLoadMethodAttributes (399ms)
			AfterProcessingInitializeOnLoad (14ms)
			EditorAssembliesLoaded (1ms)
		ExecutionOrderSort2 (0ms)
		AwakeInstancesAfterBackupRestoration (65ms)
Refreshing native plugins compatible for Editor in 1.67 ms, found 3 plugins.
Preloading 0 native plugins for Editor in 0.00 ms.
Unloading 14 Unused Serialized files (Serialized files now loaded: 0)
Unloading 6744 unused Assets / (2.7 MB). Loaded Objects now: 7605.
Memory consumption went from 192.4 MB to 189.7 MB.
Total: 53.356875 ms (FindLiveObjects: 6.969667 ms CreateObjectMapping: 3.809250 ms MarkObjects: 35.061208 ms  DeleteObjects: 7.514542 ms)

Prepare: number of updated asset objects reloaded= 0
========================================================================
Received Prepare
Begin MonoManager ReloadAssembly
- Loaded All Assemblies, in  2.272 seconds
Refreshing native plugins compatible for Editor in 5.55 ms, found 3 plugins.
Native extension for OSXStandalone target not found
Mono: successfully reloaded assembly
- Finished resetting the current domain, in  5.147 seconds
Domain Reload Profiling: 7426ms
	BeginReloadAssembly (768ms)
		ExecutionOrderSort (0ms)
		DisableScriptedObjects (122ms)
		BackupInstance (0ms)
		ReleaseScriptingObjects (1ms)
		CreateAndSetChildDomain (232ms)
	RebuildCommonClasses (86ms)
	RebuildNativeTypeToScriptingClass (25ms)
	initialDomainReloadingComplete (110ms)
	LoadAllAssembliesAndSetupDomain (1286ms)
		LoadAssemblies (1021ms)
		RebuildTransferFunctionScriptingTraits (0ms)
		AnalyzeDomain (534ms)
			TypeCache.Refresh (49ms)
				TypeCache.ScanAssembly (0ms)
			BuildScriptInfoCaches (417ms)
			ResolveRequiredComponents (63ms)
	FinalizeReload (5150ms)
		ReleaseScriptCaches (0ms)
		RebuildScriptCaches (0ms)
		SetupLoadedEditorAssemblies (3626ms)
			LogAssemblyErrors (0ms)
			InitializePlatformSupportModulesInManaged (15ms)
			SetLoadedEditorAssemblies (13ms)
			BeforeProcessingInitializeOnLoad (167ms)
			ProcessInitializeOnLoadAttributes (2997ms)
			ProcessInitializeOnLoadMethodAttributes (422ms)
			AfterProcessingInitializeOnLoad (12ms)
			EditorAssembliesLoaded (1ms)
		ExecutionOrderSort2 (0ms)
		AwakeInstancesAfterBackupRestoration (59ms)
Refreshing native plugins compatible for Editor in 1.44 ms, found 3 plugins.
Preloading 0 native plugins for Editor in 0.00 ms.
Unloading 14 Unused Serialized files (Serialized files now loaded: 0)
Unloading 6743 unused Assets / (3.1 MB). Loaded Objects now: 7607.
Memory consumption went from 198.9 MB to 195.8 MB.
Total: 30.032459 ms (FindLiveObjects: 3.589250 ms CreateObjectMapping: 1.921667 ms MarkObjects: 19.828208 ms  DeleteObjects: 4.691458 ms)

Prepare: number of updated asset objects reloaded= 0
========================================================================
Received Prepare
Begin MonoManager ReloadAssembly
- Loaded All Assemblies, in  2.338 seconds
Refreshing native plugins compatible for Editor in 4.76 ms, found 3 plugins.
Native extension for OSXStandalone target not found
Mono: successfully reloaded assembly
- Finished resetting the current domain, in  5.205 seconds
Domain Reload Profiling: 7549ms
	BeginReloadAssembly (820ms)
		ExecutionOrderSort (0ms)
		DisableScriptedObjects (127ms)
		BackupInstance (0ms)
		ReleaseScriptingObjects (1ms)
		CreateAndSetChildDomain (247ms)
	RebuildCommonClasses (93ms)
	RebuildNativeTypeToScriptingClass (26ms)
	initialDomainReloadingComplete (107ms)
	LoadAllAssembliesAndSetupDomain (1295ms)
		LoadAssemblies (1053ms)
		RebuildTransferFunctionScriptingTraits (0ms)
		AnalyzeDomain (543ms)
			TypeCache.Refresh (22ms)
				TypeCache.ScanAssembly (0ms)
			BuildScriptInfoCaches (457ms)
			ResolveRequiredComponents (59ms)
	FinalizeReload (5206ms)
		ReleaseScriptCaches (0ms)
		RebuildScriptCaches (0ms)
		SetupLoadedEditorAssemblies (3687ms)
			LogAssemblyErrors (0ms)
			InitializePlatformSupportModulesInManaged (15ms)
			SetLoadedEditorAssemblies (13ms)
			BeforeProcessingInitializeOnLoad (160ms)
			ProcessInitializeOnLoadAttributes (3089ms)
			ProcessInitializeOnLoadMethodAttributes (399ms)
			AfterProcessingInitializeOnLoad (10ms)
			EditorAssembliesLoaded (1ms)
		ExecutionOrderSort2 (0ms)
		AwakeInstancesAfterBackupRestoration (61ms)
Refreshing native plugins compatible for Editor in 1.35 ms, found 3 plugins.
Preloading 0 native plugins for Editor in 0.00 ms.
Unloading 14 Unused Serialized files (Serialized files now loaded: 0)
Unloading 6743 unused Assets / (3.3 MB). Loaded Objects now: 7609.
Memory consumption went from 205.5 MB to 202.2 MB.
Total: 21.190458 ms (FindLiveObjects: 2.272792 ms CreateObjectMapping: 1.729500 ms MarkObjects: 13.262000 ms  DeleteObjects: 3.924834 ms)

Prepare: number of updated asset objects reloaded= 0
========================================================================
Received Prepare
Begin MonoManager ReloadAssembly
- Loaded All Assemblies, in  2.264 seconds
Refreshing native plugins compatible for Editor in 3.28 ms, found 3 plugins.
Native extension for OSXStandalone target not found
Mono: successfully reloaded assembly
- Finished resetting the current domain, in  5.026 seconds
Domain Reload Profiling: 7296ms
	BeginReloadAssembly (773ms)
		ExecutionOrderSort (0ms)
		DisableScriptedObjects (120ms)
		BackupInstance (0ms)
		ReleaseScriptingObjects (1ms)
		CreateAndSetChildDomain (239ms)
	RebuildCommonClasses (86ms)
	RebuildNativeTypeToScriptingClass (25ms)
	initialDomainReloadingComplete (106ms)
	LoadAllAssembliesAndSetupDomain (1278ms)
		LoadAssemblies (1018ms)
		RebuildTransferFunctionScriptingTraits (0ms)
		AnalyzeDomain (536ms)
			TypeCache.Refresh (30ms)
				TypeCache.ScanAssembly (0ms)
			BuildScriptInfoCaches (441ms)
			ResolveRequiredComponents (60ms)
	FinalizeReload (5028ms)
		ReleaseScriptCaches (0ms)
		RebuildScriptCaches (0ms)
		SetupLoadedEditorAssemblies (3537ms)
			LogAssemblyErrors (0ms)
			InitializePlatformSupportModulesInManaged (17ms)
			SetLoadedEditorAssemblies (13ms)
			BeforeProcessingInitializeOnLoad (152ms)
			ProcessInitializeOnLoadAttributes (2941ms)
			ProcessInitializeOnLoadMethodAttributes (404ms)
			AfterProcessingInitializeOnLoad (10ms)
			EditorAssembliesLoaded (1ms)
		ExecutionOrderSort2 (0ms)
		AwakeInstancesAfterBackupRestoration (60ms)
Refreshing native plugins compatible for Editor in 1.22 ms, found 3 plugins.
Preloading 0 native plugins for Editor in 0.00 ms.
Unloading 14 Unused Serialized files (Serialized files now loaded: 0)
Unloading 6743 unused Assets / (3.6 MB). Loaded Objects now: 7611.
Memory consumption went from 212.1 MB to 208.5 MB.
Total: 18.758750 ms (FindLiveObjects: 1.290459 ms CreateObjectMapping: 1.441667 ms MarkObjects: 12.219084 ms  DeleteObjects: 3.806167 ms)

Prepare: number of updated asset objects reloaded= 0
========================================================================
Received Import Request.
  Time since last request: 693.665002 seconds.
  path: Assets/_Unity Essentials/Prefabs/Objects
  artifactKey: Guid(866aa32ff26344187b536b9f3d9ba094) Importer(815301076,1909f56bfc062723c751e8b465ee728b)
Start importing Assets/_Unity Essentials/Prefabs/Objects using Guid(866aa32ff26344187b536b9f3d9ba094) Importer(815301076,1909f56bfc062723c751e8b465ee728b) (PreviewImporter)[PhysX] Initialized MultithreadedTaskDispatcher with 4 workers.
 -> (artifact id: '52a6758d1d75cded672fef74234647a4') in 0.068848291 seconds
Number of updated asset objects reloaded before import = 0Number of asset objects unloaded after import = 0

========================================================================
Received Import Request.
  Time since last request: 14.536911 seconds.
  path: Assets/_Unity Essentials/Prefabs/Objects/New Folder
  artifactKey: Guid(2e46a71b472e249a59127e382f4bf291) Importer(815301076,1909f56bfc062723c751e8b465ee728b)
Start importing Assets/_Unity Essentials/Prefabs/Objects/New Folder using Guid(2e46a71b472e249a59127e382f4bf291) Importer(815301076,1909f56bfc062723c751e8b465ee728b) (PreviewImporter)[PhysX] Initialized MultithreadedTaskDispatcher with 4 workers.
 -> (artifact id: '25754f994fc88bc860bf131fa93d0cd4') in 0.00368275 seconds
Number of updated asset objects reloaded before import = 0Number of asset objects unloaded after import = 0

========================================================================
Received Import Request.
  Time since last request: 14.649701 seconds.
  path: Assets/_Unity Essentials/Prefabs/My Prefabs
  artifactKey: Guid(e60b261f5b59b402ab72ee4e607fd72e) Importer(815301076,1909f56bfc062723c751e8b465ee728b)
Start importing Assets/_Unity Essentials/Prefabs/My Prefabs using Guid(e60b261f5b59b402ab72ee4e607fd72e) Importer(815301076,1909f56bfc062723c751e8b465ee728b) (PreviewImporter)[PhysX] Initialized MultithreadedTaskDispatcher with 4 workers.
 -> (artifact id: '29fefa4d9000f7f689b47a7801b7c3eb') in 0.001001 seconds
Number of updated asset objects reloaded before import = 0Number of asset objects unloaded after import = 0

========================================================================
Received Import Request.
  Time since last request: 7.871186 seconds.
  path: Assets/_Unity Essentials/Prefabs/My Prefabs/Cube.prefab
  artifactKey: Guid(7536d77f243174601b864c84b7402a7a) Importer(815301076,1909f56bfc062723c751e8b465ee728b)
Start importing Assets/_Unity Essentials/Prefabs/My Prefabs/Cube.prefab using Guid(7536d77f243174601b864c84b7402a7a) Importer(815301076,1909f56bfc062723c751e8b465ee728b) (PreviewImporter)[PhysX] Initialized MultithreadedTaskDispatcher with 4 workers.
[PhysX] Initialized MultithreadedTaskDispatcher with 4 workers.
 -> (artifact id: '3f3d50dbff7125e27d687c663f755f33') in 2.838661875 seconds
Number of updated asset objects reloaded before import = 0Number of asset objects unloaded after import = 10

========================================================================
Received Import Request.
  Time since last request: 6.274307 seconds.
  path: Assets/_Unity Essentials/Prefabs/My Prefabs/Block.prefab
  artifactKey: Guid(7536d77f243174601b864c84b7402a7a) Importer(815301076,1909f56bfc062723c751e8b465ee728b)
Start importing Assets/_Unity Essentials/Prefabs/My Prefabs/Block.prefab using Guid(7536d77f243174601b864c84b7402a7a) Importer(815301076,1909f56bfc062723c751e8b465ee728b) (PreviewImporter)[PhysX] Initialized MultithreadedTaskDispatcher with 4 workers.
[PhysX] Initialized MultithreadedTaskDispatcher with 4 workers.
 -> (artifact id: '00e594d41c244ab13807a2e9b1026743') in 0.072791209 seconds
Number of updated asset objects reloaded before import = 0Number of asset objects unloaded after import = 10

========================================================================
Received Prepare
Begin MonoManager ReloadAssembly
- Loaded All Assemblies, in  2.418 seconds
Refreshing native plugins compatible for Editor in 2.92 ms, found 3 plugins.
Native extension for OSXStandalone target not found
Mono: successfully reloaded assembly
- Finished resetting the current domain, in  4.342 seconds
Domain Reload Profiling: 6768ms
	BeginReloadAssembly (923ms)
		ExecutionOrderSort (6ms)
		DisableScriptedObjects (230ms)
		BackupInstance (0ms)
		ReleaseScriptingObjects (1ms)
		CreateAndSetChildDomain (302ms)
	RebuildCommonClasses (87ms)
	RebuildNativeTypeToScriptingClass (29ms)
	initialDomainReloadingComplete (107ms)
	LoadAllAssembliesAndSetupDomain (1278ms)
		LoadAssemblies (959ms)
		RebuildTransferFunctionScriptingTraits (0ms)
		AnalyzeDomain (555ms)
			TypeCache.Refresh (22ms)
				TypeCache.ScanAssembly (0ms)
			BuildScriptInfoCaches (470ms)
			ResolveRequiredComponents (57ms)
	FinalizeReload (4344ms)
		ReleaseScriptCaches (0ms)
		RebuildScriptCaches (0ms)
		SetupLoadedEditorAssemblies (2862ms)
			LogAssemblyErrors (0ms)
			InitializePlatformSupportModulesInManaged (15ms)
			SetLoadedEditorAssemblies (19ms)
			BeforeProcessingInitializeOnLoad (128ms)
			ProcessInitializeOnLoadAttributes (2316ms)
			ProcessInitializeOnLoadMethodAttributes (373ms)
			AfterProcessingInitializeOnLoad (11ms)
			EditorAssembliesLoaded (1ms)
		ExecutionOrderSort2 (0ms)
		AwakeInstancesAfterBackupRestoration (53ms)
Refreshing native plugins compatible for Editor in 1.14 ms, found 3 plugins.
Preloading 0 native plugins for Editor in 0.00 ms.
Unloading 14 Unused Serialized files (Serialized files now loaded: 0)
Unloading 6744 unused Assets / (3.8 MB). Loaded Objects now: 7635.
Memory consumption went from 223.0 MB to 219.2 MB.
Total: 23.876584 ms (FindLiveObjects: 1.872959 ms CreateObjectMapping: 1.119750 ms MarkObjects: 17.507917 ms  DeleteObjects: 3.374042 ms)

Prepare: number of updated asset objects reloaded= 0
========================================================================
Received Import Request.
  Time since last request: 169.358786 seconds.
  path: Assets/_Unity Essentials/Prefabs/My Prefabs/Cube.prefab
  artifactKey: Guid(4d61f95d105374d71b2fe1a9136eb4a6) Importer(815301076,1909f56bfc062723c751e8b465ee728b)
Start importing Assets/_Unity Essentials/Prefabs/My Prefabs/Cube.prefab using Guid(4d61f95d105374d71b2fe1a9136eb4a6) Importer(815301076,1909f56bfc062723c751e8b465ee728b) (PreviewImporter)[PhysX] Initialized MultithreadedTaskDispatcher with 4 workers.
 -> (artifact id: '507109ae2665176747a36d335c07cea7') in 0.228173625 seconds
Number of updated asset objects reloaded before import = 0Number of asset objects unloaded after import = 8

========================================================================
Received Import Request.
  Time since last request: 319.037800 seconds.
  path: Assets/_Unity Essentials/Prefabs/My Prefabs/Cube 1.prefab
  artifactKey: Guid(fdfbfebedc60b4e2fa516a2679fc75ca) Importer(815301076,1909f56bfc062723c751e8b465ee728b)
Start importing Assets/_Unity Essentials/Prefabs/My Prefabs/Cube 1.prefab using Guid(fdfbfebedc60b4e2fa516a2679fc75ca) Importer(815301076,1909f56bfc062723c751e8b465ee728b) (PreviewImporter)[PhysX] Initialized MultithreadedTaskDispatcher with 4 workers.
[PhysX] Initialized MultithreadedTaskDispatcher with 4 workers.
 -> (artifact id: '4270a8d468b49b7c2286d98169b61d08') in 2.076690709 seconds
Number of updated asset objects reloaded before import = 0Number of asset objects unloaded after import = 10

========================================================================
Received Prepare
Begin MonoManager ReloadAssembly
- Loaded All Assemblies, in  2.510 seconds
Refreshing native plugins compatible for Editor in 4.04 ms, found 3 plugins.
Native extension for OSXStandalone target not found
Mono: successfully reloaded assembly
- Finished resetting the current domain, in  5.158 seconds
Domain Reload Profiling: 7676ms
	BeginReloadAssembly (1000ms)
		ExecutionOrderSort (0ms)
		DisableScriptedObjects (215ms)
		BackupInstance (0ms)
		ReleaseScriptingObjects (1ms)
		CreateAndSetChildDomain (320ms)
	RebuildCommonClasses (90ms)
	RebuildNativeTypeToScriptingClass (25ms)
	initialDomainReloadingComplete (113ms)
	LoadAllAssembliesAndSetupDomain (1289ms)
		LoadAssemblies (994ms)
		RebuildTransferFunctionScriptingTraits (0ms)
		AnalyzeDomain (607ms)
			TypeCache.Refresh (40ms)
				TypeCache.ScanAssembly (0ms)
			BuildScriptInfoCaches (504ms)
			ResolveRequiredComponents (58ms)
	FinalizeReload (5160ms)
		ReleaseScriptCaches (0ms)
		RebuildScriptCaches (0ms)
		SetupLoadedEditorAssemblies (3642ms)
			LogAssemblyErrors (0ms)
			InitializePlatformSupportModulesInManaged (17ms)
			SetLoadedEditorAssemblies (24ms)
			BeforeProcessingInitializeOnLoad (155ms)
			ProcessInitializeOnLoadAttributes (3028ms)
			ProcessInitializeOnLoadMethodAttributes (407ms)
			AfterProcessingInitializeOnLoad (11ms)
			EditorAssembliesLoaded (1ms)
		ExecutionOrderSort2 (0ms)
		AwakeInstancesAfterBackupRestoration (62ms)
Refreshing native plugins compatible for Editor in 1.30 ms, found 3 plugins.
Preloading 0 native plugins for Editor in 0.00 ms.
Unloading 14 Unused Serialized files (Serialized files now loaded: 0)
Unloading 6744 unused Assets / (3.7 MB). Loaded Objects now: 7658.
Memory consumption went from 233.8 MB to 230.1 MB.
Total: 25.692125 ms (FindLiveObjects: 3.224417 ms CreateObjectMapping: 1.536125 ms MarkObjects: 16.417708 ms  DeleteObjects: 4.512375 ms)

Prepare: number of updated asset objects reloaded= 0
========================================================================
Received Prepare
Begin MonoManager ReloadAssembly
- Loaded All Assemblies, in  2.285 seconds
Refreshing native plugins compatible for Editor in 2.92 ms, found 3 plugins.
Native extension for OSXStandalone target not found
Mono: successfully reloaded assembly
- Finished resetting the current domain, in  5.065 seconds
Domain Reload Profiling: 7357ms
	BeginReloadAssembly (776ms)
		ExecutionOrderSort (0ms)
		DisableScriptedObjects (128ms)
		BackupInstance (0ms)
		ReleaseScriptingObjects (1ms)
		CreateAndSetChildDomain (223ms)
	RebuildCommonClasses (92ms)
	RebuildNativeTypeToScriptingClass (25ms)
	initialDomainReloadingComplete (106ms)
	LoadAllAssembliesAndSetupDomain (1290ms)
		LoadAssemblies (1041ms)
		RebuildTransferFunctionScriptingTraits (0ms)
		AnalyzeDomain (541ms)
			TypeCache.Refresh (22ms)
				TypeCache.ScanAssembly (0ms)
			BuildScriptInfoCaches (452ms)
			ResolveRequiredComponents (58ms)
	FinalizeReload (5067ms)
		ReleaseScriptCaches (0ms)
		RebuildScriptCaches (0ms)
		SetupLoadedEditorAssemblies (3563ms)
			LogAssemblyErrors (0ms)
			InitializePlatformSupportModulesInManaged (17ms)
			SetLoadedEditorAssemblies (21ms)
			BeforeProcessingInitializeOnLoad (165ms)
			ProcessInitializeOnLoadAttributes (2937ms)
			ProcessInitializeOnLoadMethodAttributes (409ms)
			AfterProcessingInitializeOnLoad (13ms)
			EditorAssembliesLoaded (1ms)
		ExecutionOrderSort2 (0ms)
		AwakeInstancesAfterBackupRestoration (59ms)
Refreshing native plugins compatible for Editor in 1.12 ms, found 3 plugins.
Preloading 0 native plugins for Editor in 0.00 ms.
Unloading 14 Unused Serialized files (Serialized files now loaded: 0)
Unloading 6743 unused Assets / (2.9 MB). Loaded Objects now: 7660.
Memory consumption went from 240.3 MB to 237.3 MB.
Total: 19.432417 ms (FindLiveObjects: 1.828958 ms CreateObjectMapping: 1.742291 ms MarkObjects: 12.562500 ms  DeleteObjects: 3.297541 ms)

Prepare: number of updated asset objects reloaded= 0
========================================================================
Received Prepare
Begin MonoManager ReloadAssembly
- Loaded All Assemblies, in  2.266 seconds
Refreshing native plugins compatible for Editor in 2.62 ms, found 3 plugins.
Native extension for OSXStandalone target not found
Mono: successfully reloaded assembly
- Finished resetting the current domain, in  5.038 seconds
Domain Reload Profiling: 7312ms
	BeginReloadAssembly (781ms)
		ExecutionOrderSort (0ms)
		DisableScriptedObjects (130ms)
		BackupInstance (0ms)
		ReleaseScriptingObjects (1ms)
		CreateAndSetChildDomain (236ms)
	RebuildCommonClasses (83ms)
	RebuildNativeTypeToScriptingClass (25ms)
	initialDomainReloadingComplete (99ms)
	LoadAllAssembliesAndSetupDomain (1284ms)
		LoadAssemblies (1002ms)
		RebuildTransferFunctionScriptingTraits (0ms)
		AnalyzeDomain (558ms)
			TypeCache.Refresh (58ms)
				TypeCache.ScanAssembly (0ms)
			BuildScriptInfoCaches (436ms)
			ResolveRequiredComponents (59ms)
	FinalizeReload (5040ms)
		ReleaseScriptCaches (0ms)
		RebuildScriptCaches (0ms)
		SetupLoadedEditorAssemblies (3544ms)
			LogAssemblyErrors (0ms)
			InitializePlatformSupportModulesInManaged (16ms)
			SetLoadedEditorAssemblies (20ms)
			BeforeProcessingInitializeOnLoad (159ms)
			ProcessInitializeOnLoadAttributes (2914ms)
			ProcessInitializeOnLoadMethodAttributes (422ms)
			AfterProcessingInitializeOnLoad (12ms)
			EditorAssembliesLoaded (1ms)
		ExecutionOrderSort2 (0ms)
		AwakeInstancesAfterBackupRestoration (69ms)
Refreshing native plugins compatible for Editor in 1.29 ms, found 3 plugins.
Preloading 0 native plugins for Editor in 0.00 ms.
Unloading 14 Unused Serialized files (Serialized files now loaded: 0)
Unloading 6743 unused Assets / (3.6 MB). Loaded Objects now: 7662.
Memory consumption went from 246.9 MB to 243.3 MB.
Total: 22.875959 ms (FindLiveObjects: 1.883208 ms CreateObjectMapping: 1.915208 ms MarkObjects: 14.608667 ms  DeleteObjects: 4.467125 ms)

Prepare: number of updated asset objects reloaded= 0
========================================================================
Received Import Request.
  Time since last request: 348.351938 seconds.
  path: Assets/_Unity Essentials/Materials/Outdoor/White_Grid.mat
  artifactKey: Guid(f1c497a8417c04192998f96adad7b643) Importer(815301076,1909f56bfc062723c751e8b465ee728b)
Start importing Assets/_Unity Essentials/Materials/Outdoor/White_Grid.mat using Guid(f1c497a8417c04192998f96adad7b643) Importer(815301076,1909f56bfc062723c751e8b465ee728b) (PreviewImporter)[PhysX] Initialized MultithreadedTaskDispatcher with 4 workers.
[PhysX] Initialized MultithreadedTaskDispatcher with 4 workers.
 -> (artifact id: 'dbc91e9812bfe8dc0f52f67070ddacd7') in 2.040931958 seconds
Number of updated asset objects reloaded before import = 0Number of asset objects unloaded after import = 2

========================================================================
Received Prepare
Begin MonoManager ReloadAssembly
- Loaded All Assemblies, in  2.399 seconds
Refreshing native plugins compatible for Editor in 3.37 ms, found 3 plugins.
Native extension for OSXStandalone target not found
Mono: successfully reloaded assembly
- Finished resetting the current domain, in  5.202 seconds
Domain Reload Profiling: 7611ms
	BeginReloadAssembly (894ms)
		ExecutionOrderSort (0ms)
		DisableScriptedObjects (223ms)
		BackupInstance (0ms)
		ReleaseScriptingObjects (1ms)
		CreateAndSetChildDomain (264ms)
	RebuildCommonClasses (89ms)
	RebuildNativeTypeToScriptingClass (25ms)
	initialDomainReloadingComplete (111ms)
	LoadAllAssembliesAndSetupDomain (1286ms)
		LoadAssemblies (951ms)
		RebuildTransferFunctionScriptingTraits (0ms)
		AnalyzeDomain (570ms)
			TypeCache.Refresh (19ms)
				TypeCache.ScanAssembly (0ms)
			BuildScriptInfoCaches (480ms)
			ResolveRequiredComponents (65ms)
	FinalizeReload (5206ms)
		ReleaseScriptCaches (0ms)
		RebuildScriptCaches (0ms)
		SetupLoadedEditorAssemblies (3692ms)
			LogAssemblyErrors (0ms)
			InitializePlatformSupportModulesInManaged (25ms)
			SetLoadedEditorAssemblies (28ms)
			BeforeProcessingInitializeOnLoad (175ms)
			ProcessInitializeOnLoadAttributes (3050ms)
			ProcessInitializeOnLoadMethodAttributes (400ms)
			AfterProcessingInitializeOnLoad (13ms)
			EditorAssembliesLoaded (1ms)
		ExecutionOrderSort2 (0ms)
		AwakeInstancesAfterBackupRestoration (62ms)
Refreshing native plugins compatible for Editor in 2.50 ms, found 3 plugins.
Preloading 0 native plugins for Editor in 0.00 ms.
Unloading 14 Unused Serialized files (Serialized files now loaded: 0)
Unloading 6744 unused Assets / (3.3 MB). Loaded Objects now: 7718.
Memory consumption went from 258.0 MB to 254.7 MB.
Total: 31.502417 ms (FindLiveObjects: 6.828875 ms CreateObjectMapping: 2.123208 ms MarkObjects: 18.251750 ms  DeleteObjects: 4.296875 ms)

Prepare: number of updated asset objects reloaded= 0
========================================================================
Received Prepare
Begin MonoManager ReloadAssembly
- Loaded All Assemblies, in  2.288 seconds
Refreshing native plugins compatible for Editor in 4.17 ms, found 3 plugins.
Native extension for OSXStandalone target not found
Mono: successfully reloaded assembly
- Finished resetting the current domain, in  5.328 seconds
Domain Reload Profiling: 7623ms
	BeginReloadAssembly (799ms)
		ExecutionOrderSort (0ms)
		DisableScriptedObjects (149ms)
		BackupInstance (0ms)
		ReleaseScriptingObjects (1ms)
		CreateAndSetChildDomain (211ms)
	RebuildCommonClasses (83ms)
	RebuildNativeTypeToScriptingClass (26ms)
	initialDomainReloadingComplete (113ms)
	LoadAllAssembliesAndSetupDomain (1271ms)
		LoadAssemblies (1036ms)
		RebuildTransferFunctionScriptingTraits (0ms)
		AnalyzeDomain (520ms)
			TypeCache.Refresh (20ms)
				TypeCache.ScanAssembly (0ms)
			BuildScriptInfoCaches (436ms)
			ResolveRequiredComponents (59ms)
	FinalizeReload (5330ms)
		ReleaseScriptCaches (0ms)
		RebuildScriptCaches (0ms)
		SetupLoadedEditorAssemblies (3696ms)
			LogAssemblyErrors (0ms)
			InitializePlatformSupportModulesInManaged (19ms)
			SetLoadedEditorAssemblies (30ms)
			BeforeProcessingInitializeOnLoad (185ms)
			ProcessInitializeOnLoadAttributes (3049ms)
			ProcessInitializeOnLoadMethodAttributes (401ms)
			AfterProcessingInitializeOnLoad (11ms)
			EditorAssembliesLoaded (1ms)
		ExecutionOrderSort2 (0ms)
		AwakeInstancesAfterBackupRestoration (76ms)
Refreshing native plugins compatible for Editor in 1.39 ms, found 3 plugins.
Preloading 0 native plugins for Editor in 0.00 ms.
Unloading 14 Unused Serialized files (Serialized files now loaded: 0)
Unloading 6743 unused Assets / (2.3 MB). Loaded Objects now: 7720.
Memory consumption went from 264.5 MB to 262.2 MB.
Total: 28.778959 ms (FindLiveObjects: 3.011750 ms CreateObjectMapping: 1.775500 ms MarkObjects: 17.683417 ms  DeleteObjects: 6.306375 ms)

Prepare: number of updated asset objects reloaded= 0
========================================================================
Received Prepare
Begin MonoManager ReloadAssembly
- Loaded All Assemblies, in  2.424 seconds
Refreshing native plugins compatible for Editor in 4.21 ms, found 3 plugins.
Native extension for OSXStandalone target not found
Mono: successfully reloaded assembly
- Finished resetting the current domain, in  5.217 seconds
Domain Reload Profiling: 7647ms
	BeginReloadAssembly (910ms)
		ExecutionOrderSort (0ms)
		DisableScriptedObjects (129ms)
		BackupInstance (0ms)
		ReleaseScriptingObjects (1ms)
		CreateAndSetChildDomain (243ms)
	RebuildCommonClasses (90ms)
	RebuildNativeTypeToScriptingClass (25ms)
	initialDomainReloadingComplete (127ms)
	LoadAllAssembliesAndSetupDomain (1276ms)
		LoadAssemblies (1119ms)
		RebuildTransferFunctionScriptingTraits (0ms)
		AnalyzeDomain (546ms)
			TypeCache.Refresh (19ms)
				TypeCache.ScanAssembly (0ms)
			BuildScriptInfoCaches (462ms)
			ResolveRequiredComponents (60ms)
	FinalizeReload (5219ms)
		ReleaseScriptCaches (0ms)
		RebuildScriptCaches (0ms)
		SetupLoadedEditorAssemblies (3623ms)
			LogAssemblyErrors (0ms)
			InitializePlatformSupportModulesInManaged (17ms)
			SetLoadedEditorAssemblies (16ms)
			BeforeProcessingInitializeOnLoad (171ms)
			ProcessInitializeOnLoadAttributes (3005ms)
			ProcessInitializeOnLoadMethodAttributes (401ms)
			AfterProcessingInitializeOnLoad (12ms)
			EditorAssembliesLoaded (1ms)
		ExecutionOrderSort2 (0ms)
		AwakeInstancesAfterBackupRestoration (61ms)
Refreshing native plugins compatible for Editor in 1.09 ms, found 3 plugins.
Preloading 0 native plugins for Editor in 0.00 ms.
Unloading 14 Unused Serialized files (Serialized files now loaded: 0)
Unloading 6743 unused Assets / (2.7 MB). Loaded Objects now: 7722.
Memory consumption went from 271.1 MB to 268.4 MB.
Total: 25.849666 ms (FindLiveObjects: 2.773083 ms CreateObjectMapping: 1.724583 ms MarkObjects: 16.380041 ms  DeleteObjects: 4.969708 ms)

Prepare: number of updated asset objects reloaded= 0
========================================================================
Received Prepare
Begin MonoManager ReloadAssembly
- Loaded All Assemblies, in  2.561 seconds
Refreshing native plugins compatible for Editor in 2.96 ms, found 3 plugins.
Native extension for OSXStandalone target not found
Mono: successfully reloaded assembly
- Finished resetting the current domain, in  5.335 seconds
Domain Reload Profiling: 7904ms
	BeginReloadAssembly (901ms)
		ExecutionOrderSort (0ms)
		DisableScriptedObjects (149ms)
		BackupInstance (0ms)
		ReleaseScriptingObjects (1ms)
		CreateAndSetChildDomain (282ms)
	RebuildCommonClasses (88ms)
	RebuildNativeTypeToScriptingClass (25ms)
	initialDomainReloadingComplete (114ms)
	LoadAllAssembliesAndSetupDomain (1439ms)
		LoadAssemblies (1136ms)
		RebuildTransferFunctionScriptingTraits (0ms)
		AnalyzeDomain (618ms)
			TypeCache.Refresh (42ms)
				TypeCache.ScanAssembly (0ms)
			BuildScriptInfoCaches (499ms)
			ResolveRequiredComponents (72ms)
	FinalizeReload (5337ms)
		ReleaseScriptCaches (0ms)
		RebuildScriptCaches (0ms)
		SetupLoadedEditorAssemblies (3665ms)
			LogAssemblyErrors (0ms)
			InitializePlatformSupportModulesInManaged (17ms)
			SetLoadedEditorAssemblies (14ms)
			BeforeProcessingInitializeOnLoad (144ms)
			ProcessInitializeOnLoadAttributes (3027ms)
			ProcessInitializeOnLoadMethodAttributes (436ms)
			AfterProcessingInitializeOnLoad (23ms)
			EditorAssembliesLoaded (4ms)
		ExecutionOrderSort2 (1ms)
		AwakeInstancesAfterBackupRestoration (78ms)
Refreshing native plugins compatible for Editor in 1.08 ms, found 3 plugins.
Preloading 0 native plugins for Editor in 0.00 ms.
Unloading 14 Unused Serialized files (Serialized files now loaded: 0)
Unloading 6743 unused Assets / (3.1 MB). Loaded Objects now: 7724.
Memory consumption went from 277.7 MB to 274.6 MB.
Total: 22.242500 ms (FindLiveObjects: 2.206709 ms CreateObjectMapping: 1.167167 ms MarkObjects: 15.165750 ms  DeleteObjects: 3.701625 ms)

Prepare: number of updated asset objects reloaded= 0
========================================================================
Received Prepare
Begin MonoManager ReloadAssembly
- Loaded All Assemblies, in  2.267 seconds
Refreshing native plugins compatible for Editor in 4.60 ms, found 3 plugins.
Native extension for OSXStandalone target not found
Mono: successfully reloaded assembly
- Finished resetting the current domain, in  5.600 seconds
Domain Reload Profiling: 7874ms
	BeginReloadAssembly (774ms)
		ExecutionOrderSort (0ms)
		DisableScriptedObjects (148ms)
		BackupInstance (0ms)
		ReleaseScriptingObjects (1ms)
		CreateAndSetChildDomain (220ms)
	RebuildCommonClasses (88ms)
	RebuildNativeTypeToScriptingClass (27ms)
	initialDomainReloadingComplete (99ms)
	LoadAllAssembliesAndSetupDomain (1284ms)
		LoadAssemblies (1037ms)
		RebuildTransferFunctionScriptingTraits (0ms)
		AnalyzeDomain (513ms)
			TypeCache.Refresh (19ms)
				TypeCache.ScanAssembly (0ms)
			BuildScriptInfoCaches (422ms)
			ResolveRequiredComponents (66ms)
	FinalizeReload (5602ms)
		ReleaseScriptCaches (0ms)
		RebuildScriptCaches (0ms)
		SetupLoadedEditorAssemblies (3866ms)
			LogAssemblyErrors (0ms)
			InitializePlatformSupportModulesInManaged (16ms)
			SetLoadedEditorAssemblies (14ms)
			BeforeProcessingInitializeOnLoad (149ms)
			ProcessInitializeOnLoadAttributes (3239ms)
			ProcessInitializeOnLoadMethodAttributes (434ms)
			AfterProcessingInitializeOnLoad (15ms)
			EditorAssembliesLoaded (1ms)
		ExecutionOrderSort2 (0ms)
		AwakeInstancesAfterBackupRestoration (70ms)
Refreshing native plugins compatible for Editor in 1.08 ms, found 3 plugins.
Preloading 0 native plugins for Editor in 0.00 ms.
Unloading 14 Unused Serialized files (Serialized files now loaded: 0)
Unloading 6743 unused Assets / (3.8 MB). Loaded Objects now: 7726.
Memory consumption went from 284.4 MB to 280.6 MB.
Total: 22.930000 ms (FindLiveObjects: 1.808083 ms CreateObjectMapping: 1.085416 ms MarkObjects: 15.875292 ms  DeleteObjects: 4.159750 ms)

Prepare: number of updated asset objects reloaded= 0
========================================================================
Received Prepare
Begin MonoManager ReloadAssembly
- Loaded All Assemblies, in  2.290 seconds
Refreshing native plugins compatible for Editor in 3.43 ms, found 3 plugins.
Native extension for OSXStandalone target not found
Mono: successfully reloaded assembly
- Finished resetting the current domain, in  5.206 seconds
Domain Reload Profiling: 7505ms
	BeginReloadAssembly (781ms)
		ExecutionOrderSort (0ms)
		DisableScriptedObjects (136ms)
		BackupInstance (0ms)
		ReleaseScriptingObjects (1ms)
		CreateAndSetChildDomain (220ms)
	RebuildCommonClasses (83ms)
	RebuildNativeTypeToScriptingClass (24ms)
	initialDomainReloadingComplete (104ms)
	LoadAllAssembliesAndSetupDomain (1301ms)
		LoadAssemblies (1031ms)
		RebuildTransferFunctionScriptingTraits (0ms)
		AnalyzeDomain (553ms)
			TypeCache.Refresh (29ms)
				TypeCache.ScanAssembly (0ms)
			BuildScriptInfoCaches (460ms)
			ResolveRequiredComponents (59ms)
	FinalizeReload (5211ms)
		ReleaseScriptCaches (0ms)
		RebuildScriptCaches (0ms)
		SetupLoadedEditorAssemblies (3628ms)
			LogAssemblyErrors (0ms)
			InitializePlatformSupportModulesInManaged (18ms)
			SetLoadedEditorAssemblies (14ms)
			BeforeProcessingInitializeOnLoad (200ms)
			ProcessInitializeOnLoadAttributes (2972ms)
			ProcessInitializeOnLoadMethodAttributes (407ms)
			AfterProcessingInitializeOnLoad (15ms)
			EditorAssembliesLoaded (1ms)
		ExecutionOrderSort2 (0ms)
		AwakeInstancesAfterBackupRestoration (75ms)
Refreshing native plugins compatible for Editor in 1.45 ms, found 3 plugins.
Preloading 0 native plugins for Editor in 0.00 ms.
Unloading 14 Unused Serialized files (Serialized files now loaded: 0)
Unloading 6743 unused Assets / (3.1 MB). Loaded Objects now: 7728.
Memory consumption went from 291.0 MB to 287.9 MB.
Total: 32.652833 ms (FindLiveObjects: 2.939917 ms CreateObjectMapping: 1.882875 ms MarkObjects: 21.791458 ms  DeleteObjects: 6.037083 ms)

Prepare: number of updated asset objects reloaded= 0
========================================================================
Received Prepare
Begin MonoManager ReloadAssembly
- Loaded All Assemblies, in  2.227 seconds
Refreshing native plugins compatible for Editor in 3.19 ms, found 3 plugins.
Native extension for OSXStandalone target not found
Mono: successfully reloaded assembly
- Finished resetting the current domain, in  5.124 seconds
Domain Reload Profiling: 7358ms
	BeginReloadAssembly (750ms)
		ExecutionOrderSort (0ms)
		DisableScriptedObjects (134ms)
		BackupInstance (0ms)
		ReleaseScriptingObjects (1ms)
		CreateAndSetChildDomain (228ms)
	RebuildCommonClasses (82ms)
	RebuildNativeTypeToScriptingClass (25ms)
	initialDomainReloadingComplete (103ms)
	LoadAllAssembliesAndSetupDomain (1272ms)
		LoadAssemblies (1011ms)
		RebuildTransferFunctionScriptingTraits (0ms)
		AnalyzeDomain (520ms)
			TypeCache.Refresh (18ms)
				TypeCache.ScanAssembly (0ms)
			BuildScriptInfoCaches (436ms)
			ResolveRequiredComponents (60ms)
	FinalizeReload (5126ms)
		ReleaseScriptCaches (0ms)
		RebuildScriptCaches (0ms)
		SetupLoadedEditorAssemblies (3683ms)
			LogAssemblyErrors (0ms)
			InitializePlatformSupportModulesInManaged (15ms)
			SetLoadedEditorAssemblies (11ms)
			BeforeProcessingInitializeOnLoad (135ms)
			ProcessInitializeOnLoadAttributes (3070ms)
			ProcessInitializeOnLoadMethodAttributes (436ms)
			AfterProcessingInitializeOnLoad (13ms)
			EditorAssembliesLoaded (1ms)
		ExecutionOrderSort2 (0ms)
		AwakeInstancesAfterBackupRestoration (64ms)
Refreshing native plugins compatible for Editor in 1.75 ms, found 3 plugins.
Preloading 0 native plugins for Editor in 0.00 ms.
Unloading 14 Unused Serialized files (Serialized files now loaded: 0)
Unloading 6743 unused Assets / (3.8 MB). Loaded Objects now: 7730.
Memory consumption went from 297.6 MB to 293.8 MB.
Total: 25.240375 ms (FindLiveObjects: 2.011792 ms CreateObjectMapping: 1.564041 ms MarkObjects: 16.800166 ms  DeleteObjects: 4.862709 ms)

Prepare: number of updated asset objects reloaded= 0
========================================================================
Received Prepare
Begin MonoManager ReloadAssembly
- Loaded All Assemblies, in  2.290 seconds
Refreshing native plugins compatible for Editor in 3.63 ms, found 3 plugins.
Native extension for OSXStandalone target not found
Mono: successfully reloaded assembly
- Finished resetting the current domain, in  5.255 seconds
Domain Reload Profiling: 7551ms
	BeginReloadAssembly (758ms)
		ExecutionOrderSort (0ms)
		DisableScriptedObjects (124ms)
		BackupInstance (0ms)
		ReleaseScriptingObjects (1ms)
		CreateAndSetChildDomain (226ms)
	RebuildCommonClasses (91ms)
	RebuildNativeTypeToScriptingClass (25ms)
	initialDomainReloadingComplete (98ms)
	LoadAllAssembliesAndSetupDomain (1321ms)
		LoadAssemblies (1024ms)
		RebuildTransferFunctionScriptingTraits (0ms)
		AnalyzeDomain (565ms)
			TypeCache.Refresh (41ms)
				TypeCache.ScanAssembly (0ms)
			BuildScriptInfoCaches (461ms)
			ResolveRequiredComponents (58ms)
	FinalizeReload (5257ms)
		ReleaseScriptCaches (0ms)
		RebuildScriptCaches (0ms)
		SetupLoadedEditorAssemblies (3688ms)
			LogAssemblyErrors (0ms)
			InitializePlatformSupportModulesInManaged (17ms)
			SetLoadedEditorAssemblies (12ms)
			BeforeProcessingInitializeOnLoad (146ms)
			ProcessInitializeOnLoadAttributes (3087ms)
			ProcessInitializeOnLoadMethodAttributes (412ms)
			AfterProcessingInitializeOnLoad (12ms)
			EditorAssembliesLoaded (1ms)
		ExecutionOrderSort2 (0ms)
		AwakeInstancesAfterBackupRestoration (61ms)
Refreshing native plugins compatible for Editor in 1.36 ms, found 3 plugins.
Preloading 0 native plugins for Editor in 0.00 ms.
Unloading 14 Unused Serialized files (Serialized files now loaded: 0)
Unloading 6743 unused Assets / (3.4 MB). Loaded Objects now: 7732.
Memory consumption went from 304.2 MB to 300.9 MB.
Total: 26.957709 ms (FindLiveObjects: 1.961375 ms CreateObjectMapping: 1.797500 ms MarkObjects: 19.101000 ms  DeleteObjects: 4.096208 ms)

Prepare: number of updated asset objects reloaded= 0
========================================================================
Received Import Request.
  Time since last request: 1020.834937 seconds.
  path: Assets/_Unity Essentials/Prefabs/My Prefabs/Cube.prefab
  artifactKey: Guid(4d61f95d105374d71b2fe1a9136eb4a6) Importer(815301076,1909f56bfc062723c751e8b465ee728b)
Start importing Assets/_Unity Essentials/Prefabs/My Prefabs/Cube.prefab using Guid(4d61f95d105374d71b2fe1a9136eb4a6) Importer(815301076,1909f56bfc062723c751e8b465ee728b) (PreviewImporter)[PhysX] Initialized MultithreadedTaskDispatcher with 4 workers.
[PhysX] Initialized MultithreadedTaskDispatcher with 4 workers.
 -> (artifact id: '245b58f41aafc7dc6298160611f46043') in 2.11648875 seconds
Number of updated asset objects reloaded before import = 0Number of asset objects unloaded after import = 8

========================================================================
Received Prepare
Begin MonoManager ReloadAssembly
- Loaded All Assemblies, in  2.395 seconds
Refreshing native plugins compatible for Editor in 0.96 ms, found 3 plugins.
Native extension for OSXStandalone target not found
Mono: successfully reloaded assembly
- Finished resetting the current domain, in  5.504 seconds
Domain Reload Profiling: 7906ms
	BeginReloadAssembly (899ms)
		ExecutionOrderSort (0ms)
		DisableScriptedObjects (216ms)
		BackupInstance (0ms)
		ReleaseScriptingObjects (1ms)
		CreateAndSetChildDomain (313ms)
	RebuildCommonClasses (92ms)
	RebuildNativeTypeToScriptingClass (25ms)
	initialDomainReloadingComplete (102ms)
	LoadAllAssembliesAndSetupDomain (1281ms)
		LoadAssemblies (960ms)
		RebuildTransferFunctionScriptingTraits (0ms)
		AnalyzeDomain (555ms)
			TypeCache.Refresh (22ms)
				TypeCache.ScanAssembly (0ms)
			BuildScriptInfoCaches (470ms)
			ResolveRequiredComponents (57ms)
	FinalizeReload (5507ms)
		ReleaseScriptCaches (0ms)
		RebuildScriptCaches (0ms)
		SetupLoadedEditorAssemblies (3645ms)
			LogAssemblyErrors (0ms)
			InitializePlatformSupportModulesInManaged (17ms)
			SetLoadedEditorAssemblies (15ms)
			BeforeProcessingInitializeOnLoad (145ms)
			ProcessInitializeOnLoadAttributes (3044ms)
			ProcessInitializeOnLoadMethodAttributes (410ms)
			AfterProcessingInitializeOnLoad (13ms)
			EditorAssembliesLoaded (1ms)
		ExecutionOrderSort2 (0ms)
		AwakeInstancesAfterBackupRestoration (66ms)
Refreshing native plugins compatible for Editor in 1.23 ms, found 3 plugins.
Preloading 0 native plugins for Editor in 0.00 ms.
Unloading 14 Unused Serialized files (Serialized files now loaded: 0)
Unloading 6744 unused Assets / (3.8 MB). Loaded Objects now: 7755.
Memory consumption went from 315.1 MB to 311.4 MB.
Total: 28.028833 ms (FindLiveObjects: 2.615375 ms CreateObjectMapping: 1.796792 ms MarkObjects: 18.835375 ms  DeleteObjects: 4.779667 ms)

Prepare: number of updated asset objects reloaded= 0
========================================================================
Received Prepare
Begin MonoManager ReloadAssembly
- Loaded All Assemblies, in  2.356 seconds
Refreshing native plugins compatible for Editor in 3.55 ms, found 3 plugins.
Native extension for OSXStandalone target not found
Mono: successfully reloaded assembly
- Finished resetting the current domain, in  5.184 seconds
Domain Reload Profiling: 7545ms
	BeginReloadAssembly (849ms)
		ExecutionOrderSort (0ms)
		DisableScriptedObjects (138ms)
		BackupInstance (0ms)
		ReleaseScriptingObjects (1ms)
		CreateAndSetChildDomain (261ms)
	RebuildCommonClasses (90ms)
	RebuildNativeTypeToScriptingClass (25ms)
	initialDomainReloadingComplete (100ms)
	LoadAllAssembliesAndSetupDomain (1296ms)
		LoadAssemblies (1064ms)
		RebuildTransferFunctionScriptingTraits (0ms)
		AnalyzeDomain (538ms)
			TypeCache.Refresh (18ms)
				TypeCache.ScanAssembly (0ms)
			BuildScriptInfoCaches (459ms)
			ResolveRequiredComponents (55ms)
	FinalizeReload (5186ms)
		ReleaseScriptCaches (0ms)
		RebuildScriptCaches (0ms)
		SetupLoadedEditorAssemblies (3520ms)
			LogAssemblyErrors (0ms)
			InitializePlatformSupportModulesInManaged (15ms)
			SetLoadedEditorAssemblies (11ms)
			BeforeProcessingInitializeOnLoad (127ms)
			ProcessInitializeOnLoadAttributes (2929ms)
			ProcessInitializeOnLoadMethodAttributes (425ms)
			AfterProcessingInitializeOnLoad (12ms)
			EditorAssembliesLoaded (1ms)
		ExecutionOrderSort2 (0ms)
		AwakeInstancesAfterBackupRestoration (65ms)
Refreshing native plugins compatible for Editor in 1.25 ms, found 3 plugins.
Preloading 0 native plugins for Editor in 0.00 ms.
Unloading 14 Unused Serialized files (Serialized files now loaded: 0)
Unloading 6743 unused Assets / (4.0 MB). Loaded Objects now: 7757.
Memory consumption went from 321.6 MB to 317.6 MB.
Total: 34.905208 ms (FindLiveObjects: 2.646959 ms CreateObjectMapping: 4.729083 ms MarkObjects: 21.301458 ms  DeleteObjects: 6.225875 ms)

Prepare: number of updated asset objects reloaded= 0
========================================================================
Received Import Request.
  Time since last request: 275.475156 seconds.
  path: Assets/_Unity Essentials/Prefabs/My Prefabs/Cube.prefab
  artifactKey: Guid(4d61f95d105374d71b2fe1a9136eb4a6) Importer(815301076,1909f56bfc062723c751e8b465ee728b)
Start importing Assets/_Unity Essentials/Prefabs/My Prefabs/Cube.prefab using Guid(4d61f95d105374d71b2fe1a9136eb4a6) Importer(815301076,1909f56bfc062723c751e8b465ee728b) (PreviewImporter)[PhysX] Initialized MultithreadedTaskDispatcher with 4 workers.
[PhysX] Initialized MultithreadedTaskDispatcher with 4 workers.
 -> (artifact id: '50f306b62ec4697fc0d54dbae4b4bde5') in 2.023440792 seconds
Number of updated asset objects reloaded before import = 0Number of asset objects unloaded after import = 8

========================================================================
Received Import Request.
  Time since last request: 21.204490 seconds.
  path: Assets/TextMesh Pro/Resources/Fonts & Materials/LiberationSans SDF - Outline.mat
  artifactKey: Guid(79459efec17a4d00a321bdcc27bbc385) Importer(815301076,1909f56bfc062723c751e8b465ee728b)
Start importing Assets/TextMesh Pro/Resources/Fonts & Materials/LiberationSans SDF - Outline.mat using Guid(79459efec17a4d00a321bdcc27bbc385) Importer(815301076,1909f56bfc062723c751e8b465ee728b) (PreviewImporter)[PhysX] Initialized MultithreadedTaskDispatcher with 4 workers.
[PhysX] Initialized MultithreadedTaskDispatcher with 4 workers.
 -> (artifact id: 'bf9fc1f76f6f86be015343c676168b41') in 0.783771917 seconds
Number of updated asset objects reloaded before import = 0Number of asset objects unloaded after import = 2

========================================================================
Received Import Request.
  Time since last request: 0.000228 seconds.
  path: Assets/_Unity Essentials/Fonts/Margarine-Regular SDF.asset
  artifactKey: Guid(0f7e00fc7a9c3473a9bddc92b3015715) Importer(815301076,1909f56bfc062723c751e8b465ee728b)
Start importing Assets/_Unity Essentials/Fonts/Margarine-Regular SDF.asset using Guid(0f7e00fc7a9c3473a9bddc92b3015715) Importer(815301076,1909f56bfc062723c751e8b465ee728b) (PreviewImporter)[PhysX] Initialized MultithreadedTaskDispatcher with 4 workers.
[PhysX] Initialized MultithreadedTaskDispatcher with 4 workers.
[PhysX] Initialized MultithreadedTaskDispatcher with 4 workers.
 -> (artifact id: 'c6b02d97c2d625180d5ccfee1703b8e8') in 0.286868959 seconds
Number of updated asset objects reloaded before import = 0Number of asset objects unloaded after import = 4

========================================================================
Received Import Request.
  Time since last request: 0.000121 seconds.
  path: Assets/_Unity Essentials/Fonts/Lora-Regular SDF.asset
  artifactKey: Guid(46d4660eedeaf406995fa1afed253fe0) Importer(815301076,1909f56bfc062723c751e8b465ee728b)
Start importing Assets/_Unity Essentials/Fonts/Lora-Regular SDF.asset using Guid(46d4660eedeaf406995fa1afed253fe0) Importer(815301076,1909f56bfc062723c751e8b465ee728b) (PreviewImporter)[PhysX] Initialized MultithreadedTaskDispatcher with 4 workers.
[PhysX] Initialized MultithreadedTaskDispatcher with 4 workers.
[PhysX] Initialized MultithreadedTaskDispatcher with 4 workers.
 -> (artifact id: '6750e9571e31e0af6c0d3eb888b32b8c') in 0.03633525 seconds
Number of updated asset objects reloaded before import = 0Number of asset objects unloaded after import = 4

========================================================================
Received Import Request.
  Time since last request: 0.000150 seconds.
  path: Assets/_Unity Essentials/Materials/Outdoor/Tangram_Puzzle_Materials/Magenta.mat
  artifactKey: Guid(012ef258c9b43a248a4d582c51b123c5) Importer(815301076,1909f56bfc062723c751e8b465ee728b)
Start importing Assets/_Unity Essentials/Materials/Outdoor/Tangram_Puzzle_Materials/Magenta.mat using Guid(012ef258c9b43a248a4d582c51b123c5) Importer(815301076,1909f56bfc062723c751e8b465ee728b) (PreviewImporter)[PhysX] Initialized MultithreadedTaskDispatcher with 4 workers.
[PhysX] Initialized MultithreadedTaskDispatcher with 4 workers.
 -> (artifact id: '62df69ae6eb908225411af2d3eb838f2') in 0.085108042 seconds
Number of updated asset objects reloaded before import = 0Number of asset objects unloaded after import = 1

========================================================================
Received Import Request.
  Time since last request: 0.000093 seconds.
  path: Assets/_Unity Essentials/Materials/Interior/Objects/Mat_BasketballNet_Stand.mat
  artifactKey: Guid(6639fbd613ffa40d6a440d0659bb28a9) Importer(815301076,1909f56bfc062723c751e8b465ee728b)
Start importing Assets/_Unity Essentials/Materials/Interior/Objects/Mat_BasketballNet_Stand.mat using Guid(6639fbd613ffa40d6a440d0659bb28a9) Importer(815301076,1909f56bfc062723c751e8b465ee728b) (PreviewImporter)[PhysX] Initialized MultithreadedTaskDispatcher with 4 workers.
[PhysX] Initialized MultithreadedTaskDispatcher with 4 workers.
 -> (artifact id: '3c548aa30c97fcfd8ebd69358f45caec') in 0.025132625 seconds
Number of updated asset objects reloaded before import = 0Number of asset objects unloaded after import = 2

========================================================================
Received Import Request.
  Time since last request: 0.000107 seconds.
  path: Assets/TextMesh Pro/Resources/Fonts & Materials/LiberationSans SDF.asset
  artifactKey: Guid(8f586378b4e144a9851e7b34d9b748ee) Importer(815301076,1909f56bfc062723c751e8b465ee728b)
Start importing Assets/TextMesh Pro/Resources/Fonts & Materials/LiberationSans SDF.asset using Guid(8f586378b4e144a9851e7b34d9b748ee) Importer(815301076,1909f56bfc062723c751e8b465ee728b) (PreviewImporter)[PhysX] Initialized MultithreadedTaskDispatcher with 4 workers.
[PhysX] Initialized MultithreadedTaskDispatcher with 4 workers.
[PhysX] Initialized MultithreadedTaskDispatcher with 4 workers.
 -> (artifact id: '17f9717931444970ad90f9baf9986d22') in 0.069161833 seconds
Number of updated asset objects reloaded before import = 0Number of asset objects unloaded after import = 9

========================================================================
Received Import Request.
  Time since last request: 0.000110 seconds.
  path: Assets/_Unity Essentials/Materials/Interior/Objects/Mat_BasketballNet_Mesh.mat
  artifactKey: Guid(152de57d3854546c4aa60a30b0e7c178) Importer(815301076,1909f56bfc062723c751e8b465ee728b)
Start importing Assets/_Unity Essentials/Materials/Interior/Objects/Mat_BasketballNet_Mesh.mat using Guid(152de57d3854546c4aa60a30b0e7c178) Importer(815301076,1909f56bfc062723c751e8b465ee728b) (PreviewImporter)[PhysX] Initialized MultithreadedTaskDispatcher with 4 workers.
[PhysX] Initialized MultithreadedTaskDispatcher with 4 workers.
 -> (artifact id: 'bdfe9c935b4b96e1ae96224abafaf20c') in 1.074204709 seconds
Number of updated asset objects reloaded before import = 0Number of asset objects unloaded after import = 2

========================================================================
Received Import Request.
  Time since last request: 0.000105 seconds.
  path: Packages/com.unity.render-pipelines.universal/Runtime/Materials/Lit.mat
  artifactKey: Guid(31321ba15b8f8eb4c954353edc038b1d) Importer(815301076,1909f56bfc062723c751e8b465ee728b)
Start importing Packages/com.unity.render-pipelines.universal/Runtime/Materials/Lit.mat using Guid(31321ba15b8f8eb4c954353edc038b1d) Importer(815301076,1909f56bfc062723c751e8b465ee728b) (PreviewImporter)[PhysX] Initialized MultithreadedTaskDispatcher with 4 workers.
[PhysX] Initialized MultithreadedTaskDispatcher with 4 workers.
 -> (artifact id: '919a05aaf82b65ee28f155126973dec4') in 0.016050041 seconds
Number of updated asset objects reloaded before import = 0Number of asset objects unloaded after import = 0

========================================================================
Received Import Request.
  Time since last request: 14.087342 seconds.
  path: Assets/_Unity Essentials/Prefabs/My Prefabs/Cube.prefab
  artifactKey: Guid(4d61f95d105374d71b2fe1a9136eb4a6) Importer(815301076,1909f56bfc062723c751e8b465ee728b)
Start importing Assets/_Unity Essentials/Prefabs/My Prefabs/Cube.prefab using Guid(4d61f95d105374d71b2fe1a9136eb4a6) Importer(815301076,1909f56bfc062723c751e8b465ee728b) (PreviewImporter)[PhysX] Initialized MultithreadedTaskDispatcher with 4 workers.
[PhysX] Initialized MultithreadedTaskDispatcher with 4 workers.
 -> (artifact id: '5c5b5e852d5277013a0ad782c09c4c57') in 0.059418 seconds
Number of updated asset objects reloaded before import = 0Number of asset objects unloaded after import = 9

========================================================================
Received Import Request.
  Time since last request: 146.592068 seconds.
  path: Assets/_Unity Essentials/Prefabs/My Prefabs/Tower.prefab
  artifactKey: Guid(4e97656401bef4660a4f662c92fc1ffd) Importer(815301076,1909f56bfc062723c751e8b465ee728b)
Start importing Assets/_Unity Essentials/Prefabs/My Prefabs/Tower.prefab using Guid(4e97656401bef4660a4f662c92fc1ffd) Importer(815301076,1909f56bfc062723c751e8b465ee728b) (PreviewImporter)[PhysX] Initialized MultithreadedTaskDispatcher with 4 workers.
[PhysX] Initialized MultithreadedTaskDispatcher with 4 workers.
 -> (artifact id: 'f0157244f38175c9bdb32a618d25b226') in 0.099254333 seconds
Number of updated asset objects reloaded before import = 0Number of asset objects unloaded after import = 33

========================================================================
Received Prepare
Begin MonoManager ReloadAssembly
- Loaded All Assemblies, in  2.616 seconds
Refreshing native plugins compatible for Editor in 2.43 ms, found 3 plugins.
Native extension for OSXStandalone target not found
Mono: successfully reloaded assembly
- Finished resetting the current domain, in  5.627 seconds
Domain Reload Profiling: 8251ms
	BeginReloadAssembly (1045ms)
		ExecutionOrderSort (0ms)
		DisableScriptedObjects (226ms)
		BackupInstance (0ms)
		ReleaseScriptingObjects (1ms)
		CreateAndSetChildDomain (282ms)
	RebuildCommonClasses (85ms)
	RebuildNativeTypeToScriptingClass (25ms)
	initialDomainReloadingComplete (127ms)
	LoadAllAssembliesAndSetupDomain (1339ms)
		LoadAssemblies (1154ms)
		RebuildTransferFunctionScriptingTraits (0ms)
		AnalyzeDomain (571ms)
			TypeCache.Refresh (30ms)
				TypeCache.ScanAssembly (0ms)
			BuildScriptInfoCaches (477ms)
			ResolveRequiredComponents (58ms)
	FinalizeReload (5630ms)
		ReleaseScriptCaches (0ms)
		RebuildScriptCaches (0ms)
		SetupLoadedEditorAssemblies (3682ms)
			LogAssemblyErrors (0ms)
			InitializePlatformSupportModulesInManaged (18ms)
			SetLoadedEditorAssemblies (13ms)
			BeforeProcessingInitializeOnLoad (163ms)
			ProcessInitializeOnLoadAttributes (3036ms)
			ProcessInitializeOnLoadMethodAttributes (437ms)
			AfterProcessingInitializeOnLoad (13ms)
			EditorAssembliesLoaded (1ms)
		ExecutionOrderSort2 (0ms)
		AwakeInstancesAfterBackupRestoration (65ms)
Refreshing native plugins compatible for Editor in 1.32 ms, found 3 plugins.
Preloading 0 native plugins for Editor in 0.00 ms.
Unloading 14 Unused Serialized files (Serialized files now loaded: 0)
Unloading 6744 unused Assets / (3.9 MB). Loaded Objects now: 7783.
Memory consumption went from 332.7 MB to 328.8 MB.
Total: 36.207833 ms (FindLiveObjects: 2.389709 ms CreateObjectMapping: 1.499292 ms MarkObjects: 26.137542 ms  DeleteObjects: 6.179333 ms)

Prepare: number of updated asset objects reloaded= 0
========================================================================
Received Import Request.
  Time since last request: 779.777849 seconds.
  path: Assets/_Unity Essentials/Models/Outdoor/Stairs_650_400_300_Mesh.fbx
  artifactKey: Guid(7e0223e1d3e1733499accfa5ebffb67e) Importer(815301076,1909f56bfc062723c751e8b465ee728b)
Start importing Assets/_Unity Essentials/Models/Outdoor/Stairs_650_400_300_Mesh.fbx using Guid(7e0223e1d3e1733499accfa5ebffb67e) Importer(815301076,1909f56bfc062723c751e8b465ee728b) (PreviewImporter)[PhysX] Initialized MultithreadedTaskDispatcher with 4 workers.
[PhysX] Initialized MultithreadedTaskDispatcher with 4 workers.
[PhysX] Initialized MultithreadedTaskDispatcher with 4 workers.
[PhysX] Initialized MultithreadedTaskDispatcher with 4 workers.
[PhysX] Initialized MultithreadedTaskDispatcher with 4 workers.
[PhysX] Initialized MultithreadedTaskDispatcher with 4 workers.
[PhysX] Initialized MultithreadedTaskDispatcher with 4 workers.
[PhysX] Initialized MultithreadedTaskDispatcher with 4 workers.
 -> (artifact id: '44c969fbbddb5e969f803b09f8fe6462') in 4.665563125 seconds
Number of updated asset objects reloaded before import = 0Number of asset objects unloaded after import = 16

========================================================================
Received Import Request.
  Time since last request: 0.000366 seconds.
  path: Assets/_Unity Essentials/Materials/Interior/Objects/Block_Red.mat
  artifactKey: Guid(a50ce83855f0e4c6e84d8f60092def91) Importer(815301076,1909f56bfc062723c751e8b465ee728b)
Start importing Assets/_Unity Essentials/Materials/Interior/Objects/Block_Red.mat using Guid(a50ce83855f0e4c6e84d8f60092def91) Importer(815301076,1909f56bfc062723c751e8b465ee728b) (PreviewImporter)[PhysX] Initialized MultithreadedTaskDispatcher with 4 workers.
[PhysX] Initialized MultithreadedTaskDispatcher with 4 workers.
 -> (artifact id: '32c7b789630945e33f6ab3fb46ad05bd') in 0.020229583 seconds
Number of updated asset objects reloaded before import = 0Number of asset objects unloaded after import = 1

========================================================================
Received Import Request.
  Time since last request: 0.000086 seconds.
  path: Assets/_Unity Essentials/Materials/Outdoor/Ball_Starter_Scene.mat
  artifactKey: Guid(7b21606c61abc4b23a5bbab2d8048e57) Importer(815301076,1909f56bfc062723c751e8b465ee728b)
Start importing Assets/_Unity Essentials/Materials/Outdoor/Ball_Starter_Scene.mat using Guid(7b21606c61abc4b23a5bbab2d8048e57) Importer(815301076,1909f56bfc062723c751e8b465ee728b) (PreviewImporter)[PhysX] Initialized MultithreadedTaskDispatcher with 4 workers.
[PhysX] Initialized MultithreadedTaskDispatcher with 4 workers.
 -> (artifact id: 'd45b8af354ef02af98e964daf7bd242f') in 0.020227708 seconds
Number of updated asset objects reloaded before import = 0Number of asset objects unloaded after import = 2

========================================================================
Received Import Request.
  Time since last request: 0.000136 seconds.
  path: Assets/_Unity Essentials/Models/Shapes/Cylinder.obj
  artifactKey: Guid(681d5f2ce3fe74cc794f40c53b8b3414) Importer(815301076,1909f56bfc062723c751e8b465ee728b)
Start importing Assets/_Unity Essentials/Models/Shapes/Cylinder.obj using Guid(681d5f2ce3fe74cc794f40c53b8b3414) Importer(815301076,1909f56bfc062723c751e8b465ee728b) (PreviewImporter)[PhysX] Initialized MultithreadedTaskDispatcher with 4 workers.
[PhysX] Initialized MultithreadedTaskDispatcher with 4 workers.
[PhysX] Initialized MultithreadedTaskDispatcher with 4 workers.
[PhysX] Initialized MultithreadedTaskDispatcher with 4 workers.
[PhysX] Initialized MultithreadedTaskDispatcher with 4 workers.
 -> (artifact id: 'c6493fb7b581d8673c273c06b47fdafc') in 0.074367541 seconds
Number of updated asset objects reloaded before import = 0Number of asset objects unloaded after import = 10

========================================================================
Received Import Request.
  Time since last request: 0.000168 seconds.
  path: Assets/_Unity Essentials/Fonts/DancingScript-Regular SDF.asset
  artifactKey: Guid(2c331721f5d8f4557931a8cd6d2082c2) Importer(815301076,1909f56bfc062723c751e8b465ee728b)
Start importing Assets/_Unity Essentials/Fonts/DancingScript-Regular SDF.asset using Guid(2c331721f5d8f4557931a8cd6d2082c2) Importer(815301076,1909f56bfc062723c751e8b465ee728b) (PreviewImporter)[PhysX] Initialized MultithreadedTaskDispatcher with 4 workers.
[PhysX] Initialized MultithreadedTaskDispatcher with 4 workers.
[PhysX] Initialized MultithreadedTaskDispatcher with 4 workers.
 -> (artifact id: '0f2095abb279e807c77280200021cf95') in 0.122610542 seconds
Number of updated asset objects reloaded before import = 0Number of asset objects unloaded after import = 4

========================================================================
Received Import Request.
  Time since last request: 0.000082 seconds.
  path: Assets/_Unity Essentials/Materials/My Materials/Ball_mat.mat
  artifactKey: Guid(6a089076e823c489fbec57529d940dd5) Importer(815301076,1909f56bfc062723c751e8b465ee728b)
Start importing Assets/_Unity Essentials/Materials/My Materials/Ball_mat.mat using Guid(6a089076e823c489fbec57529d940dd5) Importer(815301076,1909f56bfc062723c751e8b465ee728b) (PreviewImporter)[PhysX] Initialized MultithreadedTaskDispatcher with 4 workers.
[PhysX] Initialized MultithreadedTaskDispatcher with 4 workers.
 -> (artifact id: 'fb46ab7b47724dbb1814940078153089') in 0.0195215 seconds
Number of updated asset objects reloaded before import = 0Number of asset objects unloaded after import = 1

========================================================================
Received Import Request.
  Time since last request: 0.000117 seconds.
  path: Assets/_Unity Essentials/Materials/Outdoor/Cyan_Slide.mat
  artifactKey: Guid(e342d28dceeb8f64586e3eec6e630ad5) Importer(815301076,1909f56bfc062723c751e8b465ee728b)
Start importing Assets/_Unity Essentials/Materials/Outdoor/Cyan_Slide.mat using Guid(e342d28dceeb8f64586e3eec6e630ad5) Importer(815301076,1909f56bfc062723c751e8b465ee728b) (PreviewImporter)[PhysX] Initialized MultithreadedTaskDispatcher with 4 workers.
[PhysX] Initialized MultithreadedTaskDispatcher with 4 workers.
 -> (artifact id: '19fde54e1bc15666e3c8a7a467fb39f2') in 0.07382875 seconds
Number of updated asset objects reloaded before import = 0Number of asset objects unloaded after import = 3

========================================================================
Received Import Request.
  Time since last request: 0.258292 seconds.
  path: Assets/_Unity Essentials/Materials/Interior/Objects/Pot_Materials/Bubbles.mat
  artifactKey: Guid(f5ec6bc9bd1c41149868cc7f19ee97fc) Importer(815301076,1909f56bfc062723c751e8b465ee728b)
Start importing Assets/_Unity Essentials/Materials/Interior/Objects/Pot_Materials/Bubbles.mat using Guid(f5ec6bc9bd1c41149868cc7f19ee97fc) Importer(815301076,1909f56bfc062723c751e8b465ee728b) (PreviewImporter)[PhysX] Initialized MultithreadedTaskDispatcher with 4 workers.
[PhysX] Initialized MultithreadedTaskDispatcher with 4 workers.
 -> (artifact id: 'e09ce44e5e60ba147c2fe560a53df4c4') in 0.213586958 seconds
Number of updated asset objects reloaded before import = 0Number of asset objects unloaded after import = 1

========================================================================
Received Import Request.
  Time since last request: 94.795736 seconds.
  path: Assets/_Unity Essentials/Scenes/3_Kitchen_Audio_Scene.unity
  artifactKey: Guid(6ddeb5bb8dda34b6183a30b9409cd6a9) Importer(815301076,1909f56bfc062723c751e8b465ee728b)
Start importing Assets/_Unity Essentials/Scenes/3_Kitchen_Audio_Scene.unity using Guid(6ddeb5bb8dda34b6183a30b9409cd6a9) Importer(815301076,1909f56bfc062723c751e8b465ee728b) (PreviewImporter)[PhysX] Initialized MultithreadedTaskDispatcher with 4 workers.
 -> (artifact id: '35e34d976a57d23a461861b21803545f') in 0.003074792 seconds
Number of updated asset objects reloaded before import = 0Number of asset objects unloaded after import = 0

========================================================================
Received Prepare
Begin MonoManager ReloadAssembly
- Loaded All Assemblies, in  3.433 seconds
Refreshing native plugins compatible for Editor in 2.38 ms, found 3 plugins.
Native extension for OSXStandalone target not found
Mono: successfully reloaded assembly
- Finished resetting the current domain, in  7.633 seconds
Domain Reload Profiling: 11077ms
	BeginReloadAssembly (1206ms)
		ExecutionOrderSort (0ms)
		DisableScriptedObjects (313ms)
		BackupInstance (0ms)
		ReleaseScriptingObjects (1ms)
		CreateAndSetChildDomain (362ms)
	RebuildCommonClasses (106ms)
	RebuildNativeTypeToScriptingClass (33ms)
	initialDomainReloadingComplete (192ms)
	LoadAllAssembliesAndSetupDomain (1902ms)
		LoadAssemblies (1649ms)
		RebuildTransferFunctionScriptingTraits (0ms)
		AnalyzeDomain (608ms)
			TypeCache.Refresh (44ms)
				TypeCache.ScanAssembly (0ms)
			BuildScriptInfoCaches (491ms)
			ResolveRequiredComponents (66ms)
	FinalizeReload (7639ms)
		ReleaseScriptCaches (0ms)
		RebuildScriptCaches (0ms)
		SetupLoadedEditorAssemblies (5302ms)
			LogAssemblyErrors (0ms)
			InitializePlatformSupportModulesInManaged (18ms)
			SetLoadedEditorAssemblies (15ms)
			BeforeProcessingInitializeOnLoad (169ms)
			ProcessInitializeOnLoadAttributes (4474ms)
			ProcessInitializeOnLoadMethodAttributes (568ms)
			AfterProcessingInitializeOnLoad (55ms)
			EditorAssembliesLoaded (2ms)
		ExecutionOrderSort2 (0ms)
		AwakeInstancesAfterBackupRestoration (182ms)
Refreshing native plugins compatible for Editor in 2.06 ms, found 3 plugins.
Preloading 0 native plugins for Editor in 0.00 ms.
Unloading 14 Unused Serialized files (Serialized files now loaded: 0)
Unloading 6745 unused Assets / (3.6 MB). Loaded Objects now: 7809.
Memory consumption went from 343.8 MB to 340.2 MB.
Total: 57.943917 ms (FindLiveObjects: 3.130584 ms CreateObjectMapping: 2.246125 ms MarkObjects: 43.417875 ms  DeleteObjects: 9.147208 ms)

Prepare: number of updated asset objects reloaded= 0
========================================================================
Received Import Request.
  Time since last request: 68.982535 seconds.
  path: Assets/_Unity Essentials/Prefabs/Kitchen
  artifactKey: Guid(785d7af43a1e94cc9a59fbee7e4ea4df) Importer(815301076,1909f56bfc062723c751e8b465ee728b)
Start importing Assets/_Unity Essentials/Prefabs/Kitchen using Guid(785d7af43a1e94cc9a59fbee7e4ea4df) Importer(815301076,1909f56bfc062723c751e8b465ee728b) (PreviewImporter)[PhysX] Initialized MultithreadedTaskDispatcher with 4 workers.
 -> (artifact id: 'db36f989d6849464af2b381acb45c456') in 0.02619525 seconds
Number of updated asset objects reloaded before import = 0Number of asset objects unloaded after import = 0

========================================================================
Received Import Request.
  Time since last request: 135.106919 seconds.
  path: Assets/_Unity Essentials/Audio/Sound FX/Bubbling_Water.ogg
  artifactKey: Guid(f3def460b96abf440bbc45fa66d44c55) Importer(815301076,1909f56bfc062723c751e8b465ee728b)
Start importing Assets/_Unity Essentials/Audio/Sound FX/Bubbling_Water.ogg using Guid(f3def460b96abf440bbc45fa66d44c55) Importer(815301076,1909f56bfc062723c751e8b465ee728b) (PreviewImporter)[PhysX] Initialized MultithreadedTaskDispatcher with 4 workers.
[PhysX] Initialized MultithreadedTaskDispatcher with 4 workers.
 -> (artifact id: 'ce7c3ca60caf812c25b95bf3e84acf98') in 0.912086875 seconds
Number of updated asset objects reloaded before import = 0Number of asset objects unloaded after import = 2

========================================================================
Received Import Request.
  Time since last request: 0.000247 seconds.
  path: Assets/_Unity Essentials/Audio/Music/Music_Suspenseful.ogg
  artifactKey: Guid(e4f92c1ead82de3459666d406fd31ef4) Importer(815301076,1909f56bfc062723c751e8b465ee728b)
Start importing Assets/_Unity Essentials/Audio/Music/Music_Suspenseful.ogg using Guid(e4f92c1ead82de3459666d406fd31ef4) Importer(815301076,1909f56bfc062723c751e8b465ee728b) (PreviewImporter)[PhysX] Initialized MultithreadedTaskDispatcher with 4 workers.
[PhysX] Initialized MultithreadedTaskDispatcher with 4 workers.
 -> (artifact id: 'd3e57fffd981cf68fa8530a69002bac1') in 0.015952167 seconds
Number of updated asset objects reloaded before import = 0Number of asset objects unloaded after import = 2

========================================================================
Received Import Request.
  Time since last request: 0.000140 seconds.
  path: Assets/_Unity Essentials/Audio/Music/Music_Relaxed.ogg
  artifactKey: Guid(d1be8897492ee854b9a05f5371d103ce) Importer(815301076,1909f56bfc062723c751e8b465ee728b)
Start importing Assets/_Unity Essentials/Audio/Music/Music_Relaxed.ogg using Guid(d1be8897492ee854b9a05f5371d103ce) Importer(815301076,1909f56bfc062723c751e8b465ee728b) (PreviewImporter)[PhysX] Initialized MultithreadedTaskDispatcher with 4 workers.
[PhysX] Initialized MultithreadedTaskDispatcher with 4 workers.
 -> (artifact id: '66f04ee58eb77fe62efd57a85eaadbab') in 0.009172875 seconds
Number of updated asset objects reloaded before import = 0Number of asset objects unloaded after import = 2

========================================================================
Received Import Request.
  Time since last request: 0.000052 seconds.
  path: Assets/_Unity Essentials/Audio/Music/Music_Driving.ogg
  artifactKey: Guid(737e9cf6d52654a1d816fb925c67d3ed) Importer(815301076,1909f56bfc062723c751e8b465ee728b)
Start importing Assets/_Unity Essentials/Audio/Music/Music_Driving.ogg using Guid(737e9cf6d52654a1d816fb925c67d3ed) Importer(815301076,1909f56bfc062723c751e8b465ee728b) (PreviewImporter)[PhysX] Initialized MultithreadedTaskDispatcher with 4 workers.
[PhysX] Initialized MultithreadedTaskDispatcher with 4 workers.
 -> (artifact id: '056bde06e027bbb5e047cab03b1caba5') in 0.011246375 seconds
Number of updated asset objects reloaded before import = 0Number of asset objects unloaded after import = 2

========================================================================
Received Import Request.
  Time since last request: 111.347914 seconds.
  path: Assets/_Unity Essentials/Audio
  artifactKey: Guid(703cecfe0117d4b1cbb80fe648284067) Importer(815301076,1909f56bfc062723c751e8b465ee728b)
Start importing Assets/_Unity Essentials/Audio using Guid(703cecfe0117d4b1cbb80fe648284067) Importer(815301076,1909f56bfc062723c751e8b465ee728b) (PreviewImporter)[PhysX] Initialized MultithreadedTaskDispatcher with 4 workers.
 -> (artifact id: '47a7c3f4b079c06d47ffa13c418ad561') in 0.005197208 seconds
Number of updated asset objects reloaded before import = 0Number of asset objects unloaded after import = 0

========================================================================
Received Import Request.
  Time since last request: 2.769560 seconds.
  path: Assets/_Unity Essentials/Audio/Music
  artifactKey: Guid(98cbcb0c1487e423999e3aebae40ce4b) Importer(815301076,1909f56bfc062723c751e8b465ee728b)
Start importing Assets/_Unity Essentials/Audio/Music using Guid(98cbcb0c1487e423999e3aebae40ce4b) Importer(815301076,1909f56bfc062723c751e8b465ee728b) (PreviewImporter)[PhysX] Initialized MultithreadedTaskDispatcher with 4 workers.
 -> (artifact id: 'b0c94814fe8074ac247b672f7f918a66') in 0.001064583 seconds
Number of updated asset objects reloaded before import = 0Number of asset objects unloaded after import = 0

========================================================================
Received Prepare
Begin MonoManager ReloadAssembly
- Loaded All Assemblies, in  2.479 seconds
Refreshing native plugins compatible for Editor in 4.29 ms, found 3 plugins.
Native extension for OSXStandalone target not found
Mono: successfully reloaded assembly
- Finished resetting the current domain, in  5.617 seconds
Domain Reload Profiling: 8105ms
	BeginReloadAssembly (868ms)
		ExecutionOrderSort (0ms)
		DisableScriptedObjects (146ms)
		BackupInstance (0ms)
		ReleaseScriptingObjects (1ms)
		CreateAndSetChildDomain (245ms)
	RebuildCommonClasses (89ms)
	RebuildNativeTypeToScriptingClass (24ms)
	initialDomainReloadingComplete (108ms)
	LoadAllAssembliesAndSetupDomain (1396ms)
		LoadAssemblies (1122ms)
		RebuildTransferFunctionScriptingTraits (0ms)
		AnalyzeDomain (577ms)
			TypeCache.Refresh (25ms)
				TypeCache.ScanAssembly (0ms)
			BuildScriptInfoCaches (483ms)
			ResolveRequiredComponents (64ms)
	FinalizeReload (5621ms)
		ReleaseScriptCaches (0ms)
		RebuildScriptCaches (0ms)
		SetupLoadedEditorAssemblies (3751ms)
			LogAssemblyErrors (0ms)
			InitializePlatformSupportModulesInManaged (15ms)
			SetLoadedEditorAssemblies (11ms)
			BeforeProcessingInitializeOnLoad (175ms)
			ProcessInitializeOnLoadAttributes (3125ms)
			ProcessInitializeOnLoadMethodAttributes (414ms)
			AfterProcessingInitializeOnLoad (11ms)
			EditorAssembliesLoaded (1ms)
		ExecutionOrderSort2 (0ms)
		AwakeInstancesAfterBackupRestoration (81ms)
Refreshing native plugins compatible for Editor in 1.46 ms, found 3 plugins.
Preloading 0 native plugins for Editor in 0.00 ms.
Unloading 14 Unused Serialized files (Serialized files now loaded: 0)
Unloading 6743 unused Assets / (4.3 MB). Loaded Objects now: 7813.
Memory consumption went from 350.0 MB to 345.7 MB.
Total: 41.859792 ms (FindLiveObjects: 2.583459 ms CreateObjectMapping: 1.510250 ms MarkObjects: 31.270625 ms  DeleteObjects: 6.493917 ms)

Prepare: number of updated asset objects reloaded= 0
========================================================================
Received Import Request.
  Time since last request: 212.910936 seconds.
  path: Assets/_Unity Essentials/Audio/Music/Music_Upbeat.ogg
  artifactKey: Guid(964179ad1473c33418a6941ba60850a2) Importer(815301076,1909f56bfc062723c751e8b465ee728b)
Start importing Assets/_Unity Essentials/Audio/Music/Music_Upbeat.ogg using Guid(964179ad1473c33418a6941ba60850a2) Importer(815301076,1909f56bfc062723c751e8b465ee728b) (PreviewImporter)[PhysX] Initialized MultithreadedTaskDispatcher with 4 workers.
[PhysX] Initialized MultithreadedTaskDispatcher with 4 workers.
 -> (artifact id: '6a1f3a40d3089a97a015f1ce1fd27e9c') in 0.484657292 seconds
Number of updated asset objects reloaded before import = 0Number of asset objects unloaded after import = 2

========================================================================
Received Import Request.
  Time since last request: 0.000349 seconds.
  path: Assets/_Unity Essentials/Audio/Sound FX/SFX_Bird_1.ogg
  artifactKey: Guid(b1404f52ff75b4c399ab3de4356de2ed) Importer(815301076,1909f56bfc062723c751e8b465ee728b)
Start importing Assets/_Unity Essentials/Audio/Sound FX/SFX_Bird_1.ogg using Guid(b1404f52ff75b4c399ab3de4356de2ed) Importer(815301076,1909f56bfc062723c751e8b465ee728b) (PreviewImporter)[PhysX] Initialized MultithreadedTaskDispatcher with 4 workers.
[PhysX] Initialized MultithreadedTaskDispatcher with 4 workers.
 -> (artifact id: 'ab8036666b7cd7b6a28aeff74630e761') in 0.0189195 seconds
Number of updated asset objects reloaded before import = 0Number of asset objects unloaded after import = 2

========================================================================
Received Import Request.
  Time since last request: 0.000064 seconds.
  path: Assets/_Unity Essentials/Audio/Sound FX/SFX_Bird_3.ogg
  artifactKey: Guid(afebac5c8b8e94c279f64a8866219739) Importer(815301076,1909f56bfc062723c751e8b465ee728b)
Start importing Assets/_Unity Essentials/Audio/Sound FX/SFX_Bird_3.ogg using Guid(afebac5c8b8e94c279f64a8866219739) Importer(815301076,1909f56bfc062723c751e8b465ee728b) (PreviewImporter)[PhysX] Initialized MultithreadedTaskDispatcher with 4 workers.
[PhysX] Initialized MultithreadedTaskDispatcher with 4 workers.
 -> (artifact id: '342214031003b614622dd0cf857d93d2') in 0.018710875 seconds
Number of updated asset objects reloaded before import = 0Number of asset objects unloaded after import = 2

========================================================================
Received Import Request.
  Time since last request: 171.434912 seconds.
  path: Assets/_Unity Essentials/Source Files/SpaceRobotKyle/Sfx/Player_Land.wav
  artifactKey: Guid(ff697d3070687ce4583faa0561a145a2) Importer(815301076,1909f56bfc062723c751e8b465ee728b)
Start importing Assets/_Unity Essentials/Source Files/SpaceRobotKyle/Sfx/Player_Land.wav using Guid(ff697d3070687ce4583faa0561a145a2) Importer(815301076,1909f56bfc062723c751e8b465ee728b) (PreviewImporter)[PhysX] Initialized MultithreadedTaskDispatcher with 4 workers.
[PhysX] Initialized MultithreadedTaskDispatcher with 4 workers.
 -> (artifact id: 'aaa7e8812662c51f734595601b977e06') in 0.075840292 seconds
Number of updated asset objects reloaded before import = 0Number of asset objects unloaded after import = 2

========================================================================
Received Import Request.
  Time since last request: 0.000246 seconds.
  path: Assets/_Unity Essentials/Audio/Sound FX/SFX_Win.wav
  artifactKey: Guid(1a1f66a2481cc4201b08ee51f23b9104) Importer(815301076,1909f56bfc062723c751e8b465ee728b)
Start importing Assets/_Unity Essentials/Audio/Sound FX/SFX_Win.wav using Guid(1a1f66a2481cc4201b08ee51f23b9104) Importer(815301076,1909f56bfc062723c751e8b465ee728b) (PreviewImporter)[PhysX] Initialized MultithreadedTaskDispatcher with 4 workers.
[PhysX] Initialized MultithreadedTaskDispatcher with 4 workers.
 -> (artifact id: '8c70103f209a2303eddf267e4c29cb42') in 0.00978525 seconds
Number of updated asset objects reloaded before import = 0Number of asset objects unloaded after import = 2

========================================================================
Received Prepare
Begin MonoManager ReloadAssembly
- Loaded All Assemblies, in  3.868 seconds
Refreshing native plugins compatible for Editor in 2.29 ms, found 3 plugins.
Native extension for OSXStandalone target not found
Mono: successfully reloaded assembly
- Finished resetting the current domain, in  6.442 seconds
Domain Reload Profiling: 10319ms
	BeginReloadAssembly (1611ms)
		ExecutionOrderSort (2ms)
		DisableScriptedObjects (283ms)
		BackupInstance (0ms)
		ReleaseScriptingObjects (3ms)
		CreateAndSetChildDomain (447ms)
	RebuildCommonClasses (94ms)
	RebuildNativeTypeToScriptingClass (24ms)
	initialDomainReloadingComplete (145ms)
	LoadAllAssembliesAndSetupDomain (2001ms)
		LoadAssemblies (1912ms)
		RebuildTransferFunctionScriptingTraits (0ms)
		AnalyzeDomain (635ms)
			TypeCache.Refresh (24ms)
				TypeCache.ScanAssembly (0ms)
			BuildScriptInfoCaches (536ms)
			ResolveRequiredComponents (67ms)
	FinalizeReload (6445ms)
		ReleaseScriptCaches (0ms)
		RebuildScriptCaches (0ms)
		SetupLoadedEditorAssemblies (4424ms)
			LogAssemblyErrors (0ms)
			InitializePlatformSupportModulesInManaged (20ms)
			SetLoadedEditorAssemblies (19ms)
			BeforeProcessingInitializeOnLoad (188ms)
			ProcessInitializeOnLoadAttributes (3592ms)
			ProcessInitializeOnLoadMethodAttributes (584ms)
			AfterProcessingInitializeOnLoad (20ms)
			EditorAssembliesLoaded (2ms)
		ExecutionOrderSort2 (0ms)
		AwakeInstancesAfterBackupRestoration (90ms)
Refreshing native plugins compatible for Editor in 1.24 ms, found 3 plugins.
Preloading 0 native plugins for Editor in 0.00 ms.
Unloading 14 Unused Serialized files (Serialized files now loaded: 0)
Unloading 6743 unused Assets / (4.5 MB). Loaded Objects now: 7815.
Memory consumption went from 356.1 MB to 351.6 MB.
Total: 27.777916 ms (FindLiveObjects: 2.573625 ms CreateObjectMapping: 1.720333 ms MarkObjects: 17.150209 ms  DeleteObjects: 6.331875 ms)

Prepare: number of updated asset objects reloaded= 0
========================================================================
Received Import Request.
  Time since last request: 35363.845193 seconds.
  path: Assets/_Unity Essentials/Scenes/4_LivingRoom_Programming_Scene.unity
  artifactKey: Guid(a6368f7fda5ac4dca86952aebdc7d568) Importer(815301076,1909f56bfc062723c751e8b465ee728b)
Start importing Assets/_Unity Essentials/Scenes/4_LivingRoom_Programming_Scene.unity using Guid(a6368f7fda5ac4dca86952aebdc7d568) Importer(815301076,1909f56bfc062723c751e8b465ee728b) (PreviewImporter)[PhysX] Initialized MultithreadedTaskDispatcher with 4 workers.
 -> (artifact id: '46e487233be95b7dc4ba3bde80ee7f3b') in 0.283458959 seconds
Number of updated asset objects reloaded before import = 0Number of asset objects unloaded after import = 0

========================================================================
Received Import Request.
  Time since last request: 46.944329 seconds.
  path: Assets/_Unity Essentials/Prefabs/Characters
  artifactKey: Guid(6ae3e627986364a5fa42f759670f0bf9) Importer(815301076,1909f56bfc062723c751e8b465ee728b)
Start importing Assets/_Unity Essentials/Prefabs/Characters using Guid(6ae3e627986364a5fa42f759670f0bf9) Importer(815301076,1909f56bfc062723c751e8b465ee728b) (PreviewImporter)[PhysX] Initialized MultithreadedTaskDispatcher with 4 workers.
 -> (artifact id: 'a7300472acc5a5fe9f03f1114d639570') in 0.006260041 seconds
Number of updated asset objects reloaded before import = 0Number of asset objects unloaded after import = 0

========================================================================
Received Import Request.
  Time since last request: 1.786746 seconds.
  path: Assets/_Unity Essentials/Prefabs/Characters/RobotVacuum_1.prefab
  artifactKey: Guid(bf3ac59fc056941e089b93eca14a1e50) Importer(815301076,1909f56bfc062723c751e8b465ee728b)
Start importing Assets/_Unity Essentials/Prefabs/Characters/RobotVacuum_1.prefab using Guid(bf3ac59fc056941e089b93eca14a1e50) Importer(815301076,1909f56bfc062723c751e8b465ee728b) (PreviewImporter)[PhysX] Initialized MultithreadedTaskDispatcher with 4 workers.
[PhysX] Initialized MultithreadedTaskDispatcher with 4 workers.
 -> (artifact id: '3d29b6ec18d9ef07917c1324f417ff7e') in 3.651739875 seconds
Number of updated asset objects reloaded before import = 0Number of asset objects unloaded after import = 20

========================================================================
Received Prepare
Begin MonoManager ReloadAssembly
- Loaded All Assemblies, in  3.628 seconds
Refreshing native plugins compatible for Editor in 7.01 ms, found 3 plugins.
Native extension for OSXStandalone target not found
Mono: successfully reloaded assembly
- Finished resetting the current domain, in  6.143 seconds
Domain Reload Profiling: 9781ms
	BeginReloadAssembly (1291ms)
		ExecutionOrderSort (0ms)
		DisableScriptedObjects (262ms)
		BackupInstance (0ms)
		ReleaseScriptingObjects (2ms)
		CreateAndSetChildDomain (330ms)
	RebuildCommonClasses (91ms)
	RebuildNativeTypeToScriptingClass (24ms)
	initialDomainReloadingComplete (122ms)
	LoadAllAssembliesAndSetupDomain (2108ms)
		LoadAssemblies (1864ms)
		RebuildTransferFunctionScriptingTraits (0ms)
		AnalyzeDomain (779ms)
			TypeCache.Refresh (51ms)
				TypeCache.ScanAssembly (0ms)
			BuildScriptInfoCaches (625ms)
			ResolveRequiredComponents (94ms)
	FinalizeReload (6146ms)
		ReleaseScriptCaches (0ms)
		RebuildScriptCaches (0ms)
		SetupLoadedEditorAssemblies (4148ms)
			LogAssemblyErrors (0ms)
			InitializePlatformSupportModulesInManaged (24ms)
			SetLoadedEditorAssemblies (13ms)
			BeforeProcessingInitializeOnLoad (151ms)
			ProcessInitializeOnLoadAttributes (3327ms)
			ProcessInitializeOnLoadMethodAttributes (616ms)
			AfterProcessingInitializeOnLoad (16ms)
			EditorAssembliesLoaded (2ms)
		ExecutionOrderSort2 (0ms)
		AwakeInstancesAfterBackupRestoration (95ms)
Refreshing native plugins compatible for Editor in 1.56 ms, found 3 plugins.
Preloading 0 native plugins for Editor in 0.00 ms.
Unloading 14 Unused Serialized files (Serialized files now loaded: 0)
Unloading 6744 unused Assets / (4.6 MB). Loaded Objects now: 7839.
Memory consumption went from 366.8 MB to 362.1 MB.
Total: 31.396375 ms (FindLiveObjects: 3.110542 ms CreateObjectMapping: 1.795041 ms MarkObjects: 18.673291 ms  DeleteObjects: 7.815583 ms)

Prepare: number of updated asset objects reloaded= 0
========================================================================
Received Import Request.
  Time since last request: 211.932091 seconds.
  path: Assets/_Unity Essentials/Scripts
  artifactKey: Guid(81133e26199024100b976c599201aecd) Importer(815301076,1909f56bfc062723c751e8b465ee728b)
Start importing Assets/_Unity Essentials/Scripts using Guid(81133e26199024100b976c599201aecd) Importer(815301076,1909f56bfc062723c751e8b465ee728b) (PreviewImporter)[PhysX] Initialized MultithreadedTaskDispatcher with 4 workers.
 -> (artifact id: 'dcb8f484d67493574602303ac39301a6') in 0.020468583 seconds
Number of updated asset objects reloaded before import = 0Number of asset objects unloaded after import = 0

========================================================================
Received Prepare
Refreshing native plugins compatible for Editor in 1.02 ms, found 3 plugins.
Preloading 0 native plugins for Editor in 0.00 ms.
Unloading 14 Unused Serialized files (Serialized files now loaded: 0)
Unloading 6733 unused Assets / (4.1 MB). Loaded Objects now: 7840.
Memory consumption went from 362.6 MB to 358.4 MB.
Total: 50.434584 ms (FindLiveObjects: 1.188083 ms CreateObjectMapping: 1.326083 ms MarkObjects: 42.994958 ms  DeleteObjects: 4.924500 ms)

Prepare: number of updated asset objects reloaded= 0
========================================================================
Received Prepare
Begin MonoManager ReloadAssembly
- Loaded All Assemblies, in  2.954 seconds
Refreshing native plugins compatible for Editor in 1.04 ms, found 3 plugins.
Native extension for OSXStandalone target not found
Mono: successfully reloaded assembly
- Finished resetting the current domain, in  6.394 seconds
Domain Reload Profiling: 9360ms
	BeginReloadAssembly (1027ms)
		ExecutionOrderSort (0ms)
		DisableScriptedObjects (148ms)
		BackupInstance (0ms)
		ReleaseScriptingObjects (1ms)
		CreateAndSetChildDomain (326ms)
	RebuildCommonClasses (102ms)
	RebuildNativeTypeToScriptingClass (29ms)
	initialDomainReloadingComplete (124ms)
	LoadAllAssembliesAndSetupDomain (1677ms)
		LoadAssemblies (1319ms)
		RebuildTransferFunctionScriptingTraits (0ms)
		AnalyzeDomain (746ms)
			TypeCache.Refresh (40ms)
				TypeCache.ScanAssembly (1ms)
			BuildScriptInfoCaches (621ms)
			ResolveRequiredComponents (78ms)
	FinalizeReload (6402ms)
		ReleaseScriptCaches (0ms)
		RebuildScriptCaches (0ms)
		SetupLoadedEditorAssemblies (3959ms)
			LogAssemblyErrors (0ms)
			InitializePlatformSupportModulesInManaged (18ms)
			SetLoadedEditorAssemblies (12ms)
			BeforeProcessingInitializeOnLoad (150ms)
			ProcessInitializeOnLoadAttributes (3170ms)
			ProcessInitializeOnLoadMethodAttributes (591ms)
			AfterProcessingInitializeOnLoad (15ms)
			EditorAssembliesLoaded (2ms)
		ExecutionOrderSort2 (0ms)
		AwakeInstancesAfterBackupRestoration (87ms)
Refreshing native plugins compatible for Editor in 5.28 ms, found 3 plugins.
Preloading 0 native plugins for Editor in 0.00 ms.
Unloading 14 Unused Serialized files (Serialized files now loaded: 0)
Unloading 6744 unused Assets / (2.4 MB). Loaded Objects now: 7842.
Memory consumption went from 370.4 MB to 368.0 MB.
Total: 77.583208 ms (FindLiveObjects: 4.774250 ms CreateObjectMapping: 2.269042 ms MarkObjects: 63.234875 ms  DeleteObjects: 7.302542 ms)

Prepare: number of updated asset objects reloaded= 0
========================================================================
Received Import Request.
  Time since last request: 105.753944 seconds.
  path: Assets/_Unity Essentials/Scripts/NewEmptyCSharpScript.cs
  artifactKey: Guid(35e89c0add32b48aca23416d88fbe815) Importer(815301076,1909f56bfc062723c751e8b465ee728b)
Start importing Assets/_Unity Essentials/Scripts/NewEmptyCSharpScript.cs using Guid(35e89c0add32b48aca23416d88fbe815) Importer(815301076,1909f56bfc062723c751e8b465ee728b) (PreviewImporter)[PhysX] Initialized MultithreadedTaskDispatcher with 4 workers.
 -> (artifact id: '8928764dbd58838ebdf3bca8392e3108') in 0.033840542 seconds
Number of updated asset objects reloaded before import = 0Number of asset objects unloaded after import = 0

========================================================================
Received Prepare
Refreshing native plugins compatible for Editor in 1.11 ms, found 3 plugins.
Preloading 0 native plugins for Editor in 0.00 ms.
Unloading 14 Unused Serialized files (Serialized files now loaded: 0)
Unloading 6732 unused Assets / (4.4 MB). Loaded Objects now: 7841.
Memory consumption went from 366.4 MB to 362.0 MB.
Total: 52.797667 ms (FindLiveObjects: 1.132834 ms CreateObjectMapping: 1.038792 ms MarkObjects: 46.829541 ms  DeleteObjects: 3.795375 ms)

Prepare: number of updated asset objects reloaded= 0
========================================================================
Received Prepare
Begin MonoManager ReloadAssembly
- Loaded All Assemblies, in  2.721 seconds
Refreshing native plugins compatible for Editor in 3.12 ms, found 3 plugins.
Native extension for OSXStandalone target not found
Mono: successfully reloaded assembly
- Finished resetting the current domain, in  7.029 seconds
Domain Reload Profiling: 9758ms
	BeginReloadAssembly (947ms)
		ExecutionOrderSort (0ms)
		DisableScriptedObjects (139ms)
		BackupInstance (0ms)
		ReleaseScriptingObjects (1ms)
		CreateAndSetChildDomain (256ms)
	RebuildCommonClasses (93ms)
	RebuildNativeTypeToScriptingClass (27ms)
	initialDomainReloadingComplete (110ms)
	LoadAllAssembliesAndSetupDomain (1549ms)
		LoadAssemblies (1319ms)
		RebuildTransferFunctionScriptingTraits (0ms)
		AnalyzeDomain (625ms)
			TypeCache.Refresh (33ms)
				TypeCache.ScanAssembly (1ms)
			BuildScriptInfoCaches (506ms)
			ResolveRequiredComponents (70ms)
	FinalizeReload (7032ms)
		ReleaseScriptCaches (0ms)
		RebuildScriptCaches (0ms)
		SetupLoadedEditorAssemblies (5094ms)
			LogAssemblyErrors (0ms)
			InitializePlatformSupportModulesInManaged (37ms)
			SetLoadedEditorAssemblies (30ms)
			BeforeProcessingInitializeOnLoad (229ms)
			ProcessInitializeOnLoadAttributes (3995ms)
			ProcessInitializeOnLoadMethodAttributes (787ms)
			AfterProcessingInitializeOnLoad (15ms)
			EditorAssembliesLoaded (2ms)
		ExecutionOrderSort2 (1ms)
		AwakeInstancesAfterBackupRestoration (62ms)
Refreshing native plugins compatible for Editor in 1.20 ms, found 3 plugins.
Preloading 0 native plugins for Editor in 0.00 ms.
Unloading 14 Unused Serialized files (Serialized files now loaded: 0)
Unloading 6743 unused Assets / (4.0 MB). Loaded Objects now: 7843.
Memory consumption went from 374.2 MB to 370.2 MB.
Total: 49.228375 ms (FindLiveObjects: 8.674542 ms CreateObjectMapping: 2.206125 ms MarkObjects: 27.151167 ms  DeleteObjects: 11.194834 ms)

Prepare: number of updated asset objects reloaded= 0
========================================================================
Received Prepare
Refreshing native plugins compatible for Editor in 1.00 ms, found 3 plugins.
Preloading 0 native plugins for Editor in 0.00 ms.
Unloading 14 Unused Serialized files (Serialized files now loaded: 0)
Unloading 6733 unused Assets / (3.9 MB). Loaded Objects now: 7844.
Memory consumption went from 370.2 MB to 366.3 MB.
Total: 43.511166 ms (FindLiveObjects: 1.010041 ms CreateObjectMapping: 0.793083 ms MarkObjects: 38.245583 ms  DeleteObjects: 3.460667 ms)

Prepare: number of updated asset objects reloaded= 0
========================================================================
Received Import Request.
  Time since last request: 143.880036 seconds.
  path: Assets/_Unity Essentials/Scripts/NewMonoBehaviourScript.cs
  artifactKey: Guid(ab350745d1cb84d65aebf8f6c3077044) Importer(815301076,1909f56bfc062723c751e8b465ee728b)
Start importing Assets/_Unity Essentials/Scripts/NewMonoBehaviourScript.cs using Guid(ab350745d1cb84d65aebf8f6c3077044) Importer(815301076,1909f56bfc062723c751e8b465ee728b) (PreviewImporter)[PhysX] Initialized MultithreadedTaskDispatcher with 4 workers.
 -> (artifact id: '0b2d261647aa2620216947a2eff935d1') in 0.069834459 seconds
Number of updated asset objects reloaded before import = 0Number of asset objects unloaded after import = 0

========================================================================
Received Prepare
Refreshing native plugins compatible for Editor in 1.08 ms, found 3 plugins.
Preloading 0 native plugins for Editor in 0.00 ms.
Unloading 14 Unused Serialized files (Serialized files now loaded: 0)
Unloading 6733 unused Assets / (3.9 MB). Loaded Objects now: 7844.
Memory consumption went from 367.5 MB to 363.6 MB.
Total: 50.289625 ms (FindLiveObjects: 0.980958 ms CreateObjectMapping: 0.916625 ms MarkObjects: 44.732666 ms  DeleteObjects: 3.657916 ms)

Prepare: number of updated asset objects reloaded= 0
========================================================================
Received Import Request.
  Time since last request: 27.279058 seconds.
  path: Assets/_Unity Essentials/Scripts/PlayerController.cs
  artifactKey: Guid(ab350745d1cb84d65aebf8f6c3077044) Importer(815301076,1909f56bfc062723c751e8b465ee728b)
Start importing Assets/_Unity Essentials/Scripts/PlayerController.cs using Guid(ab350745d1cb84d65aebf8f6c3077044) Importer(815301076,1909f56bfc062723c751e8b465ee728b) (PreviewImporter)[PhysX] Initialized MultithreadedTaskDispatcher with 4 workers.
 -> (artifact id: '4945586617b4eeaa787faf480ae33449') in 0.005901834 seconds
Number of updated asset objects reloaded before import = 0Number of asset objects unloaded after import = 0

========================================================================
Received Prepare
Begin MonoManager ReloadAssembly
- Loaded All Assemblies, in  3.645 seconds
Refreshing native plugins compatible for Editor in 1.67 ms, found 3 plugins.
Native extension for OSXStandalone target not found
Mono: successfully reloaded assembly
- Finished resetting the current domain, in  6.143 seconds
Domain Reload Profiling: 9802ms
	BeginReloadAssembly (1194ms)
		ExecutionOrderSort (0ms)
		DisableScriptedObjects (176ms)
		BackupInstance (0ms)
		ReleaseScriptingObjects (1ms)
		CreateAndSetChildDomain (358ms)
	RebuildCommonClasses (116ms)
	RebuildNativeTypeToScriptingClass (29ms)
	initialDomainReloadingComplete (138ms)
	LoadAllAssembliesAndSetupDomain (2174ms)
		LoadAssemblies (1823ms)
		RebuildTransferFunctionScriptingTraits (0ms)
		AnalyzeDomain (787ms)
			TypeCache.Refresh (79ms)
				TypeCache.ScanAssembly (2ms)
			BuildScriptInfoCaches (612ms)
			ResolveRequiredComponents (88ms)
	FinalizeReload (6151ms)
		ReleaseScriptCaches (0ms)
		RebuildScriptCaches (0ms)
		SetupLoadedEditorAssemblies (4109ms)
			LogAssemblyErrors (0ms)
			InitializePlatformSupportModulesInManaged (23ms)
			SetLoadedEditorAssemblies (14ms)
			BeforeProcessingInitializeOnLoad (157ms)
			ProcessInitializeOnLoadAttributes (3352ms)
			ProcessInitializeOnLoadMethodAttributes (547ms)
			AfterProcessingInitializeOnLoad (15ms)
			EditorAssembliesLoaded (1ms)
		ExecutionOrderSort2 (0ms)
		AwakeInstancesAfterBackupRestoration (70ms)
Refreshing native plugins compatible for Editor in 1.35 ms, found 3 plugins.
Preloading 0 native plugins for Editor in 0.00 ms.
Unloading 14 Unused Serialized files (Serialized files now loaded: 0)
Unloading 6744 unused Assets / (3.8 MB). Loaded Objects now: 7846.
Memory consumption went from 375.4 MB to 371.6 MB.
Total: 40.575958 ms (FindLiveObjects: 2.375208 ms CreateObjectMapping: 1.775792 ms MarkObjects: 30.092167 ms  DeleteObjects: 6.331125 ms)

Prepare: number of updated asset objects reloaded= 0
========================================================================
Received Import Request.
  Time since last request: 33.425449 seconds.
  path: Assets/_Unity Essentials/Scripts/PlayerController.cs
  artifactKey: Guid(ab350745d1cb84d65aebf8f6c3077044) Importer(815301076,1909f56bfc062723c751e8b465ee728b)
Start importing Assets/_Unity Essentials/Scripts/PlayerController.cs using Guid(ab350745d1cb84d65aebf8f6c3077044) Importer(815301076,1909f56bfc062723c751e8b465ee728b) (PreviewImporter)[PhysX] Initialized MultithreadedTaskDispatcher with 4 workers.
 -> (artifact id: '4e9afea02ca438e690e433dc4b41877f') in 0.010264042 seconds
Number of updated asset objects reloaded before import = 0Number of asset objects unloaded after import = 0

========================================================================
Received Import Request.
  Time since last request: 69.916804 seconds.
  path: Assets/Resources/PerformanceTestRunInfo.json
  artifactKey: Guid(edf2b0d72ef79de41b12d73f97f145ca) Importer(2089858483,192608db42251d675da83286b1cce702)
Start importing Assets/Resources/PerformanceTestRunInfo.json using Guid(edf2b0d72ef79de41b12d73f97f145ca) Importer(2089858483,192608db42251d675da83286b1cce702) (ScriptedImporter)[PhysX] Initialized MultithreadedTaskDispatcher with 4 workers.
 -> (artifact id: '5cc8921756b75ca26adaf56254f074ad') in 0.77635275 seconds
Number of updated asset objects reloaded before import = 0Number of asset objects unloaded after import = 1

========================================================================
Received Import Request.
  Time since last request: 0.000390 seconds.
  path: Assets/_Unity Essentials/Audio/Sound FX/SFX_Bird_1.ogg
  artifactKey: Guid(b1404f52ff75b4c399ab3de4356de2ed) Importer(2089858483,192608db42251d675da83286b1cce702)
Start importing Assets/_Unity Essentials/Audio/Sound FX/SFX_Bird_1.ogg using Guid(b1404f52ff75b4c399ab3de4356de2ed) Importer(2089858483,192608db42251d675da83286b1cce702) (ScriptedImporter)[PhysX] Initialized MultithreadedTaskDispatcher with 4 workers.
 -> (artifact id: 'da850f16174f4dd13f7283da4d8ed198') in 0.281883292 seconds
Number of updated asset objects reloaded before import = 0Number of asset objects unloaded after import = 1

========================================================================
Received Import Request.
  Time since last request: 0.000116 seconds.
  path: Assets/_Unity Essentials/Scenes/6_Bonus_Custom_Scene.unity
  artifactKey: Guid(9f23fd4a84396415f878719f61b600b0) Importer(2089858483,192608db42251d675da83286b1cce702)
Start importing Assets/_Unity Essentials/Scenes/6_Bonus_Custom_Scene.unity using Guid(9f23fd4a84396415f878719f61b600b0) Importer(2089858483,192608db42251d675da83286b1cce702) (ScriptedImporter)[PhysX] Initialized MultithreadedTaskDispatcher with 4 workers.
 -> (artifact id: 'cbd53a052cc8dd4334a5fa4e39028ea7') in 0.038944291 seconds
Number of updated asset objects reloaded before import = 0Number of asset objects unloaded after import = 1

========================================================================
Received Import Request.
  Time since last request: 0.000066 seconds.
  path: Assets/TextMesh Pro/Resources/TMP Settings.asset
  artifactKey: Guid(3f5b5dff67a942289a9defa416b206f3) Importer(2089858483,192608db42251d675da83286b1cce702)
Start importing Assets/TextMesh Pro/Resources/TMP Settings.asset using Guid(3f5b5dff67a942289a9defa416b206f3) Importer(2089858483,192608db42251d675da83286b1cce702) (ScriptedImporter)[PhysX] Initialized MultithreadedTaskDispatcher with 4 workers.
 -> (artifact id: '79c9646a38ab1a23de7f02c10f7978dc') in 0.278778416 seconds
Number of updated asset objects reloaded before import = 0Number of asset objects unloaded after import = 15

========================================================================
Received Import Request.
  Time since last request: 0.000180 seconds.
  path: Assets/Settings/DefaultVolumeProfile.asset
  artifactKey: Guid(97ae41e5598224cf29f59eb8f4f7511c) Importer(2089858483,192608db42251d675da83286b1cce702)
Start importing Assets/Settings/DefaultVolumeProfile.asset using Guid(97ae41e5598224cf29f59eb8f4f7511c) Importer(2089858483,192608db42251d675da83286b1cce702) (ScriptedImporter)[PhysX] Initialized MultithreadedTaskDispatcher with 4 workers.
 -> (artifact id: '53900cd6e417b894548d1b380b0932ee') in 0.015288208 seconds
Number of updated asset objects reloaded before import = 0Number of asset objects unloaded after import = 0

========================================================================
Received Import Request.
  Time since last request: 0.000127 seconds.
  path: Assets/_Unity Essentials/Materials/Outdoor/Green_Grid.mat
  artifactKey: Guid(acceff642662e5d4183fba53c4e7270f) Importer(2089858483,192608db42251d675da83286b1cce702)
Start importing Assets/_Unity Essentials/Materials/Outdoor/Green_Grid.mat using Guid(acceff642662e5d4183fba53c4e7270f) Importer(2089858483,192608db42251d675da83286b1cce702) (ScriptedImporter)[PhysX] Initialized MultithreadedTaskDispatcher with 4 workers.
 -> (artifact id: 'ee27e67a9758762f31d081cc11562bd3') in 0.193446959 seconds
Number of updated asset objects reloaded before import = 0Number of asset objects unloaded after import = 3

========================================================================
Received Import Request.
  Time since last request: 0.000091 seconds.
  path: Assets/TextMesh Pro/Resources/Fonts & Materials/LiberationSans SDF.asset
  artifactKey: Guid(8f586378b4e144a9851e7b34d9b748ee) Importer(2089858483,192608db42251d675da83286b1cce702)
Start importing Assets/TextMesh Pro/Resources/Fonts & Materials/LiberationSans SDF.asset using Guid(8f586378b4e144a9851e7b34d9b748ee) Importer(2089858483,192608db42251d675da83286b1cce702) (ScriptedImporter)[PhysX] Initialized MultithreadedTaskDispatcher with 4 workers.
 -> (artifact id: '1f73da72f05e1425e5a77d5746203e65') in 0.160167458 seconds
Number of updated asset objects reloaded before import = 0Number of asset objects unloaded after import = 8

========================================================================
Received Import Request.
  Time since last request: 0.000085 seconds.
  path: Assets/_Unity Essentials/Materials/Outdoor/Red - Firepit.mat
  artifactKey: Guid(3beb82ff7958c7c4f9187444589710e6) Importer(2089858483,192608db42251d675da83286b1cce702)
Start importing Assets/_Unity Essentials/Materials/Outdoor/Red - Firepit.mat using Guid(3beb82ff7958c7c4f9187444589710e6) Importer(2089858483,192608db42251d675da83286b1cce702) (ScriptedImporter)[PhysX] Initialized MultithreadedTaskDispatcher with 4 workers.
 -> (artifact id: 'd88f306df999a391384fa9742a509e1e') in 0.014966292 seconds
Number of updated asset objects reloaded before import = 0Number of asset objects unloaded after import = 3

========================================================================
Received Import Request.
  Time since last request: 0.000123 seconds.
  path: Assets/_Unity Essentials/Materials/Outdoor/Concrete Blue.mat
  artifactKey: Guid(895b038bf03adba4c951968630c6032d) Importer(2089858483,192608db42251d675da83286b1cce702)
Start importing Assets/_Unity Essentials/Materials/Outdoor/Concrete Blue.mat using Guid(895b038bf03adba4c951968630c6032d) Importer(2089858483,192608db42251d675da83286b1cce702) (ScriptedImporter)[PhysX] Initialized MultithreadedTaskDispatcher with 4 workers.
 -> (artifact id: '064940692161a8637a8e3ebc36072e8a') in 0.010757625 seconds
Number of updated asset objects reloaded before import = 0Number of asset objects unloaded after import = 3

========================================================================
Received Import Request.
  Time since last request: 0.000102 seconds.
  path: Assets/Settings/URP-HighFidelity-Renderer.asset
  artifactKey: Guid(c40be3174f62c4acf8c1216858c64956) Importer(2089858483,192608db42251d675da83286b1cce702)
Start importing Assets/Settings/URP-HighFidelity-Renderer.asset using Guid(c40be3174f62c4acf8c1216858c64956) Importer(2089858483,192608db42251d675da83286b1cce702) (ScriptedImporter)[PhysX] Initialized MultithreadedTaskDispatcher with 4 workers.
 -> (artifact id: 'a6e3c5eaad950a4b63f6fdb84789da33') in 0.095728167 seconds
Number of updated asset objects reloaded before import = 0Number of asset objects unloaded after import = 2

========================================================================
Received Import Request.
  Time since last request: 0.000097 seconds.
  path: Assets/_Unity Essentials/Audio/Music/Music_Relaxed.ogg
  artifactKey: Guid(d1be8897492ee854b9a05f5371d103ce) Importer(2089858483,192608db42251d675da83286b1cce702)
Start importing Assets/_Unity Essentials/Audio/Music/Music_Relaxed.ogg using Guid(d1be8897492ee854b9a05f5371d103ce) Importer(2089858483,192608db42251d675da83286b1cce702) (ScriptedImporter)[PhysX] Initialized MultithreadedTaskDispatcher with 4 workers.
 -> (artifact id: '45fbb882f5f1a81ec5d4a969084b4a79') in 0.038456333 seconds
Number of updated asset objects reloaded before import = 0Number of asset objects unloaded after import = 1

========================================================================
Received Import Request.
  Time since last request: 0.000177 seconds.
  path: Assets/_Unity Essentials/Scenes/4_LivingRoom_Programming_Scene.unity
  artifactKey: Guid(a6368f7fda5ac4dca86952aebdc7d568) Importer(2089858483,192608db42251d675da83286b1cce702)
Start importing Assets/_Unity Essentials/Scenes/4_LivingRoom_Programming_Scene.unity using Guid(a6368f7fda5ac4dca86952aebdc7d568) Importer(2089858483,192608db42251d675da83286b1cce702) (ScriptedImporter)[PhysX] Initialized MultithreadedTaskDispatcher with 4 workers.
 -> (artifact id: 'b3bfaa9e92dfd737d1beed2060ab4198') in 0.015315583 seconds
Number of updated asset objects reloaded before import = 0Number of asset objects unloaded after import = 1

========================================================================
Received Import Request.
  Time since last request: 0.000100 seconds.
  path: Assets/TextMesh Pro/Resources/Sprite Assets/EmojiOne.asset
  artifactKey: Guid(c41005c129ba4d66911b75229fd70b45) Importer(2089858483,192608db42251d675da83286b1cce702)
Start importing Assets/TextMesh Pro/Resources/Sprite Assets/EmojiOne.asset using Guid(c41005c129ba4d66911b75229fd70b45) Importer(2089858483,192608db42251d675da83286b1cce702) (ScriptedImporter)[PhysX] Initialized MultithreadedTaskDispatcher with 4 workers.
 -> (artifact id: 'd247504c291d48094e7f5a922f09cdfa') in 0.01883675 seconds
Number of updated asset objects reloaded before import = 0Number of asset objects unloaded after import = 3

========================================================================
Received Import Request.
  Time since last request: 0.000106 seconds.
  path: Assets/_Unity Essentials/Materials/My Materials/Ball_physics.physicMaterial
  artifactKey: Guid(b81a06531edca498cbd3d5c8b0e2c1f5) Importer(2089858483,192608db42251d675da83286b1cce702)
Start importing Assets/_Unity Essentials/Materials/My Materials/Ball_physics.physicMaterial using Guid(b81a06531edca498cbd3d5c8b0e2c1f5) Importer(2089858483,192608db42251d675da83286b1cce702) (ScriptedImporter)[PhysX] Initialized MultithreadedTaskDispatcher with 4 workers.
 -> (artifact id: 'b4e6c05e0c68cef856d6d7adda0d1d68') in 0.013519541 seconds
Number of updated asset objects reloaded before import = 0Number of asset objects unloaded after import = 1

========================================================================
Received Import Request.
  Time since last request: 0.000117 seconds.
  path: Assets/_Unity Essentials/Scenes/5_TopDown_2D_Scene.unity
  artifactKey: Guid(8c9cfa26abfee488c85f1582747f6a02) Importer(2089858483,192608db42251d675da83286b1cce702)
Start importing Assets/_Unity Essentials/Scenes/5_TopDown_2D_Scene.unity using Guid(8c9cfa26abfee488c85f1582747f6a02) Importer(2089858483,192608db42251d675da83286b1cce702) (ScriptedImporter)[PhysX] Initialized MultithreadedTaskDispatcher with 4 workers.
 -> (artifact id: '0e0c14a6eb8bc7ba8faedeff9ec00b5b') in 0.007286583 seconds
Number of updated asset objects reloaded before import = 0Number of asset objects unloaded after import = 1

========================================================================
Received Import Request.
  Time since last request: 0.000073 seconds.
  path: Assets/_Unity Essentials/Materials/Outdoor/GridDark_Mat.mat
  artifactKey: Guid(d8ce232efa353b845bb4f9b3c2ad9e54) Importer(2089858483,192608db42251d675da83286b1cce702)
Start importing Assets/_Unity Essentials/Materials/Outdoor/GridDark_Mat.mat using Guid(d8ce232efa353b845bb4f9b3c2ad9e54) Importer(2089858483,192608db42251d675da83286b1cce702) (ScriptedImporter)[PhysX] Initialized MultithreadedTaskDispatcher with 4 workers.
 -> (artifact id: 'a610c3b309beeb01228e61580513efbf') in 0.011501791 seconds
Number of updated asset objects reloaded before import = 0Number of asset objects unloaded after import = 2

========================================================================
Received Import Request.
  Time since last request: 0.000075 seconds.
  path: Assets/_Unity Essentials/Materials/Skyboxes/SkyCloudy.mat
  artifactKey: Guid(d69883e0aa1d747ac908ea5224efb280) Importer(2089858483,192608db42251d675da83286b1cce702)
Start importing Assets/_Unity Essentials/Materials/Skyboxes/SkyCloudy.mat using Guid(d69883e0aa1d747ac908ea5224efb280) Importer(2089858483,192608db42251d675da83286b1cce702) (ScriptedImporter)[PhysX] Initialized MultithreadedTaskDispatcher with 4 workers.
 -> (artifact id: 'ed11cdb9470c4a3252383b058708d773') in 0.059697375 seconds
Number of updated asset objects reloaded before import = 0Number of asset objects unloaded after import = 2

========================================================================
Received Import Request.
  Time since last request: 0.000103 seconds.
  path: Assets/_Unity Essentials/Materials/Outdoor/Slide_Legs.mat
  artifactKey: Guid(c3eadda352ac8452bb8703056ad79e8f) Importer(2089858483,192608db42251d675da83286b1cce702)
Start importing Assets/_Unity Essentials/Materials/Outdoor/Slide_Legs.mat using Guid(c3eadda352ac8452bb8703056ad79e8f) Importer(2089858483,192608db42251d675da83286b1cce702) (ScriptedImporter)[PhysX] Initialized MultithreadedTaskDispatcher with 4 workers.
 -> (artifact id: '40627d27f45b3e4666f444ee2417228c') in 0.008122292 seconds
Number of updated asset objects reloaded before import = 0Number of asset objects unloaded after import = 1

========================================================================
Received Import Request.
  Time since last request: 0.000093 seconds.
  path: Assets/_Unity Essentials/Materials/Skyboxes/SkyGrayNight.mat
  artifactKey: Guid(e497e7f8df03448cfa004d7b29dd607b) Importer(2089858483,192608db42251d675da83286b1cce702)
Start importing Assets/_Unity Essentials/Materials/Skyboxes/SkyGrayNight.mat using Guid(e497e7f8df03448cfa004d7b29dd607b) Importer(2089858483,192608db42251d675da83286b1cce702) (ScriptedImporter)[PhysX] Initialized MultithreadedTaskDispatcher with 4 workers.
 -> (artifact id: 'd1601cc6a02c5b04192ab15cdd171572') in 0.014134833 seconds
Number of updated asset objects reloaded before import = 0Number of asset objects unloaded after import = 2

========================================================================
Received Import Request.
  Time since last request: 0.000224 seconds.
  path: Assets/_Unity Essentials/Fonts/Exo2-Regular SDF.asset
  artifactKey: Guid(2303d48f3860c49e1b4f88d3f9beef53) Importer(2089858483,192608db42251d675da83286b1cce702)
Start importing Assets/_Unity Essentials/Fonts/Exo2-Regular SDF.asset using Guid(2303d48f3860c49e1b4f88d3f9beef53) Importer(2089858483,192608db42251d675da83286b1cce702) (ScriptedImporter)[PhysX] Initialized MultithreadedTaskDispatcher with 4 workers.
 -> (artifact id: '1ecef11142153f7d46786653aed8d8a8') in 0.035067542 seconds
Number of updated asset objects reloaded before import = 0Number of asset objects unloaded after import = 3

========================================================================
Received Import Request.
  Time since last request: 0.000079 seconds.
  path: Assets/Settings/2D Render Pipeline Asset.asset
  artifactKey: Guid(241c371eed30a4013aab2a4f78411bfc) Importer(2089858483,192608db42251d675da83286b1cce702)
Start importing Assets/Settings/2D Render Pipeline Asset.asset using Guid(241c371eed30a4013aab2a4f78411bfc) Importer(2089858483,192608db42251d675da83286b1cce702) (ScriptedImporter)[PhysX] Initialized MultithreadedTaskDispatcher with 4 workers.
 -> (artifact id: 'e1923b22c5c378b6fcdd900e0f6d313a') in 0.097053834 seconds
Number of updated asset objects reloaded before import = 0Number of asset objects unloaded after import = 2

========================================================================
Received Import Request.
  Time since last request: 0.000061 seconds.
  path: Assets/_Unity Essentials/Audio/Music/Music_Exciting.ogg
  artifactKey: Guid(79a0c1b5d72bfc748bc67ce6e4c6115b) Importer(2089858483,192608db42251d675da83286b1cce702)
Start importing Assets/_Unity Essentials/Audio/Music/Music_Exciting.ogg using Guid(79a0c1b5d72bfc748bc67ce6e4c6115b) Importer(2089858483,192608db42251d675da83286b1cce702) (ScriptedImporter)[PhysX] Initialized MultithreadedTaskDispatcher with 4 workers.
 -> (artifact id: '1fed486f4be602b30c5268df06e40b5c') in 0.034523792 seconds
Number of updated asset objects reloaded before import = 0Number of asset objects unloaded after import = 1

========================================================================
Received Import Request.
  Time since last request: 0.000095 seconds.
  path: Assets/_Unity Essentials/Materials/My Materials/Screenshot 2025-04-24 at 7.48.47 PM.png
  artifactKey: Guid(cfafe3d9ba5b04e1f8cc78f821a8e5d2) Importer(2089858483,192608db42251d675da83286b1cce702)
Start importing Assets/_Unity Essentials/Materials/My Materials/Screenshot 2025-04-24 at 7.48.47 PM.png using Guid(cfafe3d9ba5b04e1f8cc78f821a8e5d2) Importer(2089858483,192608db42251d675da83286b1cce702) (ScriptedImporter)[PhysX] Initialized MultithreadedTaskDispatcher with 4 workers.
 -> (artifact id: 'd0bb5ab3dfaab8a8e9973707b42a3fdc') in 0.08611825 seconds
Number of updated asset objects reloaded before import = 0Number of asset objects unloaded after import = 1

========================================================================
Received Import Request.
  Time since last request: 0.000062 seconds.
  path: Assets/TextMesh Pro/Shaders/TMP_SDF-Surface.shader
  artifactKey: Guid(f7ada0af4f174f0694ca6a487b8f543d) Importer(2089858483,192608db42251d675da83286b1cce702)
Start importing Assets/TextMesh Pro/Shaders/TMP_SDF-Surface.shader using Guid(f7ada0af4f174f0694ca6a487b8f543d) Importer(2089858483,192608db42251d675da83286b1cce702) (ScriptedImporter)[PhysX] Initialized MultithreadedTaskDispatcher with 4 workers.
 -> (artifact id: 'deb2311dc5b13c4daa59f329b1c0e1e6') in 0.021202292 seconds
Number of updated asset objects reloaded before import = 0Number of asset objects unloaded after import = 1

========================================================================
Received Import Request.
  Time since last request: 0.000062 seconds.
  path: Assets/_Unity Essentials/Models/Colllectibles/Cheese.FBX
  artifactKey: Guid(90b7427fe53394a5faa7ac39a2a66cf8) Importer(2089858483,192608db42251d675da83286b1cce702)
Start importing Assets/_Unity Essentials/Models/Colllectibles/Cheese.FBX using Guid(90b7427fe53394a5faa7ac39a2a66cf8) Importer(2089858483,192608db42251d675da83286b1cce702) (ScriptedImporter)[PhysX] Initialized MultithreadedTaskDispatcher with 4 workers.
 -> (artifact id: '51f7d8fab0582fd2f6c4835089ea1056') in 0.099164666 seconds
Number of updated asset objects reloaded before import = 0Number of asset objects unloaded after import = 7

========================================================================
Received Import Request.
  Time since last request: 0.000081 seconds.
  path: Assets/_Unity Essentials/Models/Characters/DumperTruck.FBX
  artifactKey: Guid(99d43731546c2478dac49fd4565622d7) Importer(2089858483,192608db42251d675da83286b1cce702)
Start importing Assets/_Unity Essentials/Models/Characters/DumperTruck.FBX using Guid(99d43731546c2478dac49fd4565622d7) Importer(2089858483,192608db42251d675da83286b1cce702) (ScriptedImporter)[PhysX] Initialized MultithreadedTaskDispatcher with 4 workers.
 -> (artifact id: '0f60749a617784b3eb5473d51c07310e') in 0.127767667 seconds
Number of updated asset objects reloaded before import = 0Number of asset objects unloaded after import = 35

========================================================================
Received Import Request.
  Time since last request: 0.000161 seconds.
  path: Assets/_Unity Essentials/Models/Characters/UFO.FBX
  artifactKey: Guid(750e8544a7a4b4ed39e49a4201ab4620) Importer(2089858483,192608db42251d675da83286b1cce702)
Start importing Assets/_Unity Essentials/Models/Characters/UFO.FBX using Guid(750e8544a7a4b4ed39e49a4201ab4620) Importer(2089858483,192608db42251d675da83286b1cce702) (ScriptedImporter)[PhysX] Initialized MultithreadedTaskDispatcher with 4 workers.
 -> (artifact id: 'd270a1a793b61d3e0c638b71b1b9d7fd') in 0.068486541 seconds
Number of updated asset objects reloaded before import = 0Number of asset objects unloaded after import = 60

========================================================================
Received Import Request.
  Time since last request: 0.000093 seconds.
  path: Assets/_Unity Essentials/_Shortcuts-Cheat_Sheet.txt
  artifactKey: Guid(d6e9485b035db4439a7dc5525bd8f57d) Importer(2089858483,192608db42251d675da83286b1cce702)
Start importing Assets/_Unity Essentials/_Shortcuts-Cheat_Sheet.txt using Guid(d6e9485b035db4439a7dc5525bd8f57d) Importer(2089858483,192608db42251d675da83286b1cce702) (ScriptedImporter)[PhysX] Initialized MultithreadedTaskDispatcher with 4 workers.
 -> (artifact id: '58a29eade2071d35dbc8c6f1e5f9113a') in 0.005976958 seconds
Number of updated asset objects reloaded before import = 0Number of asset objects unloaded after import = 1

========================================================================
Received Import Request.
  Time since last request: 0.000133 seconds.
  path: Assets/Settings/2D Render Pipeline Asset_Renderer.asset
  artifactKey: Guid(3d82f10d73ce04959a56018bb258a29c) Importer(2089858483,192608db42251d675da83286b1cce702)
Start importing Assets/Settings/2D Render Pipeline Asset_Renderer.asset using Guid(3d82f10d73ce04959a56018bb258a29c) Importer(2089858483,192608db42251d675da83286b1cce702) (ScriptedImporter)[PhysX] Initialized MultithreadedTaskDispatcher with 4 workers.
 -> (artifact id: 'd7310dcf997b4fda12cf88d22a58b137') in 0.056413416 seconds
Number of updated asset objects reloaded before import = 0Number of asset objects unloaded after import = 1

========================================================================
Received Import Request.
  Time since last request: 0.000105 seconds.
  path: Assets/_Unity Essentials/Materials/Outdoor/Fence_Brown.mat
  artifactKey: Guid(d2f7f7a073d1c423c8288b33334ef433) Importer(2089858483,192608db42251d675da83286b1cce702)
Start importing Assets/_Unity Essentials/Materials/Outdoor/Fence_Brown.mat using Guid(d2f7f7a073d1c423c8288b33334ef433) Importer(2089858483,192608db42251d675da83286b1cce702) (ScriptedImporter)[PhysX] Initialized MultithreadedTaskDispatcher with 4 workers.
 -> (artifact id: 'c9007d469544133a22144d50d31f7a20') in 0.014325958 seconds
Number of updated asset objects reloaded before import = 0Number of asset objects unloaded after import = 2

========================================================================
Received Import Request.
  Time since last request: 0.000114 seconds.
  path: Assets/_Unity Essentials/Models/Colllectibles/Money.fbx
  artifactKey: Guid(c851d3b6b774d36478c5f2df39d8c167) Importer(2089858483,192608db42251d675da83286b1cce702)
Start importing Assets/_Unity Essentials/Models/Colllectibles/Money.fbx using Guid(c851d3b6b774d36478c5f2df39d8c167) Importer(2089858483,192608db42251d675da83286b1cce702) (ScriptedImporter)[PhysX] Initialized MultithreadedTaskDispatcher with 4 workers.
 -> (artifact id: '9f715388ac3d2004bcb43be8b830ef51') in 0.041009708 seconds
Number of updated asset objects reloaded before import = 0Number of asset objects unloaded after import = 9

========================================================================
Received Import Request.
  Time since last request: 0.003800 seconds.
  path: Assets/_Unity Essentials/Models/Colllectibles/Key.FBX
  artifactKey: Guid(43dd2c4e9da0ca04fa37f8f03123db39) Importer(2089858483,192608db42251d675da83286b1cce702)
Start importing Assets/_Unity Essentials/Models/Colllectibles/Key.FBX using Guid(43dd2c4e9da0ca04fa37f8f03123db39) Importer(2089858483,192608db42251d675da83286b1cce702) (ScriptedImporter)[PhysX] Initialized MultithreadedTaskDispatcher with 4 workers.
 -> (artifact id: '934a33787951246b5cf4b2da69d4cbb2') in 0.073317208 seconds
Number of updated asset objects reloaded before import = 0Number of asset objects unloaded after import = 7

========================================================================
Received Import Request.
  Time since last request: 0.000255 seconds.
  path: Assets/_Unity Essentials/Materials/Outdoor/GridWhite_01_Mat_Bright.mat
  artifactKey: Guid(d3c3096bc6b574e09940c49dfea756b6) Importer(2089858483,192608db42251d675da83286b1cce702)
Start importing Assets/_Unity Essentials/Materials/Outdoor/GridWhite_01_Mat_Bright.mat using Guid(d3c3096bc6b574e09940c49dfea756b6) Importer(2089858483,192608db42251d675da83286b1cce702) (ScriptedImporter)[PhysX] Initialized MultithreadedTaskDispatcher with 4 workers.
 -> (artifact id: 'da6bde4841d90f84dbdfaca2dba8f39d') in 0.023308625 seconds
Number of updated asset objects reloaded before import = 0Number of asset objects unloaded after import = 3

========================================================================
Received Import Request.
  Time since last request: 0.000131 seconds.
  path: Assets/_Unity Essentials/Audio/Music/Music_Suspenseful.ogg
  artifactKey: Guid(e4f92c1ead82de3459666d406fd31ef4) Importer(2089858483,192608db42251d675da83286b1cce702)
Start importing Assets/_Unity Essentials/Audio/Music/Music_Suspenseful.ogg using Guid(e4f92c1ead82de3459666d406fd31ef4) Importer(2089858483,192608db42251d675da83286b1cce702) (ScriptedImporter)[PhysX] Initialized MultithreadedTaskDispatcher with 4 workers.
 -> (artifact id: 'cff328cf42e7c3c5990de92ed66add04') in 0.026538875 seconds
Number of updated asset objects reloaded before import = 0Number of asset objects unloaded after import = 1

========================================================================
Received Import Request.
  Time since last request: 0.000086 seconds.
  path: Assets/TextMesh Pro/Fonts/LiberationSans - OFL.txt
  artifactKey: Guid(6e59c59b81ab47f9b6ec5781fa725d2c) Importer(2089858483,192608db42251d675da83286b1cce702)
Start importing Assets/TextMesh Pro/Fonts/LiberationSans - OFL.txt using Guid(6e59c59b81ab47f9b6ec5781fa725d2c) Importer(2089858483,192608db42251d675da83286b1cce702) (ScriptedImporter)[PhysX] Initialized MultithreadedTaskDispatcher with 4 workers.
 -> (artifact id: 'a3bfa970d2f58dc4770afd87048fa39a') in 0.005609 seconds
Number of updated asset objects reloaded before import = 0Number of asset objects unloaded after import = 1

========================================================================
Received Import Request.
  Time since last request: 0.000072 seconds.
  path: Assets/_Unity Essentials/Audio/Sound FX/SFX_Lose.ogg
  artifactKey: Guid(1c8ccceede04240cbb129e5554967a51) Importer(2089858483,192608db42251d675da83286b1cce702)
Start importing Assets/_Unity Essentials/Audio/Sound FX/SFX_Lose.ogg using Guid(1c8ccceede04240cbb129e5554967a51) Importer(2089858483,192608db42251d675da83286b1cce702) (ScriptedImporter)[PhysX] Initialized MultithreadedTaskDispatcher with 4 workers.
 -> (artifact id: '7a87eaf50b59d1621f51462a99b3d901') in 0.039065792 seconds
Number of updated asset objects reloaded before import = 0Number of asset objects unloaded after import = 1

========================================================================
Received Import Request.
  Time since last request: 0.000067 seconds.
  path: Assets/_Unity Essentials/Materials/VFX/Material_BurstVFX.mat
  artifactKey: Guid(58b965e4cae7a4323b546292fdea5df8) Importer(2089858483,192608db42251d675da83286b1cce702)
Start importing Assets/_Unity Essentials/Materials/VFX/Material_BurstVFX.mat using Guid(58b965e4cae7a4323b546292fdea5df8) Importer(2089858483,192608db42251d675da83286b1cce702) (ScriptedImporter)[PhysX] Initialized MultithreadedTaskDispatcher with 4 workers.
 -> (artifact id: 'e554640ffc9f3b68bc7061d9500f1f1c') in 0.00824725 seconds
Number of updated asset objects reloaded before import = 0Number of asset objects unloaded after import = 2

========================================================================
Received Import Request.
  Time since last request: 0.000096 seconds.
  path: Assets/_Unity Essentials/Scenes/2_KidsRoom_3D_Scene.unity
  artifactKey: Guid(0007c1bb4959e43b9a37f3a226bc0343) Importer(2089858483,192608db42251d675da83286b1cce702)
Start importing Assets/_Unity Essentials/Scenes/2_KidsRoom_3D_Scene.unity using Guid(0007c1bb4959e43b9a37f3a226bc0343) Importer(2089858483,192608db42251d675da83286b1cce702) (ScriptedImporter)[PhysX] Initialized MultithreadedTaskDispatcher with 4 workers.
 -> (artifact id: 'e466c8866f99233bef0e32f16665862f') in 0.011730541 seconds
Number of updated asset objects reloaded before import = 0Number of asset objects unloaded after import = 1

========================================================================
Received Import Request.
  Time since last request: 0.000069 seconds.
  path: Assets/_Unity Essentials/Models/Floor/RugRectangleMedium.FBX
  artifactKey: Guid(7363c24eae0133946877395753fa75b6) Importer(2089858483,192608db42251d675da83286b1cce702)
Start importing Assets/_Unity Essentials/Models/Floor/RugRectangleMedium.FBX using Guid(7363c24eae0133946877395753fa75b6) Importer(2089858483,192608db42251d675da83286b1cce702) (ScriptedImporter)[PhysX] Initialized MultithreadedTaskDispatcher with 4 workers.
 -> (artifact id: '2a76e7cfe501b8197d1fb5ce6436d71a') in 0.025437 seconds
Number of updated asset objects reloaded before import = 0Number of asset objects unloaded after import = 7

========================================================================
Received Import Request.
  Time since last request: 0.000072 seconds.
  path: Assets/_Unity Essentials/Models/Furniture/BasketBallNet.FBX
  artifactKey: Guid(33b09308a98f4460b9ce4ac64855954a) Importer(2089858483,192608db42251d675da83286b1cce702)
Start importing Assets/_Unity Essentials/Models/Furniture/BasketBallNet.FBX using Guid(33b09308a98f4460b9ce4ac64855954a) Importer(2089858483,192608db42251d675da83286b1cce702) (ScriptedImporter)[PhysX] Initialized MultithreadedTaskDispatcher with 4 workers.
 -> (artifact id: '4ea03cdfbb1cbc02a36e5bd4d069ae1b') in 0.015076625 seconds
Number of updated asset objects reloaded before import = 0Number of asset objects unloaded after import = 14

========================================================================
Received Import Request.
  Time since last request: 0.000064 seconds.
  path: Assets/_Unity Essentials/Materials/Outdoor/Tube_Slide_Mat.mat
  artifactKey: Guid(80d4263c72d824b909627b19e5e26b61) Importer(2089858483,192608db42251d675da83286b1cce702)
Start importing Assets/_Unity Essentials/Materials/Outdoor/Tube_Slide_Mat.mat using Guid(80d4263c72d824b909627b19e5e26b61) Importer(2089858483,192608db42251d675da83286b1cce702) (ScriptedImporter)[PhysX] Initialized MultithreadedTaskDispatcher with 4 workers.
 -> (artifact id: 'b6993599f75710d2a03771fb4efe2773') in 0.011816375 seconds
Number of updated asset objects reloaded before import = 0Number of asset objects unloaded after import = 3

========================================================================
Received Import Request.
  Time since last request: 0.000066 seconds.
  path: Assets/Settings/Tutorials-Layout.wlt
  artifactKey: Guid(30592bf734f194b7c931ca7e786c1c1f) Importer(2089858483,192608db42251d675da83286b1cce702)
Start importing Assets/Settings/Tutorials-Layout.wlt using Guid(30592bf734f194b7c931ca7e786c1c1f) Importer(2089858483,192608db42251d675da83286b1cce702) (ScriptedImporter)[PhysX] Initialized MultithreadedTaskDispatcher with 4 workers.
 -> (artifact id: '738c91642a73dca65d57f33d8b39cb18') in 0.004427917 seconds
Number of updated asset objects reloaded before import = 0Number of asset objects unloaded after import = 1

========================================================================
Received Import Request.
  Time since last request: 0.000084 seconds.
  path: Assets/Settings/UniversalRenderPipelineGlobalSettings.asset
  artifactKey: Guid(18dc0cd2c080841dea60987a38ce93fa) Importer(2089858483,192608db42251d675da83286b1cce702)
Start importing Assets/Settings/UniversalRenderPipelineGlobalSettings.asset using Guid(18dc0cd2c080841dea60987a38ce93fa) Importer(2089858483,192608db42251d675da83286b1cce702) (ScriptedImporter)[PhysX] Initialized MultithreadedTaskDispatcher with 4 workers.
 -> (artifact id: '8bb7650926013ce66756df1bdc150c88') in 0.046619083 seconds
Number of updated asset objects reloaded before import = 0Number of asset objects unloaded after import = 0

========================================================================
Received Import Request.
  Time since last request: 0.000078 seconds.
  path: Assets/_Unity Essentials/Materials/Skyboxes/SkySunrise.mat
  artifactKey: Guid(712b1070efd2a4f7d830935a396fd59c) Importer(2089858483,192608db42251d675da83286b1cce702)
Start importing Assets/_Unity Essentials/Materials/Skyboxes/SkySunrise.mat using Guid(712b1070efd2a4f7d830935a396fd59c) Importer(2089858483,192608db42251d675da83286b1cce702) (ScriptedImporter)[PhysX] Initialized MultithreadedTaskDispatcher with 4 workers.
 -> (artifact id: 'f8e2c35b4cce4f9e90b38460e8c4fa00') in 0.0088385 seconds
Number of updated asset objects reloaded before import = 0Number of asset objects unloaded after import = 2

========================================================================
Received Import Request.
  Time since last request: 0.000056 seconds.
  path: Assets/_Unity Essentials/Models/Colllectibles/Rock.FBX
  artifactKey: Guid(0d01d7231cdfd45c099649b88fdea105) Importer(2089858483,192608db42251d675da83286b1cce702)
Start importing Assets/_Unity Essentials/Models/Colllectibles/Rock.FBX using Guid(0d01d7231cdfd45c099649b88fdea105) Importer(2089858483,192608db42251d675da83286b1cce702) (ScriptedImporter)[PhysX] Initialized MultithreadedTaskDispatcher with 4 workers.
 -> (artifact id: '6b6bba83ed51bfd37938bbefd72ca581') in 0.0139775 seconds
Number of updated asset objects reloaded before import = 0Number of asset objects unloaded after import = 7

========================================================================
Received Import Request.
  Time since last request: 0.000063 seconds.
  path: Assets/_Unity Essentials/Audio/Sound FX/SFX_Ball_Bounce.wav
  artifactKey: Guid(da1a4aa2a59e04e2fbac2b2f8437ac35) Importer(2089858483,192608db42251d675da83286b1cce702)
Start importing Assets/_Unity Essentials/Audio/Sound FX/SFX_Ball_Bounce.wav using Guid(da1a4aa2a59e04e2fbac2b2f8437ac35) Importer(2089858483,192608db42251d675da83286b1cce702) (ScriptedImporter)[PhysX] Initialized MultithreadedTaskDispatcher with 4 workers.
 -> (artifact id: 'b54be075fc0bde39b54d1676460a613b') in 0.027443166 seconds
Number of updated asset objects reloaded before import = 0Number of asset objects unloaded after import = 1

========================================================================
Received Import Request.
  Time since last request: 0.000070 seconds.
  path: Assets/TextMesh Pro/Shaders/TMPro_Mobile.cginc
  artifactKey: Guid(c334973cef89a9840b0b0c507e0377ab) Importer(2089858483,192608db42251d675da83286b1cce702)
Start importing Assets/TextMesh Pro/Shaders/TMPro_Mobile.cginc using Guid(c334973cef89a9840b0b0c507e0377ab) Importer(2089858483,192608db42251d675da83286b1cce702) (ScriptedImporter)[PhysX] Initialized MultithreadedTaskDispatcher with 4 workers.
 -> (artifact id: '527ed137dfc69b151669eed46dd5887c') in 0.004066792 seconds
Number of updated asset objects reloaded before import = 0Number of asset objects unloaded after import = 1

========================================================================
Received Import Request.
  Time since last request: 0.000055 seconds.
  path: Assets/Settings/URP-Performant-Renderer.asset
  artifactKey: Guid(707360a9c581a4bd7aa53bfeb1429f71) Importer(2089858483,192608db42251d675da83286b1cce702)
Start importing Assets/Settings/URP-Performant-Renderer.asset using Guid(707360a9c581a4bd7aa53bfeb1429f71) Importer(2089858483,192608db42251d675da83286b1cce702) (ScriptedImporter)[PhysX] Initialized MultithreadedTaskDispatcher with 4 workers.
 -> (artifact id: '9a8e429a3a28892db367ab93bdd7c548') in 0.010816958 seconds
Number of updated asset objects reloaded before import = 0Number of asset objects unloaded after import = 1

========================================================================
Received Import Request.
  Time since last request: 0.000063 seconds.
  path: Assets/_Unity Essentials/Audio/Music/Music_Ethereal.ogg
  artifactKey: Guid(5768c9cd1ffad480392fb744d373bbf8) Importer(2089858483,192608db42251d675da83286b1cce702)
Start importing Assets/_Unity Essentials/Audio/Music/Music_Ethereal.ogg using Guid(5768c9cd1ffad480392fb744d373bbf8) Importer(2089858483,192608db42251d675da83286b1cce702) (ScriptedImporter)[PhysX] Initialized MultithreadedTaskDispatcher with 4 workers.
 -> (artifact id: 'e78eda328ccd2d14970bfda51eba5ced') in 0.029578583 seconds
Number of updated asset objects reloaded before import = 0Number of asset objects unloaded after import = 1

========================================================================
Received Import Request.
  Time since last request: 0.000053 seconds.
  path: Assets/_Unity Essentials/Audio/Music/Music_Driving.ogg
  artifactKey: Guid(737e9cf6d52654a1d816fb925c67d3ed) Importer(2089858483,192608db42251d675da83286b1cce702)
Start importing Assets/_Unity Essentials/Audio/Music/Music_Driving.ogg using Guid(737e9cf6d52654a1d816fb925c67d3ed) Importer(2089858483,192608db42251d675da83286b1cce702) (ScriptedImporter)[PhysX] Initialized MultithreadedTaskDispatcher with 4 workers.
 -> (artifact id: 'a7381cab4f215043542348f0a21d6fd4') in 0.028936709 seconds
Number of updated asset objects reloaded before import = 0Number of asset objects unloaded after import = 1

========================================================================
Received Import Request.
  Time since last request: 0.000074 seconds.
  path: Assets/_Unity Essentials/Scenes/-1_Starter_Scene.unity
  artifactKey: Guid(f85da7fb4c9be4e32bcef1db8285354d) Importer(2089858483,192608db42251d675da83286b1cce702)
Start importing Assets/_Unity Essentials/Scenes/-1_Starter_Scene.unity using Guid(f85da7fb4c9be4e32bcef1db8285354d) Importer(2089858483,192608db42251d675da83286b1cce702) (ScriptedImporter)[PhysX] Initialized MultithreadedTaskDispatcher with 4 workers.
 -> (artifact id: '9609c4000dde27ffb02c19362029d304') in 0.027106083 seconds
Number of updated asset objects reloaded before import = 0Number of asset objects unloaded after import = 1

========================================================================
Received Import Request.
  Time since last request: 0.000058 seconds.
  path: Assets/_Unity Essentials/Models/Colllectibles/MusicNoteSingle.FBX
  artifactKey: Guid(473027a414af88f49b20267a920f7020) Importer(2089858483,192608db42251d675da83286b1cce702)
Start importing Assets/_Unity Essentials/Models/Colllectibles/MusicNoteSingle.FBX using Guid(473027a414af88f49b20267a920f7020) Importer(2089858483,192608db42251d675da83286b1cce702) (ScriptedImporter)[PhysX] Initialized MultithreadedTaskDispatcher with 4 workers.
 -> (artifact id: '39b4057d35e0a9af2a97ae3a83cea53c') in 0.013706292 seconds
Number of updated asset objects reloaded before import = 0Number of asset objects unloaded after import = 7

========================================================================
Received Import Request.
  Time since last request: 0.000054 seconds.
  path: Assets/_Unity Essentials/Materials/Outdoor/Purple_swing.mat
  artifactKey: Guid(38b8913cf3478eb43a519d9ef44cfcc5) Importer(2089858483,192608db42251d675da83286b1cce702)
Start importing Assets/_Unity Essentials/Materials/Outdoor/Purple_swing.mat using Guid(38b8913cf3478eb43a519d9ef44cfcc5) Importer(2089858483,192608db42251d675da83286b1cce702) (ScriptedImporter)[PhysX] Initialized MultithreadedTaskDispatcher with 4 workers.
 -> (artifact id: '5366f7953a3702f32931ab4c83f633b9') in 0.009545625 seconds
Number of updated asset objects reloaded before import = 0Number of asset objects unloaded after import = 3

========================================================================
Received Import Request.
  Time since last request: 0.000055 seconds.
  path: Assets/_Unity Essentials/Models/Furniture/Bed_Twin_BR004.fbx
  artifactKey: Guid(28b74afe0bc0b49409e263a2f06539de) Importer(2089858483,192608db42251d675da83286b1cce702)
Start importing Assets/_Unity Essentials/Models/Furniture/Bed_Twin_BR004.fbx using Guid(28b74afe0bc0b49409e263a2f06539de) Importer(2089858483,192608db42251d675da83286b1cce702) (ScriptedImporter)[PhysX] Initialized MultithreadedTaskDispatcher with 4 workers.
 -> (artifact id: 'd3450d285a07b184f64cf15c203d3d96') in 0.01450475 seconds
Number of updated asset objects reloaded before import = 0Number of asset objects unloaded after import = 14

========================================================================
Received Import Request.
  Time since last request: 0.000066 seconds.
  path: Assets/_Unity Essentials/Models/Furniture/LampShadeTube.FBX
  artifactKey: Guid(080908627e0e2a74a927b7260cc23ec3) Importer(2089858483,192608db42251d675da83286b1cce702)
Start importing Assets/_Unity Essentials/Models/Furniture/LampShadeTube.FBX using Guid(080908627e0e2a74a927b7260cc23ec3) Importer(2089858483,192608db42251d675da83286b1cce702) (ScriptedImporter)[PhysX] Initialized MultithreadedTaskDispatcher with 4 workers.
 -> (artifact id: '4e81f3fec3116de067512388e4995f21') in 0.022508125 seconds
Number of updated asset objects reloaded before import = 0Number of asset objects unloaded after import = 7

========================================================================
Received Import Request.
  Time since last request: 0.000069 seconds.
  path: Assets/_Unity Essentials/Models/Furniture/Dresser_36in_BR001.fbx
  artifactKey: Guid(474e7ce3d03299e41853dd93ef889d5d) Importer(2089858483,192608db42251d675da83286b1cce702)
Start importing Assets/_Unity Essentials/Models/Furniture/Dresser_36in_BR001.fbx using Guid(474e7ce3d03299e41853dd93ef889d5d) Importer(2089858483,192608db42251d675da83286b1cce702) (ScriptedImporter)[PhysX] Initialized MultithreadedTaskDispatcher with 4 workers.
 -> (artifact id: '991b7da867838fcdea2903e39eb66132') in 0.013931208 seconds
Number of updated asset objects reloaded before import = 0Number of asset objects unloaded after import = 14

========================================================================
Received Import Request.
  Time since last request: 0.000064 seconds.
  path: Assets/_Unity Essentials/Models/Furniture/Bed_Full_BR002.fbx
  artifactKey: Guid(f5b57253cc614354ab038fe6c358bb6e) Importer(2089858483,192608db42251d675da83286b1cce702)
Start importing Assets/_Unity Essentials/Models/Furniture/Bed_Full_BR002.fbx using Guid(f5b57253cc614354ab038fe6c358bb6e) Importer(2089858483,192608db42251d675da83286b1cce702) (ScriptedImporter)[PhysX] Initialized MultithreadedTaskDispatcher with 4 workers.
 -> (artifact id: '4af8c98d515b0d35a58d79f66f1df2e1') in 0.032320958 seconds
Number of updated asset objects reloaded before import = 0Number of asset objects unloaded after import = 19

========================================================================
Received Import Request.
  Time since last request: 0.001006 seconds.
  path: Assets/_Unity Essentials/Models/Furniture/LampTall.FBX
  artifactKey: Guid(ed0b608e38da5ea4092241c0bfa570cd) Importer(2089858483,192608db42251d675da83286b1cce702)
Start importing Assets/_Unity Essentials/Models/Furniture/LampTall.FBX using Guid(ed0b608e38da5ea4092241c0bfa570cd) Importer(2089858483,192608db42251d675da83286b1cce702) (ScriptedImporter)[PhysX] Initialized MultithreadedTaskDispatcher with 4 workers.
 -> (artifact id: '7777dab1e6a6559c687e52a192faa4d5') in 0.039838666 seconds
Number of updated asset objects reloaded before import = 0Number of asset objects unloaded after import = 19

========================================================================
Received Import Request.
  Time since last request: 0.000287 seconds.
  path: Assets/_Unity Essentials/Models/Furniture/ShelfWallSmall.FBX
  artifactKey: Guid(add76bfb7f499e74c8fdaa4711c5cbe2) Importer(2089858483,192608db42251d675da83286b1cce702)
Start importing Assets/_Unity Essentials/Models/Furniture/ShelfWallSmall.FBX using Guid(add76bfb7f499e74c8fdaa4711c5cbe2) Importer(2089858483,192608db42251d675da83286b1cce702) (ScriptedImporter)[PhysX] Initialized MultithreadedTaskDispatcher with 4 workers.
 -> (artifact id: 'ffe1165a1cae285aef449c64d9c78930') in 0.022167 seconds
Number of updated asset objects reloaded before import = 0Number of asset objects unloaded after import = 7

========================================================================
Received Import Request.
  Time since last request: 0.000175 seconds.
  path: Assets/_Unity Essentials/Models/Furniture/Bed_Full_BR004.fbx
  artifactKey: Guid(3bfe6d77896bc7d4699db53f75aaed07) Importer(2089858483,192608db42251d675da83286b1cce702)
Start importing Assets/_Unity Essentials/Models/Furniture/Bed_Full_BR004.fbx using Guid(3bfe6d77896bc7d4699db53f75aaed07) Importer(2089858483,192608db42251d675da83286b1cce702) (ScriptedImporter)[PhysX] Initialized MultithreadedTaskDispatcher with 4 workers.
 -> (artifact id: 'ffc11b37c8757042d444e01fd05704d6') in 0.036640625 seconds
Number of updated asset objects reloaded before import = 0Number of asset objects unloaded after import = 19

========================================================================
Received Import Request.
  Time since last request: 0.000112 seconds.
  path: Assets/_Unity Essentials/Models/Furniture/Chair_34in_BY001.fbx
  artifactKey: Guid(9be7587cbe2d7bf48a8f4baf79ec0d0a) Importer(2089858483,192608db42251d675da83286b1cce702)
Start importing Assets/_Unity Essentials/Models/Furniture/Chair_34in_BY001.fbx using Guid(9be7587cbe2d7bf48a8f4baf79ec0d0a) Importer(2089858483,192608db42251d675da83286b1cce702) (ScriptedImporter)[PhysX] Initialized MultithreadedTaskDispatcher with 4 workers.
 -> (artifact id: '34025acb53e8540f634237751f487ce2') in 0.117924708 seconds
Number of updated asset objects reloaded before import = 0Number of asset objects unloaded after import = 10

========================================================================
Received Import Request.
  Time since last request: 0.000120 seconds.
  path: Assets/_Unity Essentials/Models/Furniture/SofaDouble.FBX
  artifactKey: Guid(9355926401225a4439d9522f83f0b4c4) Importer(2089858483,192608db42251d675da83286b1cce702)
Start importing Assets/_Unity Essentials/Models/Furniture/SofaDouble.FBX using Guid(9355926401225a4439d9522f83f0b4c4) Importer(2089858483,192608db42251d675da83286b1cce702) (ScriptedImporter)[PhysX] Initialized MultithreadedTaskDispatcher with 4 workers.
 -> (artifact id: '2611f9a74a782a4c69416869cb144f4c') in 0.024707542 seconds
Number of updated asset objects reloaded before import = 0Number of asset objects unloaded after import = 7

========================================================================
Received Import Request.
  Time since last request: 0.000380 seconds.
  path: Assets/_Unity Essentials/Models/Furniture/Bed_Full_BR003.fbx
  artifactKey: Guid(3a654152bc1dec746a442dbb77b11571) Importer(2089858483,192608db42251d675da83286b1cce702)
Start importing Assets/_Unity Essentials/Models/Furniture/Bed_Full_BR003.fbx using Guid(3a654152bc1dec746a442dbb77b11571) Importer(2089858483,192608db42251d675da83286b1cce702) (ScriptedImporter)[PhysX] Initialized MultithreadedTaskDispatcher with 4 workers.
 -> (artifact id: 'f7ed8955eabcbc44a3d1ecc2d0fd94aa') in 0.024089916 seconds
Number of updated asset objects reloaded before import = 0Number of asset objects unloaded after import = 19

========================================================================
Received Import Request.
  Time since last request: 0.000092 seconds.
  path: Assets/_Unity Essentials/Fonts/Lora-Regular SDF.asset
  artifactKey: Guid(46d4660eedeaf406995fa1afed253fe0) Importer(2089858483,192608db42251d675da83286b1cce702)
Start importing Assets/_Unity Essentials/Fonts/Lora-Regular SDF.asset using Guid(46d4660eedeaf406995fa1afed253fe0) Importer(2089858483,192608db42251d675da83286b1cce702) (ScriptedImporter)[PhysX] Initialized MultithreadedTaskDispatcher with 4 workers.
 -> (artifact id: '80a8d6ba0b897d9f10c3f5e632c75d74') in 0.041791875 seconds
Number of updated asset objects reloaded before import = 0Number of asset objects unloaded after import = 3

========================================================================
Received Import Request.
  Time since last request: 0.000077 seconds.
  path: Assets/_Unity Essentials/Audio/Sound FX/SFX_Blip.wav
  artifactKey: Guid(9217f9fb9c9914260b4ccb50d76d9fc9) Importer(2089858483,192608db42251d675da83286b1cce702)
Start importing Assets/_Unity Essentials/Audio/Sound FX/SFX_Blip.wav using Guid(9217f9fb9c9914260b4ccb50d76d9fc9) Importer(2089858483,192608db42251d675da83286b1cce702) (ScriptedImporter)[PhysX] Initialized MultithreadedTaskDispatcher with 4 workers.
 -> (artifact id: '99570d3b1753a721df7bc4de3beaa272') in 0.042373041 seconds
Number of updated asset objects reloaded before import = 0Number of asset objects unloaded after import = 1

========================================================================
Received Import Request.
  Time since last request: 0.000083 seconds.
  path: Assets/_Unity Essentials/Models/Kitchen/Refrigerator_30Wx26.5Dx70H_KN002.fbx
  artifactKey: Guid(5d0f5a2ce8918094a80391d9c7eb5dd0) Importer(2089858483,192608db42251d675da83286b1cce702)
Start importing Assets/_Unity Essentials/Models/Kitchen/Refrigerator_30Wx26.5Dx70H_KN002.fbx using Guid(5d0f5a2ce8918094a80391d9c7eb5dd0) Importer(2089858483,192608db42251d675da83286b1cce702) (ScriptedImporter)[PhysX] Initialized MultithreadedTaskDispatcher with 4 workers.
 -> (artifact id: '643bfe5c118efdb171a544e470b3e68d') in 0.032993209 seconds
Number of updated asset objects reloaded before import = 0Number of asset objects unloaded after import = 9

========================================================================
Received Import Request.
  Time since last request: 0.000070 seconds.
  path: Assets/_Unity Essentials/Models/Numbers/3.fbx
  artifactKey: Guid(4b71f3f3b82294b94982ec69e0febf46) Importer(2089858483,192608db42251d675da83286b1cce702)
Start importing Assets/_Unity Essentials/Models/Numbers/3.fbx using Guid(4b71f3f3b82294b94982ec69e0febf46) Importer(2089858483,192608db42251d675da83286b1cce702) (ScriptedImporter)[PhysX] Initialized MultithreadedTaskDispatcher with 4 workers.
 -> (artifact id: '9bede7947f4577c7c2d17c45d084247e') in 0.016479917 seconds
Number of updated asset objects reloaded before import = 0Number of asset objects unloaded after import = 7

========================================================================
Received Import Request.
  Time since last request: 0.000156 seconds.
  path: Assets/_Unity Essentials/Models/Kitchen/PaperTowel_Dispenser_14in_KN001.fbx
  artifactKey: Guid(d288ddd8450603e4e86c92721048e29b) Importer(2089858483,192608db42251d675da83286b1cce702)
Start importing Assets/_Unity Essentials/Models/Kitchen/PaperTowel_Dispenser_14in_KN001.fbx using Guid(d288ddd8450603e4e86c92721048e29b) Importer(2089858483,192608db42251d675da83286b1cce702) (ScriptedImporter)[PhysX] Initialized MultithreadedTaskDispatcher with 4 workers.
 -> (artifact id: 'a6a483d9ee06d71ec8ec6c37491f4782') in 0.02754425 seconds
Number of updated asset objects reloaded before import = 0Number of asset objects unloaded after import = 9

========================================================================
Received Import Request.
  Time since last request: 0.000072 seconds.
  path: Assets/_Unity Essentials/Models/Numbers/2.fbx
  artifactKey: Guid(67a4edc812b414f08ab46c3f8c03030f) Importer(2089858483,192608db42251d675da83286b1cce702)
Start importing Assets/_Unity Essentials/Models/Numbers/2.fbx using Guid(67a4edc812b414f08ab46c3f8c03030f) Importer(2089858483,192608db42251d675da83286b1cce702) (ScriptedImporter)[PhysX] Initialized MultithreadedTaskDispatcher with 4 workers.
 -> (artifact id: '27741088568239b953576b5814267cff') in 0.033329166 seconds
Number of updated asset objects reloaded before import = 0Number of asset objects unloaded after import = 7

========================================================================
Received Import Request.
  Time since last request: 0.000132 seconds.
  path: Assets/_Unity Essentials/Models/Numbers/1.fbx
  artifactKey: Guid(ca3ced632534d4ef0a4355c123f06d28) Importer(2089858483,192608db42251d675da83286b1cce702)
Start importing Assets/_Unity Essentials/Models/Numbers/1.fbx using Guid(ca3ced632534d4ef0a4355c123f06d28) Importer(2089858483,192608db42251d675da83286b1cce702) (ScriptedImporter)[PhysX] Initialized MultithreadedTaskDispatcher with 4 workers.
 -> (artifact id: 'f98d33a2a53f7da8a50fef38b7f6d21f') in 0.019716208 seconds
Number of updated asset objects reloaded before import = 0Number of asset objects unloaded after import = 7

========================================================================
Received Import Request.
  Time since last request: 0.000085 seconds.
  path: Assets/_Unity Essentials/Models/Kitchen/FryPan_10in_KN001.fbx
  artifactKey: Guid(e98c6ed29572ab949b1867b8596b07d0) Importer(2089858483,192608db42251d675da83286b1cce702)
Start importing Assets/_Unity Essentials/Models/Kitchen/FryPan_10in_KN001.fbx using Guid(e98c6ed29572ab949b1867b8596b07d0) Importer(2089858483,192608db42251d675da83286b1cce702) (ScriptedImporter)[PhysX] Initialized MultithreadedTaskDispatcher with 4 workers.
 -> (artifact id: 'a326853569974bf8ce87f3ad66778d95') in 0.029359792 seconds
Number of updated asset objects reloaded before import = 0Number of asset objects unloaded after import = 16

========================================================================
Received Import Request.
  Time since last request: 0.000087 seconds.
  path: Assets/_Unity Essentials/Models/Kitchen/CabinetLower_Backsplash_15Wx24Dx36H_KN001a.fbx
  artifactKey: Guid(17375844b831e7d40b837f42d6911973) Importer(2089858483,192608db42251d675da83286b1cce702)
Start importing Assets/_Unity Essentials/Models/Kitchen/CabinetLower_Backsplash_15Wx24Dx36H_KN001a.fbx using Guid(17375844b831e7d40b837f42d6911973) Importer(2089858483,192608db42251d675da83286b1cce702) (ScriptedImporter)[PhysX] Initialized MultithreadedTaskDispatcher with 4 workers.
 -> (artifact id: 'af420b421a521bf1de9f2ab5eb3e0afb') in 0.058358458 seconds
Number of updated asset objects reloaded before import = 0Number of asset objects unloaded after import = 33

========================================================================
Received Import Request.
  Time since last request: 0.000114 seconds.
  path: Assets/_Unity Essentials/Models/Outdoor/Box_350x250x200_Mesh.fbx
  artifactKey: Guid(c6a55ba99e9e99d41b7eef123e311a43) Importer(2089858483,192608db42251d675da83286b1cce702)
Start importing Assets/_Unity Essentials/Models/Outdoor/Box_350x250x200_Mesh.fbx using Guid(c6a55ba99e9e99d41b7eef123e311a43) Importer(2089858483,192608db42251d675da83286b1cce702) (ScriptedImporter)[PhysX] Initialized MultithreadedTaskDispatcher with 4 workers.
 -> (artifact id: '63b6ec8aba4aa088951747083bf79b2a') in 0.024734542 seconds
Number of updated asset objects reloaded before import = 0Number of asset objects unloaded after import = 8

========================================================================
Received Import Request.
  Time since last request: 0.000075 seconds.
  path: Assets/_Unity Essentials/Models/Outdoor/Fence_DogEar_2ft_BY001.fbx
  artifactKey: Guid(86912ec05db87a64b952d4d863bcaf0a) Importer(2089858483,192608db42251d675da83286b1cce702)
Start importing Assets/_Unity Essentials/Models/Outdoor/Fence_DogEar_2ft_BY001.fbx using Guid(86912ec05db87a64b952d4d863bcaf0a) Importer(2089858483,192608db42251d675da83286b1cce702) (ScriptedImporter)[PhysX] Initialized MultithreadedTaskDispatcher with 4 workers.
 -> (artifact id: '59c02d4d8692c99d84069f4be87f25fa') in 0.026792208 seconds
Number of updated asset objects reloaded before import = 0Number of asset objects unloaded after import = 9

========================================================================
Received Import Request.
  Time since last request: 0.000084 seconds.
  path: Assets/_Unity Essentials/Models/Outdoor/Box_350x250x300_Mesh.fbx
  artifactKey: Guid(d2f0da3998423f44594868ffed55c3e6) Importer(2089858483,192608db42251d675da83286b1cce702)
Start importing Assets/_Unity Essentials/Models/Outdoor/Box_350x250x300_Mesh.fbx using Guid(d2f0da3998423f44594868ffed55c3e6) Importer(2089858483,192608db42251d675da83286b1cce702) (ScriptedImporter)[PhysX] Initialized MultithreadedTaskDispatcher with 4 workers.
 -> (artifact id: 'ed19bad57c3d15637aa7d050b89fbec4') in 0.034637375 seconds
Number of updated asset objects reloaded before import = 0Number of asset objects unloaded after import = 8

========================================================================
Received Import Request.
  Time since last request: 0.000062 seconds.
  path: Assets/_Unity Essentials/Models/Objects/AlarmClock_BR001.fbx
  artifactKey: Guid(ca7535859821de8418382453fe167052) Importer(2089858483,192608db42251d675da83286b1cce702)
Start importing Assets/_Unity Essentials/Models/Objects/AlarmClock_BR001.fbx using Guid(ca7535859821de8418382453fe167052) Importer(2089858483,192608db42251d675da83286b1cce702) (ScriptedImporter)[PhysX] Initialized MultithreadedTaskDispatcher with 4 workers.
 -> (artifact id: '246106083aaab62d4206f150b0b45de0') in 0.027303208 seconds
Number of updated asset objects reloaded before import = 0Number of asset objects unloaded after import = 9

========================================================================
Received Import Request.
  Time since last request: 0.000086 seconds.
  path: Assets/_Unity Essentials/Models/Objects/Mug.FBX
  artifactKey: Guid(ecbd93ac9b16a704d81261a53ee644da) Importer(2089858483,192608db42251d675da83286b1cce702)
Start importing Assets/_Unity Essentials/Models/Objects/Mug.FBX using Guid(ecbd93ac9b16a704d81261a53ee644da) Importer(2089858483,192608db42251d675da83286b1cce702) (ScriptedImporter)[PhysX] Initialized MultithreadedTaskDispatcher with 4 workers.
 -> (artifact id: '7e472f0818d6bc874fe62733d309c94b') in 0.017202625 seconds
Number of updated asset objects reloaded before import = 0Number of asset objects unloaded after import = 7

========================================================================
Received Import Request.
  Time since last request: 0.000088 seconds.
  path: Assets/_Unity Essentials/Models/Outdoor/ArrowHoop.FBX
  artifactKey: Guid(0c722d2f46b524df68da1dbc2fca9a79) Importer(2089858483,192608db42251d675da83286b1cce702)
Start importing Assets/_Unity Essentials/Models/Outdoor/ArrowHoop.FBX using Guid(0c722d2f46b524df68da1dbc2fca9a79) Importer(2089858483,192608db42251d675da83286b1cce702) (ScriptedImporter)[PhysX] Initialized MultithreadedTaskDispatcher with 4 workers.
 -> (artifact id: '5321364428f770ccf1f98d2b4272a291') in 0.019033917 seconds
Number of updated asset objects reloaded before import = 0Number of asset objects unloaded after import = 19

========================================================================
Received Import Request.
  Time since last request: 0.000098 seconds.
  path: Assets/_Unity Essentials/Models/Floor/RugRectangleLong.FBX
  artifactKey: Guid(7b6f02aac770b3646bfa9301fd659536) Importer(2089858483,192608db42251d675da83286b1cce702)
Start importing Assets/_Unity Essentials/Models/Floor/RugRectangleLong.FBX using Guid(7b6f02aac770b3646bfa9301fd659536) Importer(2089858483,192608db42251d675da83286b1cce702) (ScriptedImporter)[PhysX] Initialized MultithreadedTaskDispatcher with 4 workers.
 -> (artifact id: '708efdd84cc30490ebae79fef974314e') in 0.032171833 seconds
Number of updated asset objects reloaded before import = 0Number of asset objects unloaded after import = 7

========================================================================
Received Import Request.
  Time since last request: 0.000102 seconds.
  path: Assets/_Unity Essentials/Models/Kitchen/CabinetLower_Backsplash_30Wx24Dx36H_KN001a.fbx
  artifactKey: Guid(ce7f2e955080e344888dc16146705f75) Importer(2089858483,192608db42251d675da83286b1cce702)
Start importing Assets/_Unity Essentials/Models/Kitchen/CabinetLower_Backsplash_30Wx24Dx36H_KN001a.fbx using Guid(ce7f2e955080e344888dc16146705f75) Importer(2089858483,192608db42251d675da83286b1cce702) (ScriptedImporter)[PhysX] Initialized MultithreadedTaskDispatcher with 4 workers.
 -> (artifact id: '3881075896758b13ddc1cb62375e831e') in 0.03384525 seconds
Number of updated asset objects reloaded before import = 0Number of asset objects unloaded after import = 53

========================================================================
Received Import Request.
  Time since last request: 0.000119 seconds.
  path: Assets/_Unity Essentials/Materials/Outdoor/White.mat
  artifactKey: Guid(bc4b2d6ed01096b4c967bbcdd11a0379) Importer(2089858483,192608db42251d675da83286b1cce702)
Start importing Assets/_Unity Essentials/Materials/Outdoor/White.mat using Guid(bc4b2d6ed01096b4c967bbcdd11a0379) Importer(2089858483,192608db42251d675da83286b1cce702) (ScriptedImporter)[PhysX] Initialized MultithreadedTaskDispatcher with 4 workers.
 -> (artifact id: 'dfc6d06735957b6a00a014a2f16de2c4') in 0.008761333 seconds
Number of updated asset objects reloaded before import = 0Number of asset objects unloaded after import = 1

========================================================================
Received Import Request.
  Time since last request: 0.000160 seconds.
  path: Assets/_Unity Essentials/Models/Outdoor/Flagstone_3in_BY002.fbx
  artifactKey: Guid(edf2d40583999b34c8b452fffd98b8fd) Importer(2089858483,192608db42251d675da83286b1cce702)
Start importing Assets/_Unity Essentials/Models/Outdoor/Flagstone_3in_BY002.fbx using Guid(edf2d40583999b34c8b452fffd98b8fd) Importer(2089858483,192608db42251d675da83286b1cce702) (ScriptedImporter)[PhysX] Initialized MultithreadedTaskDispatcher with 4 workers.
 -> (artifact id: '7f7390ddfdc9c7f6335fb70acca58024') in 0.032971208 seconds
Number of updated asset objects reloaded before import = 0Number of asset objects unloaded after import = 9

========================================================================
Received Import Request.
  Time since last request: 0.000107 seconds.
  path: Assets/_Unity Essentials/Models/Outdoor/Fence_DogEar_Gate_48in_BY001.fbx
  artifactKey: Guid(1a4a651ee7121a043975a861ab6a03f2) Importer(2089858483,192608db42251d675da83286b1cce702)
Start importing Assets/_Unity Essentials/Models/Outdoor/Fence_DogEar_Gate_48in_BY001.fbx using Guid(1a4a651ee7121a043975a861ab6a03f2) Importer(2089858483,192608db42251d675da83286b1cce702) (ScriptedImporter)[PhysX] Initialized MultithreadedTaskDispatcher with 4 workers.
 -> (artifact id: '881206abc772e219066acd00eea56ff0') in 0.025832916 seconds
Number of updated asset objects reloaded before import = 0Number of asset objects unloaded after import = 9

========================================================================
Received Import Request.
  Time since last request: 0.000100 seconds.
  path: Assets/_Unity Essentials/Models/Outdoor/Tree_30ft_BY001.fbx
  artifactKey: Guid(4a7eaeeb118ee9a4ba76b6c26a08b71d) Importer(2089858483,192608db42251d675da83286b1cce702)
Start importing Assets/_Unity Essentials/Models/Outdoor/Tree_30ft_BY001.fbx using Guid(4a7eaeeb118ee9a4ba76b6c26a08b71d) Importer(2089858483,192608db42251d675da83286b1cce702) (ScriptedImporter)[PhysX] Initialized MultithreadedTaskDispatcher with 4 workers.
 -> (artifact id: '7cc617de42cc0f22e1ef02bccc2431e7') in 0.023751 seconds
Number of updated asset objects reloaded before import = 0Number of asset objects unloaded after import = 9

========================================================================
Received Import Request.
  Time since last request: 0.000070 seconds.
  path: Assets/_Unity Essentials/Models/Outdoor/Umbrella_7ft_BY001.fbx
  artifactKey: Guid(afabd357a88071841b839e72c0cda077) Importer(2089858483,192608db42251d675da83286b1cce702)
Start importing Assets/_Unity Essentials/Models/Outdoor/Umbrella_7ft_BY001.fbx using Guid(afabd357a88071841b839e72c0cda077) Importer(2089858483,192608db42251d675da83286b1cce702) (ScriptedImporter)[PhysX] Initialized MultithreadedTaskDispatcher with 4 workers.
 -> (artifact id: '9f9d9a30a912742513f6a0dcd636946e') in 0.038286542 seconds
Number of updated asset objects reloaded before import = 0Number of asset objects unloaded after import = 16

========================================================================
Received Import Request.
  Time since last request: 0.000102 seconds.
  path: Assets/_Unity Essentials/Models/Shapes/Cone.obj
  artifactKey: Guid(e33616ff815f84c9dabd09123a9f8d13) Importer(2089858483,192608db42251d675da83286b1cce702)
Start importing Assets/_Unity Essentials/Models/Shapes/Cone.obj using Guid(e33616ff815f84c9dabd09123a9f8d13) Importer(2089858483,192608db42251d675da83286b1cce702) (ScriptedImporter)[PhysX] Initialized MultithreadedTaskDispatcher with 4 workers.
 -> (artifact id: 'bb277dcfc024ca49609f7e0a0bdbf017') in 0.019010958 seconds
Number of updated asset objects reloaded before import = 0Number of asset objects unloaded after import = 10

========================================================================
Received Import Request.
  Time since last request: 0.000217 seconds.
  path: Assets/_Unity Essentials/Models/Shapes/Cylinder.obj
  artifactKey: Guid(681d5f2ce3fe74cc794f40c53b8b3414) Importer(2089858483,192608db42251d675da83286b1cce702)
Start importing Assets/_Unity Essentials/Models/Shapes/Cylinder.obj using Guid(681d5f2ce3fe74cc794f40c53b8b3414) Importer(2089858483,192608db42251d675da83286b1cce702) (ScriptedImporter)[PhysX] Initialized MultithreadedTaskDispatcher with 4 workers.
 -> (artifact id: '66d908fc230468ed30b01e65a9dc4d34') in 0.021811 seconds
Number of updated asset objects reloaded before import = 0Number of asset objects unloaded after import = 10

========================================================================
Received Import Request.
  Time since last request: 0.000102 seconds.
  path: Assets/_Unity Essentials/Models/Outdoor/Playset_Swings_BY001.fbx
  artifactKey: Guid(926a3cd56b9ce974da53f290d50feed5) Importer(2089858483,192608db42251d675da83286b1cce702)
Start importing Assets/_Unity Essentials/Models/Outdoor/Playset_Swings_BY001.fbx using Guid(926a3cd56b9ce974da53f290d50feed5) Importer(2089858483,192608db42251d675da83286b1cce702) (ScriptedImporter)[PhysX] Initialized MultithreadedTaskDispatcher with 4 workers.
 -> (artifact id: '080308355d1aaf0616289b208d54717e') in 0.028817459 seconds
Number of updated asset objects reloaded before import = 0Number of asset objects unloaded after import = 9

========================================================================
Received Import Request.
  Time since last request: 0.000159 seconds.
  path: Assets/_Unity Essentials/Fonts/Caveat-Regular SDF.asset
  artifactKey: Guid(18eb93125c4dc48309f35bea3f9afe65) Importer(2089858483,192608db42251d675da83286b1cce702)
Start importing Assets/_Unity Essentials/Fonts/Caveat-Regular SDF.asset using Guid(18eb93125c4dc48309f35bea3f9afe65) Importer(2089858483,192608db42251d675da83286b1cce702) (ScriptedImporter)[PhysX] Initialized MultithreadedTaskDispatcher with 4 workers.
 -> (artifact id: '091ebd29eab2311ba61f8d49c9f69c1f') in 0.066089917 seconds
Number of updated asset objects reloaded before import = 0Number of asset objects unloaded after import = 3

========================================================================
Received Import Request.
  Time since last request: 0.000135 seconds.
  path: Assets/_Unity Essentials/Models/Shapes/Prism.obj
  artifactKey: Guid(f7f651042bc334c44b3a4a15c476a114) Importer(2089858483,192608db42251d675da83286b1cce702)
Start importing Assets/_Unity Essentials/Models/Shapes/Prism.obj using Guid(f7f651042bc334c44b3a4a15c476a114) Importer(2089858483,192608db42251d675da83286b1cce702) (ScriptedImporter)[PhysX] Initialized MultithreadedTaskDispatcher with 4 workers.
 -> (artifact id: '33bdef86098af346fefe956f96062e1c') in 0.019048375 seconds
Number of updated asset objects reloaded before import = 0Number of asset objects unloaded after import = 10

========================================================================
Received Import Request.
  Time since last request: 0.000103 seconds.
  path: Assets/_Unity Essentials/Models/Walls/WallCornerInner.FBX
  artifactKey: Guid(f63deedad9c61c54a975dc8c4b495ab9) Importer(2089858483,192608db42251d675da83286b1cce702)
Start importing Assets/_Unity Essentials/Models/Walls/WallCornerInner.FBX using Guid(f63deedad9c61c54a975dc8c4b495ab9) Importer(2089858483,192608db42251d675da83286b1cce702) (ScriptedImporter)[PhysX] Initialized MultithreadedTaskDispatcher with 4 workers.
 -> (artifact id: '2626d55646eec810e47b59ad04811836') in 0.027718417 seconds
Number of updated asset objects reloaded before import = 0Number of asset objects unloaded after import = 15

========================================================================
Received Import Request.
  Time since last request: 0.000147 seconds.
  path: Assets/_Unity Essentials/Models/Walls/WallWindow4m.FBX
  artifactKey: Guid(8863c6b0edff5d841a9b167b0eb14857) Importer(2089858483,192608db42251d675da83286b1cce702)
Start importing Assets/_Unity Essentials/Models/Walls/WallWindow4m.FBX using Guid(8863c6b0edff5d841a9b167b0eb14857) Importer(2089858483,192608db42251d675da83286b1cce702) (ScriptedImporter)[PhysX] Initialized MultithreadedTaskDispatcher with 4 workers.
 -> (artifact id: '5b01ada4b6dc24b157c9d3391c429852') in 0.046413917 seconds
Number of updated asset objects reloaded before import = 0Number of asset objects unloaded after import = 25

========================================================================
Received Import Request.
  Time since last request: 0.000084 seconds.
  path: Assets/_Unity Essentials/Models/Walls/WallWindow2mCurtain.FBX
  artifactKey: Guid(7b993b5437c36da42a57c50b3986453d) Importer(2089858483,192608db42251d675da83286b1cce702)
Start importing Assets/_Unity Essentials/Models/Walls/WallWindow2mCurtain.FBX using Guid(7b993b5437c36da42a57c50b3986453d) Importer(2089858483,192608db42251d675da83286b1cce702) (ScriptedImporter)[PhysX] Initialized MultithreadedTaskDispatcher with 4 workers.
 -> (artifact id: 'c5d1cd1ba64175610ffc99ce4ee97637') in 0.020456208 seconds
Number of updated asset objects reloaded before import = 0Number of asset objects unloaded after import = 14

========================================================================
Received Import Request.
  Time since last request: 0.000107 seconds.
  path: Assets/_Unity Essentials/Models/Walls/Door.FBX
  artifactKey: Guid(eb1ea10424b1fd54a911d11e956ea492) Importer(2089858483,192608db42251d675da83286b1cce702)
Start importing Assets/_Unity Essentials/Models/Walls/Door.FBX using Guid(eb1ea10424b1fd54a911d11e956ea492) Importer(2089858483,192608db42251d675da83286b1cce702) (ScriptedImporter)[PhysX] Initialized MultithreadedTaskDispatcher with 4 workers.
 -> (artifact id: 'c4eea85e49db6eccf36a898d074e2f67') in 0.018249625 seconds
Number of updated asset objects reloaded before import = 0Number of asset objects unloaded after import = 19

========================================================================
Received Import Request.
  Time since last request: 0.000127 seconds.
  path: Assets/_Unity Essentials/Models/Walls/Gallery_Model.FBX
  artifactKey: Guid(b746934433764f2428abd80824c5a1c4) Importer(2089858483,192608db42251d675da83286b1cce702)
Start importing Assets/_Unity Essentials/Models/Walls/Gallery_Model.FBX using Guid(b746934433764f2428abd80824c5a1c4) Importer(2089858483,192608db42251d675da83286b1cce702) (ScriptedImporter)[PhysX] Initialized MultithreadedTaskDispatcher with 4 workers.
 -> (artifact id: 'ae3171863e48778cbf536941fcb4a095') in 0.151342709 seconds
Number of updated asset objects reloaded before import = 0Number of asset objects unloaded after import = 189

========================================================================
Received Import Request.
  Time since last request: 0.000089 seconds.
  path: Assets/_Unity Essentials/Prefabs/Bedroom/Bed_Full_BR003.prefab
  artifactKey: Guid(1cc3d39ab77cc574e98cd5b0d3c1d451) Importer(2089858483,192608db42251d675da83286b1cce702)
Start importing Assets/_Unity Essentials/Prefabs/Bedroom/Bed_Full_BR003.prefab using Guid(1cc3d39ab77cc574e98cd5b0d3c1d451) Importer(2089858483,192608db42251d675da83286b1cce702) (ScriptedImporter)[PhysX] Initialized MultithreadedTaskDispatcher with 4 workers.
 -> (artifact id: '27382168bb1d43bd45e8fc6321a440bb') in 0.019942166 seconds
Number of updated asset objects reloaded before import = 0Number of asset objects unloaded after import = 35

========================================================================
Received Import Request.
  Time since last request: 0.000108 seconds.
  path: Assets/_Unity Essentials/Prefabs/Bedroom/Bed_Full_BR002.prefab
  artifactKey: Guid(b7e85c7557e782140a327c59e13dcefe) Importer(2089858483,192608db42251d675da83286b1cce702)
Start importing Assets/_Unity Essentials/Prefabs/Bedroom/Bed_Full_BR002.prefab using Guid(b7e85c7557e782140a327c59e13dcefe) Importer(2089858483,192608db42251d675da83286b1cce702) (ScriptedImporter)[PhysX] Initialized MultithreadedTaskDispatcher with 4 workers.
 -> (artifact id: '895adab7088d34fdbbeeb398d2c01490') in 0.009254083 seconds
Number of updated asset objects reloaded before import = 0Number of asset objects unloaded after import = 35

========================================================================
Received Import Request.
  Time since last request: 0.000104 seconds.
  path: Assets/_Unity Essentials/Prefabs/Bedroom/Bed_Twin_BR001.prefab
  artifactKey: Guid(e09fd6641968dd24f872095faa9cd315) Importer(2089858483,192608db42251d675da83286b1cce702)
Start importing Assets/_Unity Essentials/Prefabs/Bedroom/Bed_Twin_BR001.prefab using Guid(e09fd6641968dd24f872095faa9cd315) Importer(2089858483,192608db42251d675da83286b1cce702) (ScriptedImporter)[PhysX] Initialized MultithreadedTaskDispatcher with 4 workers.
 -> (artifact id: '42c7eb74561a02978b4df3b3cc23d1c3') in 0.008462209 seconds
Number of updated asset objects reloaded before import = 0Number of asset objects unloaded after import = 26

========================================================================
Received Import Request.
  Time since last request: 0.000095 seconds.
  path: Assets/_Unity Essentials/Prefabs/Bedroom/BasketBallNet.prefab
  artifactKey: Guid(5ec0568b9f014415a9dca3d459feb03a) Importer(2089858483,192608db42251d675da83286b1cce702)
Start importing Assets/_Unity Essentials/Prefabs/Bedroom/BasketBallNet.prefab using Guid(5ec0568b9f014415a9dca3d459feb03a) Importer(2089858483,192608db42251d675da83286b1cce702) (ScriptedImporter)[PhysX] Initialized MultithreadedTaskDispatcher with 4 workers.
 -> (artifact id: '84dc5d38fcbc5514f832422111e1e639') in 0.024550833 seconds
Number of updated asset objects reloaded before import = 0Number of asset objects unloaded after import = 34

========================================================================
Received Import Request.
  Time since last request: 0.000072 seconds.
  path: Assets/_Unity Essentials/Models/Walls/WallWindowTall4m.FBX
  artifactKey: Guid(e2fe106ccb1596149b8d7ba664b56bc9) Importer(2089858483,192608db42251d675da83286b1cce702)
Start importing Assets/_Unity Essentials/Models/Walls/WallWindowTall4m.FBX using Guid(e2fe106ccb1596149b8d7ba664b56bc9) Importer(2089858483,192608db42251d675da83286b1cce702) (ScriptedImporter)[PhysX] Initialized MultithreadedTaskDispatcher with 4 workers.
 -> (artifact id: '5e6b5e55f67ce6c5a218d3b34aad05b0') in 0.030145542 seconds
Number of updated asset objects reloaded before import = 0Number of asset objects unloaded after import = 25

========================================================================
Received Import Request.
  Time since last request: 0.000123 seconds.
  path: Assets/_Unity Essentials/Prefabs/Bedroom/Bed_Twin_BR003.prefab
  artifactKey: Guid(dfd00ca081029ba4db3c4e1b8b424e5a) Importer(2089858483,192608db42251d675da83286b1cce702)
Start importing Assets/_Unity Essentials/Prefabs/Bedroom/Bed_Twin_BR003.prefab using Guid(dfd00ca081029ba4db3c4e1b8b424e5a) Importer(2089858483,192608db42251d675da83286b1cce702) (ScriptedImporter)[PhysX] Initialized MultithreadedTaskDispatcher with 4 workers.
 -> (artifact id: 'efc3c07362bfa458ee91a0e08c581cfc') in 0.007462667 seconds
Number of updated asset objects reloaded before import = 0Number of asset objects unloaded after import = 26

========================================================================
Received Import Request.
  Time since last request: 0.000083 seconds.
  path: Assets/_Unity Essentials/Models/Furniture/LaundryBasket_Tall_BR001.fbx
  artifactKey: Guid(0bc318dad3cf72145b34e2ef96b0f4a7) Importer(2089858483,192608db42251d675da83286b1cce702)
Start importing Assets/_Unity Essentials/Models/Furniture/LaundryBasket_Tall_BR001.fbx using Guid(0bc318dad3cf72145b34e2ef96b0f4a7) Importer(2089858483,192608db42251d675da83286b1cce702) (ScriptedImporter)[PhysX] Initialized MultithreadedTaskDispatcher with 4 workers.
 -> (artifact id: 'e62b23c5025cea7fee29a075376f0886') in 0.042431 seconds
Number of updated asset objects reloaded before import = 0Number of asset objects unloaded after import = 9

========================================================================
Received Import Request.
  Time since last request: 0.000102 seconds.
  path: Assets/_Unity Essentials/Models/Furniture/ChairDiningB.FBX
  artifactKey: Guid(bbe64abbc81b39741946449b7bfced14) Importer(2089858483,192608db42251d675da83286b1cce702)
Start importing Assets/_Unity Essentials/Models/Furniture/ChairDiningB.FBX using Guid(bbe64abbc81b39741946449b7bfced14) Importer(2089858483,192608db42251d675da83286b1cce702) (ScriptedImporter)[PhysX] Initialized MultithreadedTaskDispatcher with 4 workers.
 -> (artifact id: '1d6200bf3d8d7d436add5048fdbc6f4e') in 0.017454208 seconds
Number of updated asset objects reloaded before import = 0Number of asset objects unloaded after import = 7

========================================================================
Received Import Request.
  Time since last request: 0.000090 seconds.
  path: Assets/_Unity Essentials/Prefabs/Bedroom/RugRectangleSmall_Gray.prefab
  artifactKey: Guid(461d95629372d4be9a0e6bf6edc3f274) Importer(2089858483,192608db42251d675da83286b1cce702)
Start importing Assets/_Unity Essentials/Prefabs/Bedroom/RugRectangleSmall_Gray.prefab using Guid(461d95629372d4be9a0e6bf6edc3f274) Importer(2089858483,192608db42251d675da83286b1cce702) (ScriptedImporter)[PhysX] Initialized MultithreadedTaskDispatcher with 4 workers.
 -> (artifact id: '66ac8eff069338df19df90081804c2ec') in 0.011879709 seconds
Number of updated asset objects reloaded before import = 0Number of asset objects unloaded after import = 7

========================================================================
Received Import Request.
  Time since last request: 0.000071 seconds.
  path: Assets/_Unity Essentials/Prefabs/Characters/Mouse.prefab
  artifactKey: Guid(dddc3ae9a1ed446b6bf9d7ee0a2433a2) Importer(2089858483,192608db42251d675da83286b1cce702)
Start importing Assets/_Unity Essentials/Prefabs/Characters/Mouse.prefab using Guid(dddc3ae9a1ed446b6bf9d7ee0a2433a2) Importer(2089858483,192608db42251d675da83286b1cce702) (ScriptedImporter)[PhysX] Initialized MultithreadedTaskDispatcher with 4 workers.
 -> (artifact id: 'd5bce717ee701dce75be82f7e3b2089f') in 0.021789917 seconds
Number of updated asset objects reloaded before import = 0Number of asset objects unloaded after import = 91

========================================================================
Received Import Request.
  Time since last request: 0.000081 seconds.
  path: Assets/_Unity Essentials/Prefabs/Bedroom/LaundryBasket_Round_BR001.prefab
  artifactKey: Guid(4fcf4a2a562c9ae46aa7cbc04c91beef) Importer(2089858483,192608db42251d675da83286b1cce702)
Start importing Assets/_Unity Essentials/Prefabs/Bedroom/LaundryBasket_Round_BR001.prefab using Guid(4fcf4a2a562c9ae46aa7cbc04c91beef) Importer(2089858483,192608db42251d675da83286b1cce702) (ScriptedImporter)[PhysX] Initialized MultithreadedTaskDispatcher with 4 workers.
 -> (artifact id: '695c625f0c0a99f33e7c79b45b79476d') in 0.016882334 seconds
Number of updated asset objects reloaded before import = 0Number of asset objects unloaded after import = 16

========================================================================
Received Import Request.
  Time since last request: 0.000096 seconds.
  path: Assets/_Unity Essentials/Prefabs/Bedroom/RugRectangleLarge_Green.prefab
  artifactKey: Guid(5cb5d240912184cc78a6f3538da6fc90) Importer(2089858483,192608db42251d675da83286b1cce702)
Start importing Assets/_Unity Essentials/Prefabs/Bedroom/RugRectangleLarge_Green.prefab using Guid(5cb5d240912184cc78a6f3538da6fc90) Importer(2089858483,192608db42251d675da83286b1cce702) (ScriptedImporter)[PhysX] Initialized MultithreadedTaskDispatcher with 4 workers.
 -> (artifact id: '93147d503e4b1ec61ef691562d023294') in 0.028275959 seconds
Number of updated asset objects reloaded before import = 0Number of asset objects unloaded after import = 7

========================================================================
Received Import Request.
  Time since last request: 0.000109 seconds.
  path: Assets/_Unity Essentials/Prefabs/Bedroom/RugRectangleLong_Teal.prefab
  artifactKey: Guid(8791be2edadab4f0a95950738c75adce) Importer(2089858483,192608db42251d675da83286b1cce702)
Start importing Assets/_Unity Essentials/Prefabs/Bedroom/RugRectangleLong_Teal.prefab using Guid(8791be2edadab4f0a95950738c75adce) Importer(2089858483,192608db42251d675da83286b1cce702) (ScriptedImporter)[PhysX] Initialized MultithreadedTaskDispatcher with 4 workers.
 -> (artifact id: '5ff207b6869e9fcec7d45b06c7671caf') in 0.011086292 seconds
Number of updated asset objects reloaded before import = 0Number of asset objects unloaded after import = 7

========================================================================
Received Import Request.
  Time since last request: 0.000112 seconds.
  path: Assets/_Unity Essentials/Prefabs/Characters/Car_Racing.prefab
  artifactKey: Guid(b1b1d5422f9604f19b5b88a945ebb435) Importer(2089858483,192608db42251d675da83286b1cce702)
Start importing Assets/_Unity Essentials/Prefabs/Characters/Car_Racing.prefab using Guid(b1b1d5422f9604f19b5b88a945ebb435) Importer(2089858483,192608db42251d675da83286b1cce702) (ScriptedImporter)[PhysX] Initialized MultithreadedTaskDispatcher with 4 workers.
 -> (artifact id: 'ea5c2dcca4fff3fa2d88dad8100e5f6d') in 0.011739833 seconds
Number of updated asset objects reloaded before import = 0Number of asset objects unloaded after import = 73

========================================================================
Received Import Request.
  Time since last request: 0.000163 seconds.
  path: Assets/_Unity Essentials/Prefabs/Characters/DumpTruck.prefab
  artifactKey: Guid(7ec7972768a5240e09fed7f9a543d943) Importer(2089858483,192608db42251d675da83286b1cce702)
Start importing Assets/_Unity Essentials/Prefabs/Characters/DumpTruck.prefab using Guid(7ec7972768a5240e09fed7f9a543d943) Importer(2089858483,192608db42251d675da83286b1cce702) (ScriptedImporter)[PhysX] Initialized MultithreadedTaskDispatcher with 4 workers.
 -> (artifact id: 'a6b7eb1e2fc869115770308b8e2d24be') in 0.0122065 seconds
Number of updated asset objects reloaded before import = 0Number of asset objects unloaded after import = 64

========================================================================
Received Import Request.
  Time since last request: 0.000061 seconds.
  path: Assets/_Unity Essentials/Prefabs/Bedroom/RugRectangleSmall_Green.prefab
  artifactKey: Guid(34785ad8f60384e449d99867f7f946c3) Importer(2089858483,192608db42251d675da83286b1cce702)
Start importing Assets/_Unity Essentials/Prefabs/Bedroom/RugRectangleSmall_Green.prefab using Guid(34785ad8f60384e449d99867f7f946c3) Importer(2089858483,192608db42251d675da83286b1cce702) (ScriptedImporter)[PhysX] Initialized MultithreadedTaskDispatcher with 4 workers.
 -> (artifact id: 'dd8561c8373d3e64cbd740b948dbbfb3') in 0.011155583 seconds
Number of updated asset objects reloaded before import = 0Number of asset objects unloaded after import = 7

========================================================================
Received Import Request.
  Time since last request: 0.000072 seconds.
  path: Assets/_Unity Essentials/Models/Numbers/4.fbx
  artifactKey: Guid(954490885b94041c59d67c21816010f3) Importer(2089858483,192608db42251d675da83286b1cce702)
Start importing Assets/_Unity Essentials/Models/Numbers/4.fbx using Guid(954490885b94041c59d67c21816010f3) Importer(2089858483,192608db42251d675da83286b1cce702) (ScriptedImporter)[PhysX] Initialized MultithreadedTaskDispatcher with 4 workers.
 -> (artifact id: '5c0cce1e216d1733061fec67c409b73e') in 0.01869875 seconds
Number of updated asset objects reloaded before import = 0Number of asset objects unloaded after import = 7

========================================================================
Received Import Request.
  Time since last request: 0.000063 seconds.
  path: Assets/_Unity Essentials/Prefabs/Collectibles/Collectible_MusicNoteSingle.prefab
  artifactKey: Guid(c00ce57879c694883b115c990d270b24) Importer(2089858483,192608db42251d675da83286b1cce702)
Start importing Assets/_Unity Essentials/Prefabs/Collectibles/Collectible_MusicNoteSingle.prefab using Guid(c00ce57879c694883b115c990d270b24) Importer(2089858483,192608db42251d675da83286b1cce702) (ScriptedImporter)[PhysX] Initialized MultithreadedTaskDispatcher with 4 workers.
 -> (artifact id: '9f0f2d6a786536aad5ebcdf166b5dfb9') in 0.0085245 seconds
Number of updated asset objects reloaded before import = 0Number of asset objects unloaded after import = 10

========================================================================
Received Import Request.
  Time since last request: 0.000157 seconds.
  path: Assets/_Unity Essentials/Prefabs/Collectibles/Collectible_Tonic.prefab
  artifactKey: Guid(25000b67ff30b473a87c8ee24dbf36c4) Importer(2089858483,192608db42251d675da83286b1cce702)
Start importing Assets/_Unity Essentials/Prefabs/Collectibles/Collectible_Tonic.prefab using Guid(25000b67ff30b473a87c8ee24dbf36c4) Importer(2089858483,192608db42251d675da83286b1cce702) (ScriptedImporter)[PhysX] Initialized MultithreadedTaskDispatcher with 4 workers.
 -> (artifact id: 'b8309928d4676b94b63fa3202072eb84') in 0.009775875 seconds
Number of updated asset objects reloaded before import = 0Number of asset objects unloaded after import = 10

========================================================================
Received Import Request.
  Time since last request: 0.000096 seconds.
  path: Assets/_Unity Essentials/Prefabs/Collectibles/Collectible_Cheese.prefab
  artifactKey: Guid(f287407812e9f4dd295b424507a4c279) Importer(2089858483,192608db42251d675da83286b1cce702)
Start importing Assets/_Unity Essentials/Prefabs/Collectibles/Collectible_Cheese.prefab using Guid(f287407812e9f4dd295b424507a4c279) Importer(2089858483,192608db42251d675da83286b1cce702) (ScriptedImporter)[PhysX] Initialized MultithreadedTaskDispatcher with 4 workers.
 -> (artifact id: '123c7752efa8e8c5c180e4c655b79582') in 0.021548667 seconds
Number of updated asset objects reloaded before import = 0Number of asset objects unloaded after import = 10

========================================================================
Received Import Request.
  Time since last request: 0.000106 seconds.
  path: Assets/_Unity Essentials/Prefabs/Floor/Floor2m (4) Variant.prefab
  artifactKey: Guid(96d694fd544694c6d847cfd8a434d036) Importer(2089858483,192608db42251d675da83286b1cce702)
Start importing Assets/_Unity Essentials/Prefabs/Floor/Floor2m (4) Variant.prefab using Guid(96d694fd544694c6d847cfd8a434d036) Importer(2089858483,192608db42251d675da83286b1cce702) (ScriptedImporter)[PhysX] Initialized MultithreadedTaskDispatcher with 4 workers.
 -> (artifact id: 'b8ea02415c2965c47beace16ff6be595') in 0.015412166 seconds
Number of updated asset objects reloaded before import = 0Number of asset objects unloaded after import = 18

========================================================================
Received Import Request.
  Time since last request: 0.000121 seconds.
  path: Assets/_Unity Essentials/Prefabs/Characters/UFO.prefab
  artifactKey: Guid(bc3f8280b6d69439cb3e7c45f5c84cd8) Importer(2089858483,192608db42251d675da83286b1cce702)
Start importing Assets/_Unity Essentials/Prefabs/Characters/UFO.prefab using Guid(bc3f8280b6d69439cb3e7c45f5c84cd8) Importer(2089858483,192608db42251d675da83286b1cce702) (ScriptedImporter)[PhysX] Initialized MultithreadedTaskDispatcher with 4 workers.
 -> (artifact id: 'a7198f0d4339943403c57686ec7cafef') in 0.012062958 seconds
Number of updated asset objects reloaded before import = 0Number of asset objects unloaded after import = 109

========================================================================
Received Import Request.
  Time since last request: 0.000107 seconds.
  path: Assets/_Unity Essentials/Prefabs/Characters/RobotVacuum_2.prefab
  artifactKey: Guid(04edd7db8eccc4a7abbb77ea1eda35a4) Importer(2089858483,192608db42251d675da83286b1cce702)
Start importing Assets/_Unity Essentials/Prefabs/Characters/RobotVacuum_2.prefab using Guid(04edd7db8eccc4a7abbb77ea1eda35a4) Importer(2089858483,192608db42251d675da83286b1cce702) (ScriptedImporter)[PhysX] Initialized MultithreadedTaskDispatcher with 4 workers.
 -> (artifact id: 'e573801561bdcf67a3225ac066ec5b69') in 0.010846125 seconds
Number of updated asset objects reloaded before import = 0Number of asset objects unloaded after import = 16

========================================================================
Received Import Request.
  Time since last request: 0.000090 seconds.
  path: Assets/_Unity Essentials/Prefabs/Collectibles/Collectible_PuzzlePiece.prefab
  artifactKey: Guid(fc48f3f3c91664ec79da1750d9db410c) Importer(2089858483,192608db42251d675da83286b1cce702)
Start importing Assets/_Unity Essentials/Prefabs/Collectibles/Collectible_PuzzlePiece.prefab using Guid(fc48f3f3c91664ec79da1750d9db410c) Importer(2089858483,192608db42251d675da83286b1cce702) (ScriptedImporter)[PhysX] Initialized MultithreadedTaskDispatcher with 4 workers.
 -> (artifact id: '49370b348d9084fb384f5f060fbb87ae') in 0.008639916 seconds
Number of updated asset objects reloaded before import = 0Number of asset objects unloaded after import = 10

========================================================================
Received Import Request.
  Time since last request: 0.000056 seconds.
  path: Assets/_Unity Essentials/Prefabs/Collectibles/Collectible_Heart.prefab
  artifactKey: Guid(599e32bb85a7e4227b8fedc45dfa2179) Importer(2089858483,192608db42251d675da83286b1cce702)
Start importing Assets/_Unity Essentials/Prefabs/Collectibles/Collectible_Heart.prefab using Guid(599e32bb85a7e4227b8fedc45dfa2179) Importer(2089858483,192608db42251d675da83286b1cce702) (ScriptedImporter)[PhysX] Initialized MultithreadedTaskDispatcher with 4 workers.
 -> (artifact id: '76e7bcef778b852e88e6e462acad7a28') in 0.008100791 seconds
Number of updated asset objects reloaded before import = 0Number of asset objects unloaded after import = 10

========================================================================
Received Import Request.
  Time since last request: 0.000096 seconds.
  path: Assets/_Unity Essentials/Prefabs/Characters/RobotVacuum_1.prefab
  artifactKey: Guid(bf3ac59fc056941e089b93eca14a1e50) Importer(2089858483,192608db42251d675da83286b1cce702)
Start importing Assets/_Unity Essentials/Prefabs/Characters/RobotVacuum_1.prefab using Guid(bf3ac59fc056941e089b93eca14a1e50) Importer(2089858483,192608db42251d675da83286b1cce702) (ScriptedImporter)[PhysX] Initialized MultithreadedTaskDispatcher with 4 workers.
 -> (artifact id: '0d581e2f63dafe0e7ebb6f366eea4d3e') in 0.012135916 seconds
Number of updated asset objects reloaded before import = 0Number of asset objects unloaded after import = 16

========================================================================
Received Import Request.
  Time since last request: 0.000093 seconds.
  path: Assets/_Unity Essentials/Models/Floor/Floor2m.FBX
  artifactKey: Guid(ce73d106b4ec7b148b691b2ad5051dfb) Importer(2089858483,192608db42251d675da83286b1cce702)
Start importing Assets/_Unity Essentials/Models/Floor/Floor2m.FBX using Guid(ce73d106b4ec7b148b691b2ad5051dfb) Importer(2089858483,192608db42251d675da83286b1cce702) (ScriptedImporter)[PhysX] Initialized MultithreadedTaskDispatcher with 4 workers.
 -> (artifact id: '230c08283e91ba502e6dec290a52afae') in 0.017723917 seconds
Number of updated asset objects reloaded before import = 0Number of asset objects unloaded after import = 7

========================================================================
Received Import Request.
  Time since last request: 0.000120 seconds.
  path: Assets/_Unity Essentials/Prefabs/Floor/Floor2x4m.prefab
  artifactKey: Guid(4a3d4ee404cb0754f860c66c7499443a) Importer(2089858483,192608db42251d675da83286b1cce702)
Start importing Assets/_Unity Essentials/Prefabs/Floor/Floor2x4m.prefab using Guid(4a3d4ee404cb0754f860c66c7499443a) Importer(2089858483,192608db42251d675da83286b1cce702) (ScriptedImporter)[PhysX] Initialized MultithreadedTaskDispatcher with 4 workers.
 -> (artifact id: '3df7e9bc1f1b2ee80011eda6e77913b8') in 0.012515875 seconds
Number of updated asset objects reloaded before import = 0Number of asset objects unloaded after import = 7

========================================================================
Received Import Request.
  Time since last request: 0.000063 seconds.
  path: Assets/_Unity Essentials/Prefabs/Kitchen/CabinetLower_Backsplash_30Wx24Dx36H_KN002a.prefab
  artifactKey: Guid(7db4b10b6197b9d4c917bec3dfe85d59) Importer(2089858483,192608db42251d675da83286b1cce702)
Start importing Assets/_Unity Essentials/Prefabs/Kitchen/CabinetLower_Backsplash_30Wx24Dx36H_KN002a.prefab using Guid(7db4b10b6197b9d4c917bec3dfe85d59) Importer(2089858483,192608db42251d675da83286b1cce702) (ScriptedImporter)[PhysX] Initialized MultithreadedTaskDispatcher with 4 workers.
 -> (artifact id: '0b90ad0ee4f8c46fedfa048630688f8f') in 0.029144334 seconds
Number of updated asset objects reloaded before import = 0Number of asset objects unloaded after import = 96

========================================================================
Received Import Request.
  Time since last request: 0.000086 seconds.
  path: Assets/_Unity Essentials/Prefabs/Lights/LampSmall.prefab
  artifactKey: Guid(de892086637b2954a894699a741c5465) Importer(2089858483,192608db42251d675da83286b1cce702)
Start importing Assets/_Unity Essentials/Prefabs/Lights/LampSmall.prefab using Guid(de892086637b2954a894699a741c5465) Importer(2089858483,192608db42251d675da83286b1cce702) (ScriptedImporter)[PhysX] Initialized MultithreadedTaskDispatcher with 4 workers.
 -> (artifact id: '365ef0d3540f201f92b40f3feb7b2cfa') in 0.007511375 seconds
Number of updated asset objects reloaded before import = 0Number of asset objects unloaded after import = 24

========================================================================
Received Import Request.
  Time since last request: 0.000068 seconds.
  path: Assets/_Unity Essentials/Models/Outdoor/Chair_Adirondack_36in_BY001.fbx
  artifactKey: Guid(84567d479d2043646a30fe47b1bfb794) Importer(2089858483,192608db42251d675da83286b1cce702)
Start importing Assets/_Unity Essentials/Models/Outdoor/Chair_Adirondack_36in_BY001.fbx using Guid(84567d479d2043646a30fe47b1bfb794) Importer(2089858483,192608db42251d675da83286b1cce702) (ScriptedImporter)[PhysX] Initialized MultithreadedTaskDispatcher with 4 workers.
 -> (artifact id: 'bec1aa8afbbfcf163a7260cc8c37ba44') in 0.022383875 seconds
Number of updated asset objects reloaded before import = 0Number of asset objects unloaded after import = 9

========================================================================
Received Import Request.
  Time since last request: 0.000077 seconds.
  path: Assets/_Unity Essentials/Models/Furniture/LightBulb.FBX
  artifactKey: Guid(e47fe05927092224492a466c2d5b61c0) Importer(2089858483,192608db42251d675da83286b1cce702)
Start importing Assets/_Unity Essentials/Models/Furniture/LightBulb.FBX using Guid(e47fe05927092224492a466c2d5b61c0) Importer(2089858483,192608db42251d675da83286b1cce702) (ScriptedImporter)[PhysX] Initialized MultithreadedTaskDispatcher with 4 workers.
 -> (artifact id: 'c9bf8d0500c8bc057b6fe68962624ea4') in 0.014055084 seconds
Number of updated asset objects reloaded before import = 0Number of asset objects unloaded after import = 7

========================================================================
Received Import Request.
  Time since last request: 0.000067 seconds.
  path: Assets/_Unity Essentials/Prefabs/Bedroom/RugRectangleLong_Green.prefab
  artifactKey: Guid(6176ffddae78aaf4a8890b1580487c20) Importer(2089858483,192608db42251d675da83286b1cce702)
Start importing Assets/_Unity Essentials/Prefabs/Bedroom/RugRectangleLong_Green.prefab using Guid(6176ffddae78aaf4a8890b1580487c20) Importer(2089858483,192608db42251d675da83286b1cce702) (ScriptedImporter)[PhysX] Initialized MultithreadedTaskDispatcher with 4 workers.
 -> (artifact id: 'bdbfac01343df6fc7cddb8ccb22d8397') in 0.0088375 seconds
Number of updated asset objects reloaded before import = 0Number of asset objects unloaded after import = 7

========================================================================
Received Import Request.
  Time since last request: 0.000063 seconds.
  path: Assets/_Unity Essentials/Prefabs/Bedroom/Bed_Twin_BR002.prefab
  artifactKey: Guid(b1a2f1d09bef1e54b8400598009e088b) Importer(2089858483,192608db42251d675da83286b1cce702)
Start importing Assets/_Unity Essentials/Prefabs/Bedroom/Bed_Twin_BR002.prefab using Guid(b1a2f1d09bef1e54b8400598009e088b) Importer(2089858483,192608db42251d675da83286b1cce702) (ScriptedImporter)[PhysX] Initialized MultithreadedTaskDispatcher with 4 workers.
 -> (artifact id: 'e1640c8239e9d8f0e18836bbec19bfa4') in 0.006559041 seconds
Number of updated asset objects reloaded before import = 0Number of asset objects unloaded after import = 26

========================================================================
Received Import Request.
  Time since last request: 0.000060 seconds.
  path: Assets/_Unity Essentials/Models/Floor/RugRectangleSmall.FBX
  artifactKey: Guid(5dda221b1c394884b922c54ab63015a6) Importer(2089858483,192608db42251d675da83286b1cce702)
Start importing Assets/_Unity Essentials/Models/Floor/RugRectangleSmall.FBX using Guid(5dda221b1c394884b922c54ab63015a6) Importer(2089858483,192608db42251d675da83286b1cce702) (ScriptedImporter)[PhysX] Initialized MultithreadedTaskDispatcher with 4 workers.
 -> (artifact id: '4bb8756533d39bded4b708a5a3b418b7') in 0.025044417 seconds
Number of updated asset objects reloaded before import = 0Number of asset objects unloaded after import = 7

========================================================================
Received Import Request.
  Time since last request: 0.000072 seconds.
  path: Assets/_Unity Essentials/Models/Characters/CarRacing.FBX
  artifactKey: Guid(be621c81880fd41c486468dbaa4a5668) Importer(2089858483,192608db42251d675da83286b1cce702)
Start importing Assets/_Unity Essentials/Models/Characters/CarRacing.FBX using Guid(be621c81880fd41c486468dbaa4a5668) Importer(2089858483,192608db42251d675da83286b1cce702) (ScriptedImporter)[PhysX] Initialized MultithreadedTaskDispatcher with 4 workers.
 -> (artifact id: 'df592aa9555d0cce4ebbf378f194740f') in 0.024096125 seconds
Number of updated asset objects reloaded before import = 0Number of asset objects unloaded after import = 40

========================================================================
Received Import Request.
  Time since last request: 0.000066 seconds.
  path: Assets/_Unity Essentials/Models/Furniture/Bed_Twin_BR002.fbx
  artifactKey: Guid(04462afbe9aea0b48a9c50b0428ff45f) Importer(2089858483,192608db42251d675da83286b1cce702)
Start importing Assets/_Unity Essentials/Models/Furniture/Bed_Twin_BR002.fbx using Guid(04462afbe9aea0b48a9c50b0428ff45f) Importer(2089858483,192608db42251d675da83286b1cce702) (ScriptedImporter)[PhysX] Initialized MultithreadedTaskDispatcher with 4 workers.
 -> (artifact id: '84de047828516aef74796b26bec41c42') in 0.022408916 seconds
Number of updated asset objects reloaded before import = 0Number of asset objects unloaded after import = 14

========================================================================
Received Import Request.
  Time since last request: 0.000069 seconds.
  path: Assets/_Unity Essentials/Models/Characters/Car.FBX
  artifactKey: Guid(11edafe57a5bf48f493462ed81ead832) Importer(2089858483,192608db42251d675da83286b1cce702)
Start importing Assets/_Unity Essentials/Models/Characters/Car.FBX using Guid(11edafe57a5bf48f493462ed81ead832) Importer(2089858483,192608db42251d675da83286b1cce702) (ScriptedImporter)[PhysX] Initialized MultithreadedTaskDispatcher with 4 workers.
 -> (artifact id: 'c4e328936db446b7f3dd4fcebb860f37') in 0.018077125 seconds
Number of updated asset objects reloaded before import = 0Number of asset objects unloaded after import = 34

========================================================================
Received Import Request.
  Time since last request: 0.000064 seconds.
  path: Assets/_Unity Essentials/Models/Shapes/Pipe.obj
  artifactKey: Guid(8851ce9d762cb4ea0b083fa8392086ae) Importer(2089858483,192608db42251d675da83286b1cce702)
Start importing Assets/_Unity Essentials/Models/Shapes/Pipe.obj using Guid(8851ce9d762cb4ea0b083fa8392086ae) Importer(2089858483,192608db42251d675da83286b1cce702) (ScriptedImporter)[PhysX] Initialized MultithreadedTaskDispatcher with 4 workers.
 -> (artifact id: '880a39bd057eced23625d7298f1d3035') in 0.012640708 seconds
Number of updated asset objects reloaded before import = 0Number of asset objects unloaded after import = 10

========================================================================
Received Import Request.
  Time since last request: 0.000073 seconds.
  path: Assets/_Unity Essentials/Models/Colllectibles/Tonic.fbx
  artifactKey: Guid(3364ee227ca18d44d9237f9e4380b0f8) Importer(2089858483,192608db42251d675da83286b1cce702)
Start importing Assets/_Unity Essentials/Models/Colllectibles/Tonic.fbx using Guid(3364ee227ca18d44d9237f9e4380b0f8) Importer(2089858483,192608db42251d675da83286b1cce702) (ScriptedImporter)[PhysX] Initialized MultithreadedTaskDispatcher with 4 workers.
 -> (artifact id: '5f748ad291108dc985b63677ea3e1d4d') in 0.016424708 seconds
Number of updated asset objects reloaded before import = 0Number of asset objects unloaded after import = 9

========================================================================
Received Import Request.
  Time since last request: 0.000060 seconds.
  path: Assets/_Unity Essentials/Prefabs/Kitchen/PaperTowel_Dispenser_14in_KN001.prefab
  artifactKey: Guid(e7411550b66a4b243b8b09ab8c74738d) Importer(2089858483,192608db42251d675da83286b1cce702)
Start importing Assets/_Unity Essentials/Prefabs/Kitchen/PaperTowel_Dispenser_14in_KN001.prefab using Guid(e7411550b66a4b243b8b09ab8c74738d) Importer(2089858483,192608db42251d675da83286b1cce702) (ScriptedImporter)[PhysX] Initialized MultithreadedTaskDispatcher with 4 workers.
 -> (artifact id: 'f92dbb02526e6a2ca9836716f6a9bff4') in 0.020565541 seconds
Number of updated asset objects reloaded before import = 0Number of asset objects unloaded after import = 16

========================================================================
Received Import Request.
  Time since last request: 0.000060 seconds.
  path: Assets/_Unity Essentials/Materials/My Materials/Art_mat.mat
  artifactKey: Guid(bacd8eb5b12b748a4b6701be4e0cfdce) Importer(2089858483,192608db42251d675da83286b1cce702)
Start importing Assets/_Unity Essentials/Materials/My Materials/Art_mat.mat using Guid(bacd8eb5b12b748a4b6701be4e0cfdce) Importer(2089858483,192608db42251d675da83286b1cce702) (ScriptedImporter)[PhysX] Initialized MultithreadedTaskDispatcher with 4 workers.
 -> (artifact id: 'cc3991c5baf4f20388bae63896d782db') in 0.005375333 seconds
Number of updated asset objects reloaded before import = 0Number of asset objects unloaded after import = 1

========================================================================
Received Import Request.
  Time since last request: 0.000069 seconds.
  path: Assets/_Unity Essentials/Materials/Outdoor/GridOrange_Mat.mat
  artifactKey: Guid(7ab977a21c92388468ee65ad1c0e5a78) Importer(2089858483,192608db42251d675da83286b1cce702)
Start importing Assets/_Unity Essentials/Materials/Outdoor/GridOrange_Mat.mat using Guid(7ab977a21c92388468ee65ad1c0e5a78) Importer(2089858483,192608db42251d675da83286b1cce702) (ScriptedImporter)[PhysX] Initialized MultithreadedTaskDispatcher with 4 workers.
 -> (artifact id: '963ff6e267fc794341bddb844d175615') in 0.014176458 seconds
Number of updated asset objects reloaded before import = 0Number of asset objects unloaded after import = 4

========================================================================
Received Import Request.
  Time since last request: 0.000063 seconds.
  path: Assets/_Unity Essentials/Models/Floor/Floor2x4m.FBX
  artifactKey: Guid(0be13f3b1daeb3c458ad48c714ccbd15) Importer(2089858483,192608db42251d675da83286b1cce702)
Start importing Assets/_Unity Essentials/Models/Floor/Floor2x4m.FBX using Guid(0be13f3b1daeb3c458ad48c714ccbd15) Importer(2089858483,192608db42251d675da83286b1cce702) (ScriptedImporter)[PhysX] Initialized MultithreadedTaskDispatcher with 4 workers.
 -> (artifact id: '65351f9ca6168984d473d1515700c2aa') in 0.012360459 seconds
Number of updated asset objects reloaded before import = 0Number of asset objects unloaded after import = 7

========================================================================
Received Import Request.
  Time since last request: 0.000063 seconds.
  path: Assets/_Unity Essentials/Fonts/DancingScript-Regular SDF.asset
  artifactKey: Guid(2c331721f5d8f4557931a8cd6d2082c2) Importer(2089858483,192608db42251d675da83286b1cce702)
Start importing Assets/_Unity Essentials/Fonts/DancingScript-Regular SDF.asset using Guid(2c331721f5d8f4557931a8cd6d2082c2) Importer(2089858483,192608db42251d675da83286b1cce702) (ScriptedImporter)[PhysX] Initialized MultithreadedTaskDispatcher with 4 workers.
 -> (artifact id: 'f1d8a68322ed31cfe6024581807d9b55') in 0.026708917 seconds
Number of updated asset objects reloaded before import = 0Number of asset objects unloaded after import = 3

========================================================================
Received Import Request.
  Time since last request: 0.000063 seconds.
  path: Assets/_Unity Essentials/Models/Kitchen/ShotGlass_KN001.fbx
  artifactKey: Guid(977c24cc3ba72144287ab7a401399d34) Importer(2089858483,192608db42251d675da83286b1cce702)
Start importing Assets/_Unity Essentials/Models/Kitchen/ShotGlass_KN001.fbx using Guid(977c24cc3ba72144287ab7a401399d34) Importer(2089858483,192608db42251d675da83286b1cce702) (ScriptedImporter)[PhysX] Initialized MultithreadedTaskDispatcher with 4 workers.
 -> (artifact id: '85cac386272800653593ceba9e80c658') in 0.026506417 seconds
Number of updated asset objects reloaded before import = 0Number of asset objects unloaded after import = 9

========================================================================
Received Import Request.
  Time since last request: 0.000068 seconds.
  path: Assets/TextMesh Pro/Shaders/TMP_SDF-Mobile-2-Pass.shader
  artifactKey: Guid(0178fcb869bafef4690d177d31d17db8) Importer(2089858483,192608db42251d675da83286b1cce702)
Start importing Assets/TextMesh Pro/Shaders/TMP_SDF-Mobile-2-Pass.shader using Guid(0178fcb869bafef4690d177d31d17db8) Importer(2089858483,192608db42251d675da83286b1cce702) (ScriptedImporter)[PhysX] Initialized MultithreadedTaskDispatcher with 4 workers.
 -> (artifact id: '1df6eeb27fb36b1e5848cf1f07ad3f90') in 0.006154917 seconds
Number of updated asset objects reloaded before import = 0Number of asset objects unloaded after import = 1

========================================================================
Received Import Request.
  Time since last request: 0.000061 seconds.
  path: Assets/_Unity Essentials/Models/Kitchen/Grill_54in_BY001.fbx
  artifactKey: Guid(a8aff27d74035dc4a9de061883a49ddf) Importer(2089858483,192608db42251d675da83286b1cce702)
Start importing Assets/_Unity Essentials/Models/Kitchen/Grill_54in_BY001.fbx using Guid(a8aff27d74035dc4a9de061883a49ddf) Importer(2089858483,192608db42251d675da83286b1cce702) (ScriptedImporter)[PhysX] Initialized MultithreadedTaskDispatcher with 4 workers.
 -> (artifact id: '6d236a46b38f23aeb67e2a4ed3f9bc16') in 0.017246042 seconds
Number of updated asset objects reloaded before import = 0Number of asset objects unloaded after import = 9

========================================================================
Received Import Request.
  Time since last request: 0.000062 seconds.
  path: Assets/_Unity Essentials/Models/Furniture/Dresser_55in_BR001.fbx
  artifactKey: Guid(0414e3ad508c1a749a2de33c42fc949e) Importer(2089858483,192608db42251d675da83286b1cce702)
Start importing Assets/_Unity Essentials/Models/Furniture/Dresser_55in_BR001.fbx using Guid(0414e3ad508c1a749a2de33c42fc949e) Importer(2089858483,192608db42251d675da83286b1cce702) (ScriptedImporter)[PhysX] Initialized MultithreadedTaskDispatcher with 4 workers.
 -> (artifact id: 'e7096cb7dd8263a7f946b0b1132fb410') in 0.013109625 seconds
Number of updated asset objects reloaded before import = 0Number of asset objects unloaded after import = 7

========================================================================
Received Import Request.
  Time since last request: 0.000062 seconds.
  path: Assets/TextMesh Pro/Shaders/TMP_SDF-HDRP LIT.shadergraph
  artifactKey: Guid(ca2ed216f98028c4dae6c5224a952b3c) Importer(2089858483,192608db42251d675da83286b1cce702)
Start importing Assets/TextMesh Pro/Shaders/TMP_SDF-HDRP LIT.shadergraph using Guid(ca2ed216f98028c4dae6c5224a952b3c) Importer(2089858483,192608db42251d675da83286b1cce702) (ScriptedImporter)[PhysX] Initialized MultithreadedTaskDispatcher with 4 workers.
 -> (artifact id: 'b1b75ffc484d9829cce7f42434575aa8') in 0.02318725 seconds
Number of updated asset objects reloaded before import = 0Number of asset objects unloaded after import = 3

========================================================================
Received Import Request.
  Time since last request: 0.000055 seconds.
  path: Assets/_Unity Essentials/Materials/Outdoor/Ball_Starter_Scene.mat
  artifactKey: Guid(7b21606c61abc4b23a5bbab2d8048e57) Importer(2089858483,192608db42251d675da83286b1cce702)
Start importing Assets/_Unity Essentials/Materials/Outdoor/Ball_Starter_Scene.mat using Guid(7b21606c61abc4b23a5bbab2d8048e57) Importer(2089858483,192608db42251d675da83286b1cce702) (ScriptedImporter)[PhysX] Initialized MultithreadedTaskDispatcher with 4 workers.
 -> (artifact id: 'f9f5ecf7e325244c0aac867c3843437d') in 0.007944125 seconds
Number of updated asset objects reloaded before import = 0Number of asset objects unloaded after import = 2

========================================================================
Received Import Request.
  Time since last request: 0.000056 seconds.
  path: Assets/_Unity Essentials/Materials/My Materials/Ball_mat.mat
  artifactKey: Guid(6a089076e823c489fbec57529d940dd5) Importer(2089858483,192608db42251d675da83286b1cce702)
Start importing Assets/_Unity Essentials/Materials/My Materials/Ball_mat.mat using Guid(6a089076e823c489fbec57529d940dd5) Importer(2089858483,192608db42251d675da83286b1cce702) (ScriptedImporter)[PhysX] Initialized MultithreadedTaskDispatcher with 4 workers.
 -> (artifact id: '96ccc89f254353b1fb7fa18d88de1133') in 0.005412458 seconds
Number of updated asset objects reloaded before import = 0Number of asset objects unloaded after import = 1

========================================================================
Received Import Request.
  Time since last request: 0.000051 seconds.
  path: Assets/TextMesh Pro/Shaders/TMP_Sprite.shader
  artifactKey: Guid(cf81c85f95fe47e1a27f6ae460cf182c) Importer(2089858483,192608db42251d675da83286b1cce702)
Start importing Assets/TextMesh Pro/Shaders/TMP_Sprite.shader using Guid(cf81c85f95fe47e1a27f6ae460cf182c) Importer(2089858483,192608db42251d675da83286b1cce702) (ScriptedImporter)[PhysX] Initialized MultithreadedTaskDispatcher with 4 workers.
 -> (artifact id: '84dea6db95bf855446a49518b31c4e4f') in 0.0047135 seconds
Number of updated asset objects reloaded before import = 0Number of asset objects unloaded after import = 1

========================================================================
Received Import Request.
  Time since last request: 0.000072 seconds.
  path: Assets/_Unity Essentials/Models/Numbers/9.fbx
  artifactKey: Guid(e1a8c9a53c1674ddd990b809550643aa) Importer(2089858483,192608db42251d675da83286b1cce702)
Start importing Assets/_Unity Essentials/Models/Numbers/9.fbx using Guid(e1a8c9a53c1674ddd990b809550643aa) Importer(2089858483,192608db42251d675da83286b1cce702) (ScriptedImporter)[PhysX] Initialized MultithreadedTaskDispatcher with 4 workers.
 -> (artifact id: '787867327fe5f97f833e5fc2b9642386') in 0.013049417 seconds
Number of updated asset objects reloaded before import = 0Number of asset objects unloaded after import = 7

========================================================================
Received Import Request.
  Time since last request: 0.000061 seconds.
  path: Assets/_Unity Essentials/Prefabs/Floor/Floor4m.prefab
  artifactKey: Guid(80e5bbfa6aa12b34ca98423c9e7a0f86) Importer(2089858483,192608db42251d675da83286b1cce702)
Start importing Assets/_Unity Essentials/Prefabs/Floor/Floor4m.prefab using Guid(80e5bbfa6aa12b34ca98423c9e7a0f86) Importer(2089858483,192608db42251d675da83286b1cce702) (ScriptedImporter)[PhysX] Initialized MultithreadedTaskDispatcher with 4 workers.
 -> (artifact id: 'ac758527b5cf9e7a4cf1b0f60131077a') in 0.00930725 seconds
Number of updated asset objects reloaded before import = 0Number of asset objects unloaded after import = 8

========================================================================
Received Import Request.
  Time since last request: 0.000060 seconds.
  path: Assets/_Unity Essentials/Materials/Skyboxes/SkyMidnight.mat
  artifactKey: Guid(97637a2a763b7f24b8da4e139e4144ca) Importer(2089858483,192608db42251d675da83286b1cce702)
Start importing Assets/_Unity Essentials/Materials/Skyboxes/SkyMidnight.mat using Guid(97637a2a763b7f24b8da4e139e4144ca) Importer(2089858483,192608db42251d675da83286b1cce702) (ScriptedImporter)[PhysX] Initialized MultithreadedTaskDispatcher with 4 workers.
 -> (artifact id: '2ee924403d6e196ad5c16e658f1944de') in 0.020936875 seconds
Number of updated asset objects reloaded before import = 0Number of asset objects unloaded after import = 7

========================================================================
Received Import Request.
  Time since last request: 0.000058 seconds.
  path: Assets/_Unity Essentials/Audio/Music/Music_Classical.ogg
  artifactKey: Guid(e6ad4104b52c14695919cb177784c7d0) Importer(2089858483,192608db42251d675da83286b1cce702)
Start importing Assets/_Unity Essentials/Audio/Music/Music_Classical.ogg using Guid(e6ad4104b52c14695919cb177784c7d0) Importer(2089858483,192608db42251d675da83286b1cce702) (ScriptedImporter)[PhysX] Initialized MultithreadedTaskDispatcher with 4 workers.
 -> (artifact id: '9408ed4280016f19fd8f068bc066dafa') in 0.029804584 seconds
Number of updated asset objects reloaded before import = 0Number of asset objects unloaded after import = 1

========================================================================
Received Import Request.
  Time since last request: 0.000072 seconds.
  path: Assets/_Unity Essentials/Prefabs/Kitchen/Cooktop_30in_Gas_KN001.prefab
  artifactKey: Guid(4e0b8dcfc3ec33846a8b4c0b13dc022e) Importer(2089858483,192608db42251d675da83286b1cce702)
Start importing Assets/_Unity Essentials/Prefabs/Kitchen/Cooktop_30in_Gas_KN001.prefab using Guid(4e0b8dcfc3ec33846a8b4c0b13dc022e) Importer(2089858483,192608db42251d675da83286b1cce702) (ScriptedImporter)[PhysX] Initialized MultithreadedTaskDispatcher with 4 workers.
 -> (artifact id: '708fe7972403b749760b0b90d60c74f7') in 0.021453083 seconds
Number of updated asset objects reloaded before import = 0Number of asset objects unloaded after import = 34

========================================================================
Received Import Request.
  Time since last request: 0.000077 seconds.
  path: Assets/_Unity Essentials/Prefabs/Kitchen/Barstool_29in_KN001.prefab
  artifactKey: Guid(cdfea4b70105c204fbad9d84e8dfdca1) Importer(2089858483,192608db42251d675da83286b1cce702)
Start importing Assets/_Unity Essentials/Prefabs/Kitchen/Barstool_29in_KN001.prefab using Guid(cdfea4b70105c204fbad9d84e8dfdca1) Importer(2089858483,192608db42251d675da83286b1cce702) (ScriptedImporter)[PhysX] Initialized MultithreadedTaskDispatcher with 4 workers.
 -> (artifact id: 'b1458b09111a707f91b36b9e938a42d2') in 0.01091325 seconds
Number of updated asset objects reloaded before import = 0Number of asset objects unloaded after import = 16

========================================================================
Received Import Request.
  Time since last request: 0.000060 seconds.
  path: Assets/_Unity Essentials/Prefabs/Kitchen/FryPan_10in_KN001.prefab
  artifactKey: Guid(1c2f6c85c415d1b44bbe342ad7901624) Importer(2089858483,192608db42251d675da83286b1cce702)
Start importing Assets/_Unity Essentials/Prefabs/Kitchen/FryPan_10in_KN001.prefab using Guid(1c2f6c85c415d1b44bbe342ad7901624) Importer(2089858483,192608db42251d675da83286b1cce702) (ScriptedImporter)[PhysX] Initialized MultithreadedTaskDispatcher with 4 workers.
 -> (artifact id: '0d1f630d8fd0f2bb5d7a31fc0d222705') in 0.007541625 seconds
Number of updated asset objects reloaded before import = 0Number of asset objects unloaded after import = 29

========================================================================
Received Import Request.
  Time since last request: 0.000057 seconds.
  path: Assets/_Unity Essentials/Prefabs/Kitchen/CabinetLower_Backsplash_30Wx24Dx36H_Sink_KN001a.prefab
  artifactKey: Guid(31ebc2f27d1e74044b22d9e302af0e9c) Importer(2089858483,192608db42251d675da83286b1cce702)
Start importing Assets/_Unity Essentials/Prefabs/Kitchen/CabinetLower_Backsplash_30Wx24Dx36H_Sink_KN001a.prefab using Guid(31ebc2f27d1e74044b22d9e302af0e9c) Importer(2089858483,192608db42251d675da83286b1cce702) (ScriptedImporter)[PhysX] Initialized MultithreadedTaskDispatcher with 4 workers.
 -> (artifact id: '34d64a60436ca3b8dff3a75ed3b3cdaa') in 0.010458584 seconds
Number of updated asset objects reloaded before import = 0Number of asset objects unloaded after import = 60

========================================================================
Received Import Request.
  Time since last request: 0.000061 seconds.
  path: Assets/_Unity Essentials/Prefabs/Kitchen/CabinetLower_Backsplash_15Wx24Dx36H_KN001a.prefab
  artifactKey: Guid(025142553322c754fb0cbc3fa5e31d34) Importer(2089858483,192608db42251d675da83286b1cce702)
Start importing Assets/_Unity Essentials/Prefabs/Kitchen/CabinetLower_Backsplash_15Wx24Dx36H_KN001a.prefab using Guid(025142553322c754fb0cbc3fa5e31d34) Importer(2089858483,192608db42251d675da83286b1cce702) (ScriptedImporter)[PhysX] Initialized MultithreadedTaskDispatcher with 4 workers.
 -> (artifact id: 'f29906725cf8f8ec173feda7ceede4f8') in 0.010423083 seconds
Number of updated asset objects reloaded before import = 0Number of asset objects unloaded after import = 60

========================================================================
Received Import Request.
  Time since last request: 0.000060 seconds.
  path: Assets/TextMesh Pro/Sprites/EmojiOne.png
  artifactKey: Guid(dffef66376be4fa480fb02b19edbe903) Importer(2089858483,192608db42251d675da83286b1cce702)
Start importing Assets/TextMesh Pro/Sprites/EmojiOne.png using Guid(dffef66376be4fa480fb02b19edbe903) Importer(2089858483,192608db42251d675da83286b1cce702) (ScriptedImporter)[PhysX] Initialized MultithreadedTaskDispatcher with 4 workers.
 -> (artifact id: 'd41fd60ab11dd1018596c1d1feb1cbd8') in 0.014517041 seconds
Number of updated asset objects reloaded before import = 0Number of asset objects unloaded after import = 1

========================================================================
Received Import Request.
  Time since last request: 0.000075 seconds.
  path: Assets/_Unity Essentials/Prefabs/Kitchen/StockPot_9.5in_KN001.prefab
  artifactKey: Guid(0745ed289416c3e4bb82a516b9654a09) Importer(2089858483,192608db42251d675da83286b1cce702)
Start importing Assets/_Unity Essentials/Prefabs/Kitchen/StockPot_9.5in_KN001.prefab using Guid(0745ed289416c3e4bb82a516b9654a09) Importer(2089858483,192608db42251d675da83286b1cce702) (ScriptedImporter)[PhysX] Initialized MultithreadedTaskDispatcher with 4 workers.
 -> (artifact id: '81eb1784ca63d527ed623c3904870891') in 0.01749625 seconds
Number of updated asset objects reloaded before import = 0Number of asset objects unloaded after import = 29

========================================================================
Received Import Request.
  Time since last request: 0.000058 seconds.
  path: Assets/_Unity Essentials/Materials/VFX/SimpleParticle_Mat.mat
  artifactKey: Guid(a5519a773bdc34c1ba249281ac7d6d6b) Importer(2089858483,192608db42251d675da83286b1cce702)
Start importing Assets/_Unity Essentials/Materials/VFX/SimpleParticle_Mat.mat using Guid(a5519a773bdc34c1ba249281ac7d6d6b) Importer(2089858483,192608db42251d675da83286b1cce702) (ScriptedImporter)[PhysX] Initialized MultithreadedTaskDispatcher with 4 workers.
 -> (artifact id: '732f46d2a64bce78769fe061d410c882') in 0.021985416 seconds
Number of updated asset objects reloaded before import = 0Number of asset objects unloaded after import = 1

========================================================================
Received Import Request.
  Time since last request: 0.000075 seconds.
  path: Assets/TextMesh Pro/Shaders/TMP_Bitmap-Custom-Atlas.shader
  artifactKey: Guid(48bb5f55d8670e349b6e614913f9d910) Importer(2089858483,192608db42251d675da83286b1cce702)
Start importing Assets/TextMesh Pro/Shaders/TMP_Bitmap-Custom-Atlas.shader using Guid(48bb5f55d8670e349b6e614913f9d910) Importer(2089858483,192608db42251d675da83286b1cce702) (ScriptedImporter)[PhysX] Initialized MultithreadedTaskDispatcher with 4 workers.
 -> (artifact id: 'c1f8a605c441ed2702d1484a53be8940') in 0.004745084 seconds
Number of updated asset objects reloaded before import = 0Number of asset objects unloaded after import = 1

========================================================================
Received Import Request.
  Time since last request: 0.000075 seconds.
  path: Assets/_Unity Essentials/Models/Furniture/TableRectangleMedium.FBX
  artifactKey: Guid(5039954c1403bf247a4d8b42af5c0a27) Importer(2089858483,192608db42251d675da83286b1cce702)
Start importing Assets/_Unity Essentials/Models/Furniture/TableRectangleMedium.FBX using Guid(5039954c1403bf247a4d8b42af5c0a27) Importer(2089858483,192608db42251d675da83286b1cce702) (ScriptedImporter)[PhysX] Initialized MultithreadedTaskDispatcher with 4 workers.
 -> (artifact id: '16321b461c1ea4496f89c1febde36592') in 0.013902042 seconds
Number of updated asset objects reloaded before import = 0Number of asset objects unloaded after import = 7

========================================================================
Received Import Request.
  Time since last request: 0.000073 seconds.
  path: Assets/_Unity Essentials/Models/Outdoor/Fence_DogEar_6ft_BY001.fbx
  artifactKey: Guid(8770d1f0de7905f48bd41aa1769d85ca) Importer(2089858483,192608db42251d675da83286b1cce702)
Start importing Assets/_Unity Essentials/Models/Outdoor/Fence_DogEar_6ft_BY001.fbx using Guid(8770d1f0de7905f48bd41aa1769d85ca) Importer(2089858483,192608db42251d675da83286b1cce702) (ScriptedImporter)[PhysX] Initialized MultithreadedTaskDispatcher with 4 workers.
 -> (artifact id: '6b433ca201c404a21bd451c964c35167') in 0.017622834 seconds
Number of updated asset objects reloaded before import = 0Number of asset objects unloaded after import = 9

========================================================================
Received Import Request.
  Time since last request: 0.000071 seconds.
  path: Assets/_Unity Essentials/Models/Characters/Train.FBX
  artifactKey: Guid(166f9037e20014d70a6a63e06f42d453) Importer(2089858483,192608db42251d675da83286b1cce702)
Start importing Assets/_Unity Essentials/Models/Characters/Train.FBX using Guid(166f9037e20014d70a6a63e06f42d453) Importer(2089858483,192608db42251d675da83286b1cce702) (ScriptedImporter)[PhysX] Initialized MultithreadedTaskDispatcher with 4 workers.
 -> (artifact id: '2aa3a3e943b23cc8da19052dd844bcbf') in 0.045581708 seconds
Number of updated asset objects reloaded before import = 0Number of asset objects unloaded after import = 80

========================================================================
Received Import Request.
  Time since last request: 0.000066 seconds.
  path: Assets/_Unity Essentials/Audio/Sound FX/Bubbling_Water.ogg
  artifactKey: Guid(f3def460b96abf440bbc45fa66d44c55) Importer(2089858483,192608db42251d675da83286b1cce702)
Start importing Assets/_Unity Essentials/Audio/Sound FX/Bubbling_Water.ogg using Guid(f3def460b96abf440bbc45fa66d44c55) Importer(2089858483,192608db42251d675da83286b1cce702) (ScriptedImporter)[PhysX] Initialized MultithreadedTaskDispatcher with 4 workers.
 -> (artifact id: 'ebf26e00dc0e7dbb3b828f54eaad8166') in 0.033241041 seconds
Number of updated asset objects reloaded before import = 0Number of asset objects unloaded after import = 1

========================================================================
Received Import Request.
  Time since last request: 0.000063 seconds.
  path: Assets/_Unity Essentials/Fonts/Merriweather-Regular SDF.asset
  artifactKey: Guid(34d502a6faf2f43dba2c17ee976b7018) Importer(2089858483,192608db42251d675da83286b1cce702)
Start importing Assets/_Unity Essentials/Fonts/Merriweather-Regular SDF.asset using Guid(34d502a6faf2f43dba2c17ee976b7018) Importer(2089858483,192608db42251d675da83286b1cce702) (ScriptedImporter)[PhysX] Initialized MultithreadedTaskDispatcher with 4 workers.
 -> (artifact id: '9459fad860966cf8981595ce1a589654') in 0.035808459 seconds
Number of updated asset objects reloaded before import = 0Number of asset objects unloaded after import = 3

========================================================================
Received Import Request.
  Time since last request: 0.000066 seconds.
  path: Assets/_Unity Essentials/Models/Colllectibles/Heart.FBX
  artifactKey: Guid(4b80379d333087a439a331999a566600) Importer(2089858483,192608db42251d675da83286b1cce702)
Start importing Assets/_Unity Essentials/Models/Colllectibles/Heart.FBX using Guid(4b80379d333087a439a331999a566600) Importer(2089858483,192608db42251d675da83286b1cce702) (ScriptedImporter)[PhysX] Initialized MultithreadedTaskDispatcher with 4 workers.
 -> (artifact id: 'bedabb77d8b382b706fb297a790a14cf') in 0.012143333 seconds
Number of updated asset objects reloaded before import = 0Number of asset objects unloaded after import = 7

========================================================================
Received Import Request.
  Time since last request: 0.000062 seconds.
  path: Assets/_Unity Essentials/Models/Colllectibles/Coin.FBX
  artifactKey: Guid(db924e5f6e1c9834da4d8e265fe3e6fd) Importer(2089858483,192608db42251d675da83286b1cce702)
Start importing Assets/_Unity Essentials/Models/Colllectibles/Coin.FBX using Guid(db924e5f6e1c9834da4d8e265fe3e6fd) Importer(2089858483,192608db42251d675da83286b1cce702) (ScriptedImporter)[PhysX] Initialized MultithreadedTaskDispatcher with 4 workers.
 -> (artifact id: 'cd4f23bcb6d4ef93374071bf53e101c1') in 0.011957625 seconds
Number of updated asset objects reloaded before import = 0Number of asset objects unloaded after import = 7

========================================================================
Received Import Request.
  Time since last request: 0.000069 seconds.
  path: Assets/_Unity Essentials/Models/Outdoor/Fence_DogEar_8ft_BY001.fbx
  artifactKey: Guid(460c398d26c1fba49b05af3505263e57) Importer(2089858483,192608db42251d675da83286b1cce702)
Start importing Assets/_Unity Essentials/Models/Outdoor/Fence_DogEar_8ft_BY001.fbx using Guid(460c398d26c1fba49b05af3505263e57) Importer(2089858483,192608db42251d675da83286b1cce702) (ScriptedImporter)[PhysX] Initialized MultithreadedTaskDispatcher with 4 workers.
 -> (artifact id: 'fe4bb6e8526675a5404d7422d58d6bc2') in 0.017550208 seconds
Number of updated asset objects reloaded before import = 0Number of asset objects unloaded after import = 9

========================================================================
Received Import Request.
  Time since last request: 0.000065 seconds.
  path: Assets/_Unity Essentials/Materials/Outdoor/Concrete Blue - Higher_Contrast.mat
  artifactKey: Guid(66c00b08e4b8f45ddacdff1c456c3071) Importer(2089858483,192608db42251d675da83286b1cce702)
Start importing Assets/_Unity Essentials/Materials/Outdoor/Concrete Blue - Higher_Contrast.mat using Guid(66c00b08e4b8f45ddacdff1c456c3071) Importer(2089858483,192608db42251d675da83286b1cce702) (ScriptedImporter)[PhysX] Initialized MultithreadedTaskDispatcher with 4 workers.
 -> (artifact id: '1ecda4b3c78e4a946142ee07e62de6a1') in 0.01906675 seconds
Number of updated asset objects reloaded before import = 0Number of asset objects unloaded after import = 3

========================================================================
Received Import Request.
  Time since last request: 0.000064 seconds.
  path: Assets/_Unity Essentials/Models/Numbers/8.fbx
  artifactKey: Guid(9e2333cf14c024ea2a6a0de2c38e78c6) Importer(2089858483,192608db42251d675da83286b1cce702)
Start importing Assets/_Unity Essentials/Models/Numbers/8.fbx using Guid(9e2333cf14c024ea2a6a0de2c38e78c6) Importer(2089858483,192608db42251d675da83286b1cce702) (ScriptedImporter)[PhysX] Initialized MultithreadedTaskDispatcher with 4 workers.
 -> (artifact id: '4098930e1773ae2ae5d6211a5a89959a') in 0.0127245 seconds
Number of updated asset objects reloaded before import = 0Number of asset objects unloaded after import = 7

========================================================================
Received Import Request.
  Time since last request: 0.000063 seconds.
  path: Assets/_Unity Essentials/Models/Kitchen/Cabinet_60in_DR001.fbx
  artifactKey: Guid(1e245a152ac7400418729100a87a68f4) Importer(2089858483,192608db42251d675da83286b1cce702)
Start importing Assets/_Unity Essentials/Models/Kitchen/Cabinet_60in_DR001.fbx using Guid(1e245a152ac7400418729100a87a68f4) Importer(2089858483,192608db42251d675da83286b1cce702) (ScriptedImporter)[PhysX] Initialized MultithreadedTaskDispatcher with 4 workers.
 -> (artifact id: 'f0bb3fc483f6be34f1a8392c073cabf1') in 0.013259875 seconds
Number of updated asset objects reloaded before import = 0Number of asset objects unloaded after import = 7

========================================================================
Received Import Request.
  Time since last request: 0.000063 seconds.
  path: Assets/_Unity Essentials/Models/Floor/RugDoorMat.FBX
  artifactKey: Guid(1e81361a12df1b74fa6b151035d5c733) Importer(2089858483,192608db42251d675da83286b1cce702)
Start importing Assets/_Unity Essentials/Models/Floor/RugDoorMat.FBX using Guid(1e81361a12df1b74fa6b151035d5c733) Importer(2089858483,192608db42251d675da83286b1cce702) (ScriptedImporter)[PhysX] Initialized MultithreadedTaskDispatcher with 4 workers.
 -> (artifact id: 'bc794f5afdb84e883e40eb001c86e68a') in 0.012128083 seconds
Number of updated asset objects reloaded before import = 0Number of asset objects unloaded after import = 7

========================================================================
Received Import Request.
  Time since last request: 0.000045 seconds.
  path: Assets/_Unity Essentials/Audio/Sound FX/SFX_Bird_3.ogg
  artifactKey: Guid(afebac5c8b8e94c279f64a8866219739) Importer(2089858483,192608db42251d675da83286b1cce702)
Start importing Assets/_Unity Essentials/Audio/Sound FX/SFX_Bird_3.ogg using Guid(afebac5c8b8e94c279f64a8866219739) Importer(2089858483,192608db42251d675da83286b1cce702) (ScriptedImporter)[PhysX] Initialized MultithreadedTaskDispatcher with 4 workers.
 -> (artifact id: '84639b84772ab7efb1eec42c48c46191') in 0.02873425 seconds
Number of updated asset objects reloaded before import = 0Number of asset objects unloaded after import = 1

========================================================================
Received Import Request.
  Time since last request: 0.000056 seconds.
  path: Assets/TextMesh Pro/Documentation/TextMesh Pro User Guide 2016.pdf
  artifactKey: Guid(1b8d251f9af63b746bf2f7ffe00ebb9b) Importer(2089858483,192608db42251d675da83286b1cce702)
Start importing Assets/TextMesh Pro/Documentation/TextMesh Pro User Guide 2016.pdf using Guid(1b8d251f9af63b746bf2f7ffe00ebb9b) Importer(2089858483,192608db42251d675da83286b1cce702) (ScriptedImporter)[PhysX] Initialized MultithreadedTaskDispatcher with 4 workers.
 -> (artifact id: '6bf52706f8a9d142571d4c6b3bed3af1') in 0.0032705 seconds
Number of updated asset objects reloaded before import = 0Number of asset objects unloaded after import = 1

========================================================================
Received Import Request.
  Time since last request: 0.000065 seconds.
  path: Assets/_Unity Essentials/Models/Shapes/Ramp.obj
  artifactKey: Guid(a3357cbbca60d4fdda0aca4df763d95c) Importer(2089858483,192608db42251d675da83286b1cce702)
Start importing Assets/_Unity Essentials/Models/Shapes/Ramp.obj using Guid(a3357cbbca60d4fdda0aca4df763d95c) Importer(2089858483,192608db42251d675da83286b1cce702) (ScriptedImporter)[PhysX] Initialized MultithreadedTaskDispatcher with 4 workers.
 -> (artifact id: '730531c09e2875af49caaada5cf5bfc9') in 0.021822 seconds
Number of updated asset objects reloaded before import = 0Number of asset objects unloaded after import = 10

========================================================================
Received Import Request.
  Time since last request: 0.000057 seconds.
  path: Assets/Settings/URP-HighFidelity.asset
  artifactKey: Guid(7b7fd9122c28c4d15b667c7040e3b3fd) Importer(2089858483,192608db42251d675da83286b1cce702)
Start importing Assets/Settings/URP-HighFidelity.asset using Guid(7b7fd9122c28c4d15b667c7040e3b3fd) Importer(2089858483,192608db42251d675da83286b1cce702) (ScriptedImporter)[PhysX] Initialized MultithreadedTaskDispatcher with 4 workers.
 -> (artifact id: '80fb0983b5bc19b24f0e599c9c1cd0f3') in 0.019530542 seconds
Number of updated asset objects reloaded before import = 0Number of asset objects unloaded after import = 3

========================================================================
Received Import Request.
  Time since last request: 0.000074 seconds.
  path: Assets/_Unity Essentials/Audio/Sound FX/SFX_Win.wav
  artifactKey: Guid(1a1f66a2481cc4201b08ee51f23b9104) Importer(2089858483,192608db42251d675da83286b1cce702)
Start importing Assets/_Unity Essentials/Audio/Sound FX/SFX_Win.wav using Guid(1a1f66a2481cc4201b08ee51f23b9104) Importer(2089858483,192608db42251d675da83286b1cce702) (ScriptedImporter)[PhysX] Initialized MultithreadedTaskDispatcher with 4 workers.
 -> (artifact id: '7c3cc3f1357278aa28339b2e029f3ca0') in 0.016995208 seconds
Number of updated asset objects reloaded before import = 0Number of asset objects unloaded after import = 1

========================================================================
Received Import Request.
  Time since last request: 0.000058 seconds.
  path: Assets/Settings/URP-Performant.asset
  artifactKey: Guid(d0e2fc18fe036412f8223b3b3d9ad574) Importer(2089858483,192608db42251d675da83286b1cce702)
Start importing Assets/Settings/URP-Performant.asset using Guid(d0e2fc18fe036412f8223b3b3d9ad574) Importer(2089858483,192608db42251d675da83286b1cce702) (ScriptedImporter)[PhysX] Initialized MultithreadedTaskDispatcher with 4 workers.
 -> (artifact id: 'ba2e6ce66a8d4a980e77d95241fa15be') in 0.01874525 seconds
Number of updated asset objects reloaded before import = 0Number of asset objects unloaded after import = 2

========================================================================
Received Import Request.
  Time since last request: 0.000065 seconds.
  path: Assets/_Unity Essentials/Models/Furniture/LampShadeDome.FBX
  artifactKey: Guid(06fde725bfec3e24b8ece101a9c7206a) Importer(2089858483,192608db42251d675da83286b1cce702)
Start importing Assets/_Unity Essentials/Models/Furniture/LampShadeDome.FBX using Guid(06fde725bfec3e24b8ece101a9c7206a) Importer(2089858483,192608db42251d675da83286b1cce702) (ScriptedImporter)[PhysX] Initialized MultithreadedTaskDispatcher with 4 workers.
 -> (artifact id: '26fbafbd2d9bb161b1d44662613b532b') in 0.0222545 seconds
Number of updated asset objects reloaded before import = 0Number of asset objects unloaded after import = 7

========================================================================
Received Import Request.
  Time since last request: 0.000058 seconds.
  path: Assets/TextMesh Pro/Fonts/LiberationSans.ttf
  artifactKey: Guid(e3265ab4bf004d28a9537516768c1c75) Importer(2089858483,192608db42251d675da83286b1cce702)
Start importing Assets/TextMesh Pro/Fonts/LiberationSans.ttf using Guid(e3265ab4bf004d28a9537516768c1c75) Importer(2089858483,192608db42251d675da83286b1cce702) (ScriptedImporter)[PhysX] Initialized MultithreadedTaskDispatcher with 4 workers.
 -> (artifact id: '6fd42708db026dd95cd70411fafd11fd') in 0.01958775 seconds
Number of updated asset objects reloaded before import = 0Number of asset objects unloaded after import = 3

========================================================================
Received Import Request.
  Time since last request: 0.000069 seconds.
  path: Assets/_Unity Essentials/Audio/Sound FX/SFX_Bird_2.ogg
  artifactKey: Guid(6a7562b0ac8b944158d1dd076785ca39) Importer(2089858483,192608db42251d675da83286b1cce702)
Start importing Assets/_Unity Essentials/Audio/Sound FX/SFX_Bird_2.ogg using Guid(6a7562b0ac8b944158d1dd076785ca39) Importer(2089858483,192608db42251d675da83286b1cce702) (ScriptedImporter)[PhysX] Initialized MultithreadedTaskDispatcher with 4 workers.
 -> (artifact id: 'af491662a538c63e0baff89d2bcfc515') in 0.028837792 seconds
Number of updated asset objects reloaded before import = 0Number of asset objects unloaded after import = 1

========================================================================
Received Import Request.
  Time since last request: 0.000069 seconds.
  path: Assets/TextMesh Pro/Shaders/TMPro_Surface.cginc
  artifactKey: Guid(d930090c0cd643c7b55f19a38538c162) Importer(2089858483,192608db42251d675da83286b1cce702)
Start importing Assets/TextMesh Pro/Shaders/TMPro_Surface.cginc using Guid(d930090c0cd643c7b55f19a38538c162) Importer(2089858483,192608db42251d675da83286b1cce702) (ScriptedImporter)[PhysX] Initialized MultithreadedTaskDispatcher with 4 workers.
 -> (artifact id: 'bff8c87a9eea981425c6fa62db7912c8') in 0.00350425 seconds
Number of updated asset objects reloaded before import = 0Number of asset objects unloaded after import = 1

========================================================================
Received Import Request.
  Time since last request: 0.522292 seconds.
  path: Assets/_Unity Essentials/Prefabs/Lights/LampTall.prefab
  artifactKey: Guid(ebc13ed40311b184c98364ffba271c6c) Importer(2089858483,192608db42251d675da83286b1cce702)
Start importing Assets/_Unity Essentials/Prefabs/Lights/LampTall.prefab using Guid(ebc13ed40311b184c98364ffba271c6c) Importer(2089858483,192608db42251d675da83286b1cce702) (ScriptedImporter)[PhysX] Initialized MultithreadedTaskDispatcher with 4 workers.
 -> (artifact id: 'bcccba6e15af0c2343cd36e39662c904') in 0.014573167 seconds
Number of updated asset objects reloaded before import = 0Number of asset objects unloaded after import = 28

========================================================================
Received Import Request.
  Time since last request: 0.000064 seconds.
  path: Assets/_Unity Essentials/Prefabs/Walls/WallDoorFrame2m.prefab
  artifactKey: Guid(2a0112f4fd798c8459cf0e23c603350d) Importer(2089858483,192608db42251d675da83286b1cce702)
Start importing Assets/_Unity Essentials/Prefabs/Walls/WallDoorFrame2m.prefab using Guid(2a0112f4fd798c8459cf0e23c603350d) Importer(2089858483,192608db42251d675da83286b1cce702) (ScriptedImporter)[PhysX] Initialized MultithreadedTaskDispatcher with 4 workers.
 -> (artifact id: '7e9c8f532122266372ed59490e61fb59') in 0.008232583 seconds
Number of updated asset objects reloaded before import = 0Number of asset objects unloaded after import = 17

========================================================================
Received Import Request.
  Time since last request: 0.000085 seconds.
  path: Assets/_Unity Essentials/Prefabs/VFX/VFX_Burst.prefab
  artifactKey: Guid(a64312fe794124baa923bcca22ea4631) Importer(2089858483,192608db42251d675da83286b1cce702)
Start importing Assets/_Unity Essentials/Prefabs/VFX/VFX_Burst.prefab using Guid(a64312fe794124baa923bcca22ea4631) Importer(2089858483,192608db42251d675da83286b1cce702) (ScriptedImporter)[PhysX] Initialized MultithreadedTaskDispatcher with 4 workers.
 -> (artifact id: 'd5e96fde97d07a1b382ed633c1841117') in 0.168679375 seconds
Number of updated asset objects reloaded before import = 0Number of asset objects unloaded after import = 6

========================================================================
Received Import Request.
  Time since last request: 0.000101 seconds.
  path: Assets/_Unity Essentials/Prefabs/Outdoor/Umbrella_7ft_BY001.prefab
  artifactKey: Guid(3fdf3e7354b87fb4fabef2bf02e53367) Importer(2089858483,192608db42251d675da83286b1cce702)
Start importing Assets/_Unity Essentials/Prefabs/Outdoor/Umbrella_7ft_BY001.prefab using Guid(3fdf3e7354b87fb4fabef2bf02e53367) Importer(2089858483,192608db42251d675da83286b1cce702) (ScriptedImporter)[PhysX] Initialized MultithreadedTaskDispatcher with 4 workers.
 -> (artifact id: 'c0f72fee93407472964979d89ab9a886') in 0.02514225 seconds
Number of updated asset objects reloaded before import = 0Number of asset objects unloaded after import = 29

========================================================================
Received Import Request.
  Time since last request: 0.000097 seconds.
  path: Assets/_Unity Essentials/Prefabs/Objects/Speaker_Boombox.prefab
  artifactKey: Guid(b1537290f47c63744ac10546e5a71f18) Importer(2089858483,192608db42251d675da83286b1cce702)
Start importing Assets/_Unity Essentials/Prefabs/Objects/Speaker_Boombox.prefab using Guid(b1537290f47c63744ac10546e5a71f18) Importer(2089858483,192608db42251d675da83286b1cce702) (ScriptedImporter)[PhysX] Initialized MultithreadedTaskDispatcher with 4 workers.
 -> (artifact id: '0dff3ca036b4dc0fd3aeb5fdd2b1eded') in 0.012957959 seconds
Number of updated asset objects reloaded before import = 0Number of asset objects unloaded after import = 16

========================================================================
Received Import Request.
  Time since last request: 0.000132 seconds.
  path: Assets/_Unity Essentials/Prefabs/Rooms/04_Gallery.prefab
  artifactKey: Guid(22fb10578c588472d917dc83459aa28c) Importer(2089858483,192608db42251d675da83286b1cce702)
Start importing Assets/_Unity Essentials/Prefabs/Rooms/04_Gallery.prefab using Guid(22fb10578c588472d917dc83459aa28c) Importer(2089858483,192608db42251d675da83286b1cce702) (ScriptedImporter)[PhysX] Initialized MultithreadedTaskDispatcher with 4 workers.
 -> (artifact id: '1a307e732fa66e55581154bf07e5e295') in 0.032248417 seconds
Number of updated asset objects reloaded before import = 0Number of asset objects unloaded after import = 132

========================================================================
Received Import Request.
  Time since last request: 0.000106 seconds.
  path: Assets/_Unity Essentials/Sprites/Furniture/ArmChair.png
  artifactKey: Guid(05400a652ebda43e3b26bc8ecf6b5342) Importer(2089858483,192608db42251d675da83286b1cce702)
Start importing Assets/_Unity Essentials/Sprites/Furniture/ArmChair.png using Guid(05400a652ebda43e3b26bc8ecf6b5342) Importer(2089858483,192608db42251d675da83286b1cce702) (ScriptedImporter)[PhysX] Initialized MultithreadedTaskDispatcher with 4 workers.
 -> (artifact id: '4eab67cb6e9458fd6340891525101d26') in 0.125825417 seconds
Number of updated asset objects reloaded before import = 0Number of asset objects unloaded after import = 3

========================================================================
Received Import Request.
  Time since last request: 0.000071 seconds.
  path: Assets/_Unity Essentials/Textures/Interior/StripesGreenBlue.jpg
  artifactKey: Guid(c21504c1b0d9f1b4caef36918ccf938e) Importer(2089858483,192608db42251d675da83286b1cce702)
Start importing Assets/_Unity Essentials/Textures/Interior/StripesGreenBlue.jpg using Guid(c21504c1b0d9f1b4caef36918ccf938e) Importer(2089858483,192608db42251d675da83286b1cce702) (ScriptedImporter)[PhysX] Initialized MultithreadedTaskDispatcher with 4 workers.
 -> (artifact id: '97b95bf90dc0ba140ef2439a9f80159f') in 0.013527333 seconds
Number of updated asset objects reloaded before import = 0Number of asset objects unloaded after import = 1

========================================================================
Received Import Request.
  Time since last request: 0.000080 seconds.
  path: Assets/_Unity Essentials/Textures/Interior/Floor_WoodPlanks.jpg
  artifactKey: Guid(60098c39104cdda4296f7a228ee93537) Importer(2089858483,192608db42251d675da83286b1cce702)
Start importing Assets/_Unity Essentials/Textures/Interior/Floor_WoodPlanks.jpg using Guid(60098c39104cdda4296f7a228ee93537) Importer(2089858483,192608db42251d675da83286b1cce702) (ScriptedImporter)[PhysX] Initialized MultithreadedTaskDispatcher with 4 workers.
 -> (artifact id: '14cb4e859eabd71aaba34be764589021') in 0.014799417 seconds
Number of updated asset objects reloaded before import = 0Number of asset objects unloaded after import = 1

========================================================================
Received Import Request.
  Time since last request: 0.000084 seconds.
  path: Assets/_Unity Essentials/Sprites/Furniture/SlipperL.png
  artifactKey: Guid(c0880bd94f2cf44c28440ee22ef54e43) Importer(2089858483,192608db42251d675da83286b1cce702)
Start importing Assets/_Unity Essentials/Sprites/Furniture/SlipperL.png using Guid(c0880bd94f2cf44c28440ee22ef54e43) Importer(2089858483,192608db42251d675da83286b1cce702) (ScriptedImporter)[PhysX] Initialized MultithreadedTaskDispatcher with 4 workers.
 -> (artifact id: '69a53662c20c6df4f4d1c5022a86785e') in 0.02160025 seconds
Number of updated asset objects reloaded before import = 0Number of asset objects unloaded after import = 3

========================================================================
Received Import Request.
  Time since last request: 0.000076 seconds.
  path: Assets/_Unity Essentials/Textures/Outdoor/Grid_01_BaseMap.png
  artifactKey: Guid(d1118dda59970a2449ee890fa247c4c5) Importer(2089858483,192608db42251d675da83286b1cce702)
Start importing Assets/_Unity Essentials/Textures/Outdoor/Grid_01_BaseMap.png using Guid(d1118dda59970a2449ee890fa247c4c5) Importer(2089858483,192608db42251d675da83286b1cce702) (ScriptedImporter)[PhysX] Initialized MultithreadedTaskDispatcher with 4 workers.
 -> (artifact id: '1c568a4f42ee17dc117ccbe9c27979eb') in 0.029375875 seconds
Number of updated asset objects reloaded before import = 0Number of asset objects unloaded after import = 1

========================================================================
Received Import Request.
  Time since last request: 0.000094 seconds.
  path: Assets/_Unity Essentials/Textures/Outdoor/Concrete_Metallic.tif
  artifactKey: Guid(5d6f91bab10f9f345aa741e70bc0fd6f) Importer(2089858483,192608db42251d675da83286b1cce702)
Start importing Assets/_Unity Essentials/Textures/Outdoor/Concrete_Metallic.tif using Guid(5d6f91bab10f9f345aa741e70bc0fd6f) Importer(2089858483,192608db42251d675da83286b1cce702) (ScriptedImporter)[PhysX] Initialized MultithreadedTaskDispatcher with 4 workers.
 -> (artifact id: '89785b09449a460a01479264fbc6529b') in 0.014570083 seconds
Number of updated asset objects reloaded before import = 0Number of asset objects unloaded after import = 1

========================================================================
Received Import Request.
  Time since last request: 0.000070 seconds.
  path: Assets/_Unity Essentials/Sprites/Furniture/Sofa.png
  artifactKey: Guid(8d314faf0bc484fa2812f3d0d23d60e3) Importer(2089858483,192608db42251d675da83286b1cce702)
Start importing Assets/_Unity Essentials/Sprites/Furniture/Sofa.png using Guid(8d314faf0bc484fa2812f3d0d23d60e3) Importer(2089858483,192608db42251d675da83286b1cce702) (ScriptedImporter)[PhysX] Initialized MultithreadedTaskDispatcher with 4 workers.
 -> (artifact id: 'a97f70ee6ac9efa49a5d966ad72a3d4a') in 0.026505958 seconds
Number of updated asset objects reloaded before import = 0Number of asset objects unloaded after import = 3

========================================================================
Received Import Request.
  Time since last request: 0.000101 seconds.
  path: Assets/_Unity Essentials/Textures/Interior/WallGreenLight.jpg
  artifactKey: Guid(c5d6c52a4af1c5041b1f8e984e74797e) Importer(2089858483,192608db42251d675da83286b1cce702)
Start importing Assets/_Unity Essentials/Textures/Interior/WallGreenLight.jpg using Guid(c5d6c52a4af1c5041b1f8e984e74797e) Importer(2089858483,192608db42251d675da83286b1cce702) (ScriptedImporter)[PhysX] Initialized MultithreadedTaskDispatcher with 4 workers.
 -> (artifact id: 'b424f85bdc5b0dba38ffd87612152963') in 0.015708084 seconds
Number of updated asset objects reloaded before import = 0Number of asset objects unloaded after import = 1

========================================================================
Received Import Request.
  Time since last request: 0.000113 seconds.
  path: Assets/_Unity Essentials/Textures/Skyboxes/SkyBrightMorning_Back.png
  artifactKey: Guid(39c4c18da0d298943ab7d4d6a770a6c4) Importer(2089858483,192608db42251d675da83286b1cce702)
Start importing Assets/_Unity Essentials/Textures/Skyboxes/SkyBrightMorning_Back.png using Guid(39c4c18da0d298943ab7d4d6a770a6c4) Importer(2089858483,192608db42251d675da83286b1cce702) (ScriptedImporter)[PhysX] Initialized MultithreadedTaskDispatcher with 4 workers.
 -> (artifact id: '04873b65e9d6e8d58524383fc43fd20a') in 0.01644025 seconds
Number of updated asset objects reloaded before import = 0Number of asset objects unloaded after import = 1

========================================================================
Received Import Request.
  Time since last request: 0.000081 seconds.
  path: Assets/_Unity Essentials/Textures/Outdoor/Tile_CheckerBoard_BW.png
  artifactKey: Guid(248eb7652812243e88b5b7ffb5d18768) Importer(2089858483,192608db42251d675da83286b1cce702)
Start importing Assets/_Unity Essentials/Textures/Outdoor/Tile_CheckerBoard_BW.png using Guid(248eb7652812243e88b5b7ffb5d18768) Importer(2089858483,192608db42251d675da83286b1cce702) (ScriptedImporter)[PhysX] Initialized MultithreadedTaskDispatcher with 4 workers.
 -> (artifact id: '33f694215622da262b5ab27bb30e5544') in 0.014851833 seconds
Number of updated asset objects reloaded before import = 0Number of asset objects unloaded after import = 1

========================================================================
Received Import Request.
  Time since last request: 0.000071 seconds.
  path: Assets/_Unity Essentials/Textures/Icons/Icon_Starter-Scene.jpg
  artifactKey: Guid(faf02e5d888cd44ef8466d8d2ec310d7) Importer(2089858483,192608db42251d675da83286b1cce702)
Start importing Assets/_Unity Essentials/Textures/Icons/Icon_Starter-Scene.jpg using Guid(faf02e5d888cd44ef8466d8d2ec310d7) Importer(2089858483,192608db42251d675da83286b1cce702) (ScriptedImporter)[PhysX] Initialized MultithreadedTaskDispatcher with 4 workers.
 -> (artifact id: '25ab9e168959d45a97e4df21f8394bc2') in 0.015189292 seconds
Number of updated asset objects reloaded before import = 0Number of asset objects unloaded after import = 1

========================================================================
Received Import Request.
  Time since last request: 0.000097 seconds.
  path: Assets/_Unity Essentials/Textures/Icons/Icon_Playground.png
  artifactKey: Guid(87f32f25e797e41a19902877f2884287) Importer(2089858483,192608db42251d675da83286b1cce702)
Start importing Assets/_Unity Essentials/Textures/Icons/Icon_Playground.png using Guid(87f32f25e797e41a19902877f2884287) Importer(2089858483,192608db42251d675da83286b1cce702) (ScriptedImporter)[PhysX] Initialized MultithreadedTaskDispatcher with 4 workers.
 -> (artifact id: '85f371bffd6cb5e90c6a961358e3922d') in 0.0296335 seconds
Number of updated asset objects reloaded before import = 0Number of asset objects unloaded after import = 1

========================================================================
Received Import Request.
  Time since last request: 0.000118 seconds.
  path: Assets/_Unity Essentials/Textures/Objects/BasketBallNet_Mesh.png
  artifactKey: Guid(efda1462eef3240d1ac149c34d6437f0) Importer(2089858483,192608db42251d675da83286b1cce702)
Start importing Assets/_Unity Essentials/Textures/Objects/BasketBallNet_Mesh.png using Guid(efda1462eef3240d1ac149c34d6437f0) Importer(2089858483,192608db42251d675da83286b1cce702) (ScriptedImporter)[PhysX] Initialized MultithreadedTaskDispatcher with 4 workers.
 -> (artifact id: 'e4594d0a3526dbf4d937cb1323fc5a5b') in 0.015728875 seconds
Number of updated asset objects reloaded before import = 0Number of asset objects unloaded after import = 1

========================================================================
Received Import Request.
  Time since last request: 0.000093 seconds.
  path: Assets/_Unity Essentials/Prefabs/Shapes/Cone.prefab
  artifactKey: Guid(0cbdb594186a74def890e287a4f059ab) Importer(2089858483,192608db42251d675da83286b1cce702)
Start importing Assets/_Unity Essentials/Prefabs/Shapes/Cone.prefab using Guid(0cbdb594186a74def890e287a4f059ab) Importer(2089858483,192608db42251d675da83286b1cce702) (ScriptedImporter)[PhysX] Initialized MultithreadedTaskDispatcher with 4 workers.
 -> (artifact id: '3cb008b9af050574927a0a75dc5af1c4') in 0.009591792 seconds
Number of updated asset objects reloaded before import = 0Number of asset objects unloaded after import = 7

========================================================================
Received Import Request.
  Time since last request: 0.000136 seconds.
  path: Assets/_Unity Essentials/Prefabs/VFX/VFX_FloatUp.prefab
  artifactKey: Guid(0e62c4d669c52425fa7ad6a0a297dd84) Importer(2089858483,192608db42251d675da83286b1cce702)
Start importing Assets/_Unity Essentials/Prefabs/VFX/VFX_FloatUp.prefab using Guid(0e62c4d669c52425fa7ad6a0a297dd84) Importer(2089858483,192608db42251d675da83286b1cce702) (ScriptedImporter)[PhysX] Initialized MultithreadedTaskDispatcher with 4 workers.
 -> (artifact id: 'a2523dc2fd7e4618d4efaf1214ad4e9c') in 0.048019125 seconds
Number of updated asset objects reloaded before import = 0Number of asset objects unloaded after import = 6

========================================================================
Received Import Request.
  Time since last request: 0.000087 seconds.
  path: Assets/_Unity Essentials/Prefabs/Outdoor/Grill_54in_BY001.prefab
  artifactKey: Guid(5190fbab6823c1644a54e9d5022d3dd3) Importer(2089858483,192608db42251d675da83286b1cce702)
Start importing Assets/_Unity Essentials/Prefabs/Outdoor/Grill_54in_BY001.prefab using Guid(5190fbab6823c1644a54e9d5022d3dd3) Importer(2089858483,192608db42251d675da83286b1cce702) (ScriptedImporter)[PhysX] Initialized MultithreadedTaskDispatcher with 4 workers.
 -> (artifact id: '9d8e2dc97339be3e6465f0723ea8cf62') in 0.015330875 seconds
Number of updated asset objects reloaded before import = 0Number of asset objects unloaded after import = 16

========================================================================
Received Import Request.
  Time since last request: 0.000072 seconds.
  path: Assets/_Unity Essentials/Prefabs/Walls/WallWindowBay4m.prefab
  artifactKey: Guid(94dee45fe843aa543b410fcaa3596d89) Importer(2089858483,192608db42251d675da83286b1cce702)
Start importing Assets/_Unity Essentials/Prefabs/Walls/WallWindowBay4m.prefab using Guid(94dee45fe843aa543b410fcaa3596d89) Importer(2089858483,192608db42251d675da83286b1cce702) (ScriptedImporter)[PhysX] Initialized MultithreadedTaskDispatcher with 4 workers.
 -> (artifact id: 'ed2573ea934a74020906d55d3ea3e8d4') in 0.0102775 seconds
Number of updated asset objects reloaded before import = 0Number of asset objects unloaded after import = 55

========================================================================
Received Import Request.
  Time since last request: 0.000098 seconds.
  path: Assets/_Unity Essentials/Textures/Skyboxes/SkyMidNight_Back.png
  artifactKey: Guid(1a40cbba43c28844d9d5434d798a3784) Importer(2089858483,192608db42251d675da83286b1cce702)
Start importing Assets/_Unity Essentials/Textures/Skyboxes/SkyMidNight_Back.png using Guid(1a40cbba43c28844d9d5434d798a3784) Importer(2089858483,192608db42251d675da83286b1cce702) (ScriptedImporter)[PhysX] Initialized MultithreadedTaskDispatcher with 4 workers.
 -> (artifact id: '042352fee93221c74da38cf39de4b691') in 0.028271292 seconds
Number of updated asset objects reloaded before import = 0Number of asset objects unloaded after import = 1

========================================================================
Received Import Request.
  Time since last request: 0.000090 seconds.
  path: Assets/_Unity Essentials/Sprites/Characters/RacingCar_2D.png
  artifactKey: Guid(42e108e8c474d4f3fb30f3b7e7ac1ccc) Importer(2089858483,192608db42251d675da83286b1cce702)
Start importing Assets/_Unity Essentials/Sprites/Characters/RacingCar_2D.png using Guid(42e108e8c474d4f3fb30f3b7e7ac1ccc) Importer(2089858483,192608db42251d675da83286b1cce702) (ScriptedImporter)[PhysX] Initialized MultithreadedTaskDispatcher with 4 workers.
 -> (artifact id: '74068a70bf72bfb94e46f96868cffa41') in 0.025710583 seconds
Number of updated asset objects reloaded before import = 0Number of asset objects unloaded after import = 3

========================================================================
Received Import Request.
  Time since last request: 0.000097 seconds.
  path: Assets/_Unity Essentials/Textures/Icons/Icon_Slide.png
  artifactKey: Guid(de0858c44cabe4025bf4b00b7822f50a) Importer(2089858483,192608db42251d675da83286b1cce702)
Start importing Assets/_Unity Essentials/Textures/Icons/Icon_Slide.png using Guid(de0858c44cabe4025bf4b00b7822f50a) Importer(2089858483,192608db42251d675da83286b1cce702) (ScriptedImporter)[PhysX] Initialized MultithreadedTaskDispatcher with 4 workers.
 -> (artifact id: '0129bbb65b709a1f42cbc9f3a83803e2') in 0.016033875 seconds
Number of updated asset objects reloaded before import = 0Number of asset objects unloaded after import = 1

========================================================================
Received Import Request.
  Time since last request: 0.000090 seconds.
  path: Assets/_Unity Essentials/Textures/Icons/Icon_Blocks.png
  artifactKey: Guid(0f877f033e1224349bf8f19c1b67984b) Importer(2089858483,192608db42251d675da83286b1cce702)
Start importing Assets/_Unity Essentials/Textures/Icons/Icon_Blocks.png using Guid(0f877f033e1224349bf8f19c1b67984b) Importer(2089858483,192608db42251d675da83286b1cce702) (ScriptedImporter)[PhysX] Initialized MultithreadedTaskDispatcher with 4 workers.
 -> (artifact id: '4cd20771b16b5af3fb6591ec41997d0c') in 0.01844625 seconds
Number of updated asset objects reloaded before import = 0Number of asset objects unloaded after import = 1

========================================================================
Received Import Request.
  Time since last request: 0.000076 seconds.
  path: Assets/_Unity Essentials/Sprites/Collectibles/Star_2D.prefab
  artifactKey: Guid(7ab3a4f3d38ad4e2e84cabbb4aec3530) Importer(2089858483,192608db42251d675da83286b1cce702)
Start importing Assets/_Unity Essentials/Sprites/Collectibles/Star_2D.prefab using Guid(7ab3a4f3d38ad4e2e84cabbb4aec3530) Importer(2089858483,192608db42251d675da83286b1cce702) (ScriptedImporter)[PhysX] Initialized MultithreadedTaskDispatcher with 4 workers.
 -> (artifact id: '26ed1d01a3a4997f09b5d4b126ccf35d') in 0.0472615 seconds
Number of updated asset objects reloaded before import = 0Number of asset objects unloaded after import = 14

========================================================================
Received Import Request.
  Time since last request: 0.000138 seconds.
  path: Assets/_Unity Essentials/Sprites/Floor/FloorGreen.png
  artifactKey: Guid(06e56311aad7944f2932f135244a10fb) Importer(2089858483,192608db42251d675da83286b1cce702)
Start importing Assets/_Unity Essentials/Sprites/Floor/FloorGreen.png using Guid(06e56311aad7944f2932f135244a10fb) Importer(2089858483,192608db42251d675da83286b1cce702) (ScriptedImporter)[PhysX] Initialized MultithreadedTaskDispatcher with 4 workers.
 -> (artifact id: '4f6102e05eceb28782891ce84c41dacc') in 0.038338875 seconds
Number of updated asset objects reloaded before import = 0Number of asset objects unloaded after import = 3

========================================================================
Received Import Request.
  Time since last request: 0.000071 seconds.
  path: Assets/_Unity Essentials/Prefabs/Outdoor/Fence_DogEar_8ft_BY001.prefab
  artifactKey: Guid(fe8a65ee85ee58d4f88156542e3040f7) Importer(2089858483,192608db42251d675da83286b1cce702)
Start importing Assets/_Unity Essentials/Prefabs/Outdoor/Fence_DogEar_8ft_BY001.prefab using Guid(fe8a65ee85ee58d4f88156542e3040f7) Importer(2089858483,192608db42251d675da83286b1cce702) (ScriptedImporter)[PhysX] Initialized MultithreadedTaskDispatcher with 4 workers.
 -> (artifact id: '4964ac7955108ce212f02c7447b39829') in 0.016670041 seconds
Number of updated asset objects reloaded before import = 0Number of asset objects unloaded after import = 16

========================================================================
Received Import Request.
  Time since last request: 0.000087 seconds.
  path: Assets/_Unity Essentials/Prefabs/Tangram Puzzle/Puzzle Variant.prefab
  artifactKey: Guid(02854fdfa4f214c54b95766c25b9f5cf) Importer(2089858483,192608db42251d675da83286b1cce702)
Start importing Assets/_Unity Essentials/Prefabs/Tangram Puzzle/Puzzle Variant.prefab using Guid(02854fdfa4f214c54b95766c25b9f5cf) Importer(2089858483,192608db42251d675da83286b1cce702) (ScriptedImporter)[PhysX] Initialized MultithreadedTaskDispatcher with 4 workers.
 -> (artifact id: 'a303b38389e88c22ed14f66811d8239d') in 0.010575416 seconds
Number of updated asset objects reloaded before import = 0Number of asset objects unloaded after import = 80

========================================================================
Received Import Request.
  Time since last request: 0.000118 seconds.
  path: Assets/_Unity Essentials/Materials/Interior/Collectibles/Material_Guitar.mat
  artifactKey: Guid(4aab85b3062ed37468821d16712d58ea) Importer(2089858483,192608db42251d675da83286b1cce702)
Start importing Assets/_Unity Essentials/Materials/Interior/Collectibles/Material_Guitar.mat using Guid(4aab85b3062ed37468821d16712d58ea) Importer(2089858483,192608db42251d675da83286b1cce702) (ScriptedImporter)[PhysX] Initialized MultithreadedTaskDispatcher with 4 workers.
 -> (artifact id: '806841a8c413dceadb389be9957f1234') in 0.01850925 seconds
Number of updated asset objects reloaded before import = 0Number of asset objects unloaded after import = 3

========================================================================
Received Import Request.
  Time since last request: 0.000088 seconds.
  path: Assets/_Unity Essentials/Textures/Skyboxes/SkyBrightMorning_Left.png
  artifactKey: Guid(7c7a8084134bd4a4bb75893e64cdd050) Importer(2089858483,192608db42251d675da83286b1cce702)
Start importing Assets/_Unity Essentials/Textures/Skyboxes/SkyBrightMorning_Left.png using Guid(7c7a8084134bd4a4bb75893e64cdd050) Importer(2089858483,192608db42251d675da83286b1cce702) (ScriptedImporter)[PhysX] Initialized MultithreadedTaskDispatcher with 4 workers.
 -> (artifact id: '685ca206af78afa16626e0de1c82b21e') in 0.020305709 seconds
Number of updated asset objects reloaded before import = 0Number of asset objects unloaded after import = 1

========================================================================
Received Import Request.
  Time since last request: 0.000115 seconds.
  path: Assets/_Unity Essentials/Textures/Interior/Floor_BeigeStripes.jpg
  artifactKey: Guid(01e75fac537f199469b905e8b40bbc1d) Importer(2089858483,192608db42251d675da83286b1cce702)
Start importing Assets/_Unity Essentials/Textures/Interior/Floor_BeigeStripes.jpg using Guid(01e75fac537f199469b905e8b40bbc1d) Importer(2089858483,192608db42251d675da83286b1cce702) (ScriptedImporter)[PhysX] Initialized MultithreadedTaskDispatcher with 4 workers.
 -> (artifact id: '1d81eee05fa467c07acf007eb6716649') in 0.018421375 seconds
Number of updated asset objects reloaded before import = 0Number of asset objects unloaded after import = 1

========================================================================
Received Import Request.
  Time since last request: 0.000075 seconds.
  path: Assets/_Unity Essentials/Textures/Interior/StripesGreen.jpg
  artifactKey: Guid(ccf9b3b0a017b424bb283a6622b34cf4) Importer(2089858483,192608db42251d675da83286b1cce702)
Start importing Assets/_Unity Essentials/Textures/Interior/StripesGreen.jpg using Guid(ccf9b3b0a017b424bb283a6622b34cf4) Importer(2089858483,192608db42251d675da83286b1cce702) (ScriptedImporter)[PhysX] Initialized MultithreadedTaskDispatcher with 4 workers.
 -> (artifact id: '88ed68c566f685c376a802356f24e7a9') in 0.015391333 seconds
Number of updated asset objects reloaded before import = 0Number of asset objects unloaded after import = 1

========================================================================
Received Import Request.
  Time since last request: 0.000118 seconds.
  path: Assets/_Unity Essentials/Prefabs/VFX/VFX_Splatter.prefab
  artifactKey: Guid(919783951ffab4c9ea8860c54de9543c) Importer(2089858483,192608db42251d675da83286b1cce702)
Start importing Assets/_Unity Essentials/Prefabs/VFX/VFX_Splatter.prefab using Guid(919783951ffab4c9ea8860c54de9543c) Importer(2089858483,192608db42251d675da83286b1cce702) (ScriptedImporter)[PhysX] Initialized MultithreadedTaskDispatcher with 4 workers.
 -> (artifact id: '1f932f3c310c746f24a7e979681d5597') in 0.06760725 seconds
Number of updated asset objects reloaded before import = 0Number of asset objects unloaded after import = 6

========================================================================
Received Import Request.
  Time since last request: 0.000066 seconds.
  path: Assets/_Unity Essentials/Prefabs/Outdoor/Fence_DogEar_Gate_48in_BY001.prefab
  artifactKey: Guid(ad3b9e1a9eea5b84090075abe86e7353) Importer(2089858483,192608db42251d675da83286b1cce702)
Start importing Assets/_Unity Essentials/Prefabs/Outdoor/Fence_DogEar_Gate_48in_BY001.prefab using Guid(ad3b9e1a9eea5b84090075abe86e7353) Importer(2089858483,192608db42251d675da83286b1cce702) (ScriptedImporter)[PhysX] Initialized MultithreadedTaskDispatcher with 4 workers.
 -> (artifact id: '3d80bd050db526515fa540885a11d686') in 0.016292917 seconds
Number of updated asset objects reloaded before import = 0Number of asset objects unloaded after import = 16

========================================================================
Received Import Request.
  Time since last request: 0.000174 seconds.
  path: Assets/_Unity Essentials/Textures/UI Sprites/UI_9slice_Panel_Architecture.png
  artifactKey: Guid(95f591d528afeb54396f02a35e110583) Importer(2089858483,192608db42251d675da83286b1cce702)
Start importing Assets/_Unity Essentials/Textures/UI Sprites/UI_9slice_Panel_Architecture.png using Guid(95f591d528afeb54396f02a35e110583) Importer(2089858483,192608db42251d675da83286b1cce702) (ScriptedImporter)[PhysX] Initialized MultithreadedTaskDispatcher with 4 workers.
 -> (artifact id: '987fd5760eb43a2ae505b6567cb2eb3d') in 0.023029541 seconds
Number of updated asset objects reloaded before import = 0Number of asset objects unloaded after import = 3

========================================================================
Received Import Request.
  Time since last request: 0.000080 seconds.
  path: Assets/_Unity Essentials/Materials/Interior/Collectibles/Material_Key.mat
  artifactKey: Guid(97fe41dd3a1a91d4abde119990286662) Importer(2089858483,192608db42251d675da83286b1cce702)
Start importing Assets/_Unity Essentials/Materials/Interior/Collectibles/Material_Key.mat using Guid(97fe41dd3a1a91d4abde119990286662) Importer(2089858483,192608db42251d675da83286b1cce702) (ScriptedImporter)[PhysX] Initialized MultithreadedTaskDispatcher with 4 workers.
 -> (artifact id: '0eb84e5e060c71640c4e35004aacd9b1') in 0.016892334 seconds
Number of updated asset objects reloaded before import = 0Number of asset objects unloaded after import = 4

========================================================================
Received Import Request.
  Time since last request: 0.000077 seconds.
  path: Assets/_Unity Essentials/Materials/Interior/Environment/Gallery_Wall.mat
  artifactKey: Guid(be773e70b0ab6834089437eed3fe4db6) Importer(2089858483,192608db42251d675da83286b1cce702)
Start importing Assets/_Unity Essentials/Materials/Interior/Environment/Gallery_Wall.mat using Guid(be773e70b0ab6834089437eed3fe4db6) Importer(2089858483,192608db42251d675da83286b1cce702) (ScriptedImporter)[PhysX] Initialized MultithreadedTaskDispatcher with 4 workers.
 -> (artifact id: '2bd9a493142a47417b059cc90ac4f7c3') in 0.008433208 seconds
Number of updated asset objects reloaded before import = 0Number of asset objects unloaded after import = 1

========================================================================
Received Import Request.
  Time since last request: 0.000089 seconds.
  path: Assets/_Unity Essentials/Materials/Interior/Collectibles/Material_Potionbottleglass.mat
  artifactKey: Guid(57070b0829eaab840b3c0d841e24f0d5) Importer(2089858483,192608db42251d675da83286b1cce702)
Start importing Assets/_Unity Essentials/Materials/Interior/Collectibles/Material_Potionbottleglass.mat using Guid(57070b0829eaab840b3c0d841e24f0d5) Importer(2089858483,192608db42251d675da83286b1cce702) (ScriptedImporter)[PhysX] Initialized MultithreadedTaskDispatcher with 4 workers.
 -> (artifact id: '43550bffeafde91d3752d0b893f9e5e9') in 0.02471675 seconds
Number of updated asset objects reloaded before import = 0Number of asset objects unloaded after import = 5

========================================================================
Received Import Request.
  Time since last request: 0.000095 seconds.
  path: Assets/_Unity Essentials/Textures/Skyboxes/SkyMidNight_Top.png
  artifactKey: Guid(e211c2ca9055575428e0614590e7e651) Importer(2089858483,192608db42251d675da83286b1cce702)
Start importing Assets/_Unity Essentials/Textures/Skyboxes/SkyMidNight_Top.png using Guid(e211c2ca9055575428e0614590e7e651) Importer(2089858483,192608db42251d675da83286b1cce702) (ScriptedImporter)[PhysX] Initialized MultithreadedTaskDispatcher with 4 workers.
 -> (artifact id: '91a25a23fe2f3062915788f186ef5872') in 0.034349 seconds
Number of updated asset objects reloaded before import = 0Number of asset objects unloaded after import = 1

========================================================================
Received Import Request.
  Time since last request: 0.000085 seconds.
  path: Assets/_Unity Essentials/Textures/Interior/SpotsPurpleBright.jpg
  artifactKey: Guid(8373e759e250fb8458b4f421391eeddd) Importer(2089858483,192608db42251d675da83286b1cce702)
Start importing Assets/_Unity Essentials/Textures/Interior/SpotsPurpleBright.jpg using Guid(8373e759e250fb8458b4f421391eeddd) Importer(2089858483,192608db42251d675da83286b1cce702) (ScriptedImporter)[PhysX] Initialized MultithreadedTaskDispatcher with 4 workers.
 -> (artifact id: 'c62ed4467eef178120aaecd765010209') in 0.017431917 seconds
Number of updated asset objects reloaded before import = 0Number of asset objects unloaded after import = 1

========================================================================
Received Import Request.
  Time since last request: 0.000066 seconds.
  path: Assets/_Unity Essentials/Textures/Objects/Plastic_Normal.tif
  artifactKey: Guid(2dfa979e7be42b245a0cd27f30030ae3) Importer(2089858483,192608db42251d675da83286b1cce702)
Start importing Assets/_Unity Essentials/Textures/Objects/Plastic_Normal.tif using Guid(2dfa979e7be42b245a0cd27f30030ae3) Importer(2089858483,192608db42251d675da83286b1cce702) (ScriptedImporter)[PhysX] Initialized MultithreadedTaskDispatcher with 4 workers.
 -> (artifact id: '441bbe69056b321459f99fc64bb88d21') in 0.01381375 seconds
Number of updated asset objects reloaded before import = 0Number of asset objects unloaded after import = 1

========================================================================
Received Import Request.
  Time since last request: 0.000097 seconds.
  path: Assets/_Unity Essentials/Prefabs/Walls/WallDoor2m.prefab
  artifactKey: Guid(bfa974a01b4cbd94eb18f3e7956f9aca) Importer(2089858483,192608db42251d675da83286b1cce702)
Start importing Assets/_Unity Essentials/Prefabs/Walls/WallDoor2m.prefab using Guid(bfa974a01b4cbd94eb18f3e7956f9aca) Importer(2089858483,192608db42251d675da83286b1cce702) (ScriptedImporter)[PhysX] Initialized MultithreadedTaskDispatcher with 4 workers.
 -> (artifact id: '39abdc1a789ef8cb49c965f11ed267cf') in 0.009172875 seconds
Number of updated asset objects reloaded before import = 0Number of asset objects unloaded after import = 35

========================================================================
Received Import Request.
  Time since last request: 0.000112 seconds.
  path: Assets/_Unity Essentials/Prefabs/Shapes/Ramp.prefab
  artifactKey: Guid(33536709dbec94718966b62059ffe8cc) Importer(2089858483,192608db42251d675da83286b1cce702)
Start importing Assets/_Unity Essentials/Prefabs/Shapes/Ramp.prefab using Guid(33536709dbec94718966b62059ffe8cc) Importer(2089858483,192608db42251d675da83286b1cce702) (ScriptedImporter)[PhysX] Initialized MultithreadedTaskDispatcher with 4 workers.
 -> (artifact id: '049dbc5d61f625ff6aae3c940e34d8d9') in 0.010828208 seconds
Number of updated asset objects reloaded before import = 0Number of asset objects unloaded after import = 7

========================================================================
Received Import Request.
  Time since last request: 0.000113 seconds.
  path: Assets/_Unity Essentials/Materials/Interior/Environment/PatternSpotGrey.mat
  artifactKey: Guid(7caa15ab28d01b8479a66a569e2e0077) Importer(2089858483,192608db42251d675da83286b1cce702)
Start importing Assets/_Unity Essentials/Materials/Interior/Environment/PatternSpotGrey.mat using Guid(7caa15ab28d01b8479a66a569e2e0077) Importer(2089858483,192608db42251d675da83286b1cce702) (ScriptedImporter)[PhysX] Initialized MultithreadedTaskDispatcher with 4 workers.
 -> (artifact id: '02742c419c1a846df3a44d65a687d059') in 0.011314792 seconds
Number of updated asset objects reloaded before import = 0Number of asset objects unloaded after import = 2

========================================================================
Received Import Request.
  Time since last request: 0.000132 seconds.
  path: Assets/_Unity Essentials/Materials/Interior/Environment/StripesBeige.mat
  artifactKey: Guid(c13cdbe0c9bba8f40952f29c03590864) Importer(2089858483,192608db42251d675da83286b1cce702)
Start importing Assets/_Unity Essentials/Materials/Interior/Environment/StripesBeige.mat using Guid(c13cdbe0c9bba8f40952f29c03590864) Importer(2089858483,192608db42251d675da83286b1cce702) (ScriptedImporter)[PhysX] Initialized MultithreadedTaskDispatcher with 4 workers.
 -> (artifact id: '6f6b32d2d50445f5534edabe08142b43') in 0.009996291 seconds
Number of updated asset objects reloaded before import = 0Number of asset objects unloaded after import = 2

========================================================================
Received Import Request.
  Time since last request: 0.000080 seconds.
  path: Assets/_Unity Essentials/Materials/Interior/Environment/WoodPlanksBeige.mat
  artifactKey: Guid(942eadbeed18c7a4c8440c139367b61e) Importer(2089858483,192608db42251d675da83286b1cce702)
Start importing Assets/_Unity Essentials/Materials/Interior/Environment/WoodPlanksBeige.mat using Guid(942eadbeed18c7a4c8440c139367b61e) Importer(2089858483,192608db42251d675da83286b1cce702) (ScriptedImporter)[PhysX] Initialized MultithreadedTaskDispatcher with 4 workers.
 -> (artifact id: '833055b678bb7dc8ba61a0520a230a19') in 0.011486125 seconds
Number of updated asset objects reloaded before import = 0Number of asset objects unloaded after import = 2

========================================================================
Received Import Request.
  Time since last request: 0.000087 seconds.
  path: Assets/_Unity Essentials/Materials/Interior/Environment/PatternStripeGreenBlue.mat
  artifactKey: Guid(4dbfe01969382b44c98a833441d8d1ab) Importer(2089858483,192608db42251d675da83286b1cce702)
Start importing Assets/_Unity Essentials/Materials/Interior/Environment/PatternStripeGreenBlue.mat using Guid(4dbfe01969382b44c98a833441d8d1ab) Importer(2089858483,192608db42251d675da83286b1cce702) (ScriptedImporter)[PhysX] Initialized MultithreadedTaskDispatcher with 4 workers.
 -> (artifact id: '9de206298402bb687c9ec66ed1fbab35') in 0.011177792 seconds
Number of updated asset objects reloaded before import = 0Number of asset objects unloaded after import = 2

========================================================================
Received Import Request.
  Time since last request: 0.000079 seconds.
  path: Assets/_Unity Essentials/Prefabs/Living Room/CoffeeTable_48in_BY001.prefab
  artifactKey: Guid(3017a300061e0614bb6b5e2db02ae7ad) Importer(2089858483,192608db42251d675da83286b1cce702)
Start importing Assets/_Unity Essentials/Prefabs/Living Room/CoffeeTable_48in_BY001.prefab using Guid(3017a300061e0614bb6b5e2db02ae7ad) Importer(2089858483,192608db42251d675da83286b1cce702) (ScriptedImporter)[PhysX] Initialized MultithreadedTaskDispatcher with 4 workers.
 -> (artifact id: '1dc2b499c9e5a1ac9a125a70c1a374f5') in 0.030860708 seconds
Number of updated asset objects reloaded before import = 0Number of asset objects unloaded after import = 16

========================================================================
Received Import Request.
  Time since last request: 0.000062 seconds.
  path: Assets/_Unity Essentials/Textures/Interior/StripesGrey.jpg
  artifactKey: Guid(6e11cd9ad37b79649bc9c7ba105a547f) Importer(2089858483,192608db42251d675da83286b1cce702)
Start importing Assets/_Unity Essentials/Textures/Interior/StripesGrey.jpg using Guid(6e11cd9ad37b79649bc9c7ba105a547f) Importer(2089858483,192608db42251d675da83286b1cce702) (ScriptedImporter)[PhysX] Initialized MultithreadedTaskDispatcher with 4 workers.
 -> (artifact id: '6e0d4846920fe88bd2d002bd238359cf') in 0.015338625 seconds
Number of updated asset objects reloaded before import = 0Number of asset objects unloaded after import = 1

========================================================================
Received Import Request.
  Time since last request: 0.000117 seconds.
  path: Assets/_Unity Essentials/Textures/Skyboxes/kloofendal_48d_partly_cloudy_puresky_1k.hdr
  artifactKey: Guid(9892dc8e02bb849a4a103ce00e4e5ecc) Importer(2089858483,192608db42251d675da83286b1cce702)
Start importing Assets/_Unity Essentials/Textures/Skyboxes/kloofendal_48d_partly_cloudy_puresky_1k.hdr using Guid(9892dc8e02bb849a4a103ce00e4e5ecc) Importer(2089858483,192608db42251d675da83286b1cce702) (ScriptedImporter)[PhysX] Initialized MultithreadedTaskDispatcher with 4 workers.
 -> (artifact id: 'a017499ed31a20b51abb3ca4dfc746b5') in 0.018138375 seconds
Number of updated asset objects reloaded before import = 0Number of asset objects unloaded after import = 1

========================================================================
Received Import Request.
  Time since last request: 0.000109 seconds.
  path: Assets/_Unity Essentials/Sprites/Furniture/Plant.png
  artifactKey: Guid(158971440a53a4f33b6116774b08fbe5) Importer(2089858483,192608db42251d675da83286b1cce702)
Start importing Assets/_Unity Essentials/Sprites/Furniture/Plant.png using Guid(158971440a53a4f33b6116774b08fbe5) Importer(2089858483,192608db42251d675da83286b1cce702) (ScriptedImporter)[PhysX] Initialized MultithreadedTaskDispatcher with 4 workers.
 -> (artifact id: 'efe80580dd6d56f064af873bc1ccc215') in 0.021160791 seconds
Number of updated asset objects reloaded before import = 0Number of asset objects unloaded after import = 3

========================================================================
Received Import Request.
  Time since last request: 0.000103 seconds.
  path: Assets/_Unity Essentials/Textures/Interior/Floor_WoodPlanksWhitewash.jpg
  artifactKey: Guid(d3a4340e4381a7a4abbec1036d8b59fa) Importer(2089858483,192608db42251d675da83286b1cce702)
Start importing Assets/_Unity Essentials/Textures/Interior/Floor_WoodPlanksWhitewash.jpg using Guid(d3a4340e4381a7a4abbec1036d8b59fa) Importer(2089858483,192608db42251d675da83286b1cce702) (ScriptedImporter)[PhysX] Initialized MultithreadedTaskDispatcher with 4 workers.
 -> (artifact id: 'c8dc9e7c4272eba07f3602bced8bb301') in 0.015393833 seconds
Number of updated asset objects reloaded before import = 0Number of asset objects unloaded after import = 1

========================================================================
Received Import Request.
  Time since last request: 0.000114 seconds.
  path: Assets/_Unity Essentials/Materials/Interior/Collectibles/Material_Gems.mat
  artifactKey: Guid(6678813e793f31f43a149bf78c879f5f) Importer(2089858483,192608db42251d675da83286b1cce702)
Start importing Assets/_Unity Essentials/Materials/Interior/Collectibles/Material_Gems.mat using Guid(6678813e793f31f43a149bf78c879f5f) Importer(2089858483,192608db42251d675da83286b1cce702) (ScriptedImporter)[PhysX] Initialized MultithreadedTaskDispatcher with 4 workers.
 -> (artifact id: 'db0a747bfe620dacdefd5352bc178d3b') in 0.019330584 seconds
Number of updated asset objects reloaded before import = 0Number of asset objects unloaded after import = 4

========================================================================
Received Import Request.
  Time since last request: 0.000075 seconds.
  path: Assets/_Unity Essentials/Materials/Interior/Objects/Block_Brown.mat
  artifactKey: Guid(1fe6de1633a1f4f6eb43d4238dca4660) Importer(2089858483,192608db42251d675da83286b1cce702)
Start importing Assets/_Unity Essentials/Materials/Interior/Objects/Block_Brown.mat using Guid(1fe6de1633a1f4f6eb43d4238dca4660) Importer(2089858483,192608db42251d675da83286b1cce702) (ScriptedImporter)[PhysX] Initialized MultithreadedTaskDispatcher with 4 workers.
 -> (artifact id: '9c58afde343a76532d6dcc081db0abbf') in 0.008935084 seconds
Number of updated asset objects reloaded before import = 0Number of asset objects unloaded after import = 1

========================================================================
Received Import Request.
  Time since last request: 0.000241 seconds.
  path: Assets/_Unity Essentials/Materials/Interior/Objects/Metal_Black_Gloss.mat
  artifactKey: Guid(e745492728544aa488aa0429b6068e71) Importer(2089858483,192608db42251d675da83286b1cce702)
Start importing Assets/_Unity Essentials/Materials/Interior/Objects/Metal_Black_Gloss.mat using Guid(e745492728544aa488aa0429b6068e71) Importer(2089858483,192608db42251d675da83286b1cce702) (ScriptedImporter)[PhysX] Initialized MultithreadedTaskDispatcher with 4 workers.
 -> (artifact id: '15d06ac16fa517ab810a3735d3e7a303') in 0.01114325 seconds
Number of updated asset objects reloaded before import = 0Number of asset objects unloaded after import = 3

========================================================================
Received Import Request.
  Time since last request: 0.000071 seconds.
  path: Assets/_Unity Essentials/Materials/Interior/Objects/Red_Shiny.mat
  artifactKey: Guid(79fbb93454ff147b5b9aa5d302ef5d3f) Importer(2089858483,192608db42251d675da83286b1cce702)
Start importing Assets/_Unity Essentials/Materials/Interior/Objects/Red_Shiny.mat using Guid(79fbb93454ff147b5b9aa5d302ef5d3f) Importer(2089858483,192608db42251d675da83286b1cce702) (ScriptedImporter)[PhysX] Initialized MultithreadedTaskDispatcher with 4 workers.
 -> (artifact id: 'e96aa08917a380d149adf5ef243ab2b0') in 0.007212833 seconds
Number of updated asset objects reloaded before import = 0Number of asset objects unloaded after import = 1

========================================================================
Received Import Request.
  Time since last request: 0.000107 seconds.
  path: Assets/_Unity Essentials/Materials/Interior/Objects/Mat_Rocking-Horse.mat
  artifactKey: Guid(b64c40631240d463a9902c747018fd46) Importer(2089858483,192608db42251d675da83286b1cce702)
Start importing Assets/_Unity Essentials/Materials/Interior/Objects/Mat_Rocking-Horse.mat using Guid(b64c40631240d463a9902c747018fd46) Importer(2089858483,192608db42251d675da83286b1cce702) (ScriptedImporter)[PhysX] Initialized MultithreadedTaskDispatcher with 4 workers.
 -> (artifact id: '7c9db77b1be04006f40de022c85864b4') in 0.010145209 seconds
Number of updated asset objects reloaded before import = 0Number of asset objects unloaded after import = 2

========================================================================
Received Import Request.
  Time since last request: 0.000079 seconds.
  path: Assets/_Unity Essentials/Materials/Interior/Objects/Dirt_Brown.mat
  artifactKey: Guid(4017f5ad4de594c3ab070ff3bf6cc9c5) Importer(2089858483,192608db42251d675da83286b1cce702)
Start importing Assets/_Unity Essentials/Materials/Interior/Objects/Dirt_Brown.mat using Guid(4017f5ad4de594c3ab070ff3bf6cc9c5) Importer(2089858483,192608db42251d675da83286b1cce702) (ScriptedImporter)[PhysX] Initialized MultithreadedTaskDispatcher with 4 workers.
 -> (artifact id: 'f2f75a4cf45555638a2ebf8eba6ab939') in 0.008180958 seconds
Number of updated asset objects reloaded before import = 0Number of asset objects unloaded after import = 1

========================================================================
Received Import Request.
  Time since last request: 0.000083 seconds.
  path: Assets/_Unity Essentials/Materials/Interior/Objects/Vacuum_Indicator_Light_Mat.mat
  artifactKey: Guid(c2b031a0afa0a413e93d66214b090bda) Importer(2089858483,192608db42251d675da83286b1cce702)
Start importing Assets/_Unity Essentials/Materials/Interior/Objects/Vacuum_Indicator_Light_Mat.mat using Guid(c2b031a0afa0a413e93d66214b090bda) Importer(2089858483,192608db42251d675da83286b1cce702) (ScriptedImporter)[PhysX] Initialized MultithreadedTaskDispatcher with 4 workers.
 -> (artifact id: '81083affa6de1958b46ab2598d26edf9') in 0.02015725 seconds
Number of updated asset objects reloaded before import = 0Number of asset objects unloaded after import = 1

========================================================================
Received Import Request.
  Time since last request: 0.000079 seconds.
  path: Assets/_Unity Essentials/Materials/Interior/Environment/Glass.mat
  artifactKey: Guid(c0776710185a9a5479eb8809dd79030b) Importer(2089858483,192608db42251d675da83286b1cce702)
Start importing Assets/_Unity Essentials/Materials/Interior/Environment/Glass.mat using Guid(c0776710185a9a5479eb8809dd79030b) Importer(2089858483,192608db42251d675da83286b1cce702) (ScriptedImporter)[PhysX] Initialized MultithreadedTaskDispatcher with 4 workers.
 -> (artifact id: 'b6043d43eb523663ff44844894e891c6') in 0.007002959 seconds
Number of updated asset objects reloaded before import = 0Number of asset objects unloaded after import = 1

========================================================================
Received Import Request.
  Time since last request: 0.000105 seconds.
  path: Assets/_Unity Essentials/Prefabs/Rooms/01_Bedroom.prefab
  artifactKey: Guid(cd30d339fb2c94c4cbc61919d6caf170) Importer(2089858483,192608db42251d675da83286b1cce702)
Start importing Assets/_Unity Essentials/Prefabs/Rooms/01_Bedroom.prefab using Guid(cd30d339fb2c94c4cbc61919d6caf170) Importer(2089858483,192608db42251d675da83286b1cce702) (ScriptedImporter)[PhysX] Initialized MultithreadedTaskDispatcher with 4 workers.
 -> (artifact id: '843b753d2fdf7c5d253dd331681d4a12') in 0.016779083 seconds
Number of updated asset objects reloaded before import = 0Number of asset objects unloaded after import = 177

========================================================================
Received Import Request.
  Time since last request: 0.000110 seconds.
  path: Assets/_Unity Essentials/Prefabs/Shapes/Pipe.prefab
  artifactKey: Guid(5304210f007f04fd8a1d0c9fd6aec324) Importer(2089858483,192608db42251d675da83286b1cce702)
Start importing Assets/_Unity Essentials/Prefabs/Shapes/Pipe.prefab using Guid(5304210f007f04fd8a1d0c9fd6aec324) Importer(2089858483,192608db42251d675da83286b1cce702) (ScriptedImporter)[PhysX] Initialized MultithreadedTaskDispatcher with 4 workers.
 -> (artifact id: '64d6b750ef967f10470fc1827f62f4ff') in 0.010254917 seconds
Number of updated asset objects reloaded before import = 0Number of asset objects unloaded after import = 7

========================================================================
Received Import Request.
  Time since last request: 0.000086 seconds.
  path: Assets/_Unity Essentials/Sprites/Characters/Train_2D.png
  artifactKey: Guid(6d2d5b690392c4d4f9e03cb21c9b3eda) Importer(2089858483,192608db42251d675da83286b1cce702)
Start importing Assets/_Unity Essentials/Sprites/Characters/Train_2D.png using Guid(6d2d5b690392c4d4f9e03cb21c9b3eda) Importer(2089858483,192608db42251d675da83286b1cce702) (ScriptedImporter)[PhysX] Initialized MultithreadedTaskDispatcher with 4 workers.
 -> (artifact id: 'd54fdbf8cff1992e344100c5f4d8c599') in 0.026756625 seconds
Number of updated asset objects reloaded before import = 0Number of asset objects unloaded after import = 3

========================================================================
Received Import Request.
  Time since last request: 0.000107 seconds.
  path: Assets/_Unity Essentials/Materials/Outdoor/Tangram_Puzzle_Materials/Green.mat
  artifactKey: Guid(b24ef1eda05e0e04f92cd224fc01e57a) Importer(2089858483,192608db42251d675da83286b1cce702)
Start importing Assets/_Unity Essentials/Materials/Outdoor/Tangram_Puzzle_Materials/Green.mat using Guid(b24ef1eda05e0e04f92cd224fc01e57a) Importer(2089858483,192608db42251d675da83286b1cce702) (ScriptedImporter)[PhysX] Initialized MultithreadedTaskDispatcher with 4 workers.
 -> (artifact id: 'bd61962a4d132d41ea87eecff5b841a8') in 0.008601375 seconds
Number of updated asset objects reloaded before import = 0Number of asset objects unloaded after import = 1

========================================================================
Received Import Request.
  Time since last request: 0.000070 seconds.
  path: Assets/_Unity Essentials/Models/Outdoor/Slide/TubeSlide_Top.obj
  artifactKey: Guid(095f56989f4db4ac9814228bd64d312b) Importer(2089858483,192608db42251d675da83286b1cce702)
Start importing Assets/_Unity Essentials/Models/Outdoor/Slide/TubeSlide_Top.obj using Guid(095f56989f4db4ac9814228bd64d312b) Importer(2089858483,192608db42251d675da83286b1cce702) (ScriptedImporter)[PhysX] Initialized MultithreadedTaskDispatcher with 4 workers.
 -> (artifact id: '3eb419487900800ebf55c71ecdc9eaa4') in 0.020023334 seconds
Number of updated asset objects reloaded before import = 0Number of asset objects unloaded after import = 10

========================================================================
Received Import Request.
  Time since last request: 0.000078 seconds.
  path: Assets/_Unity Essentials/Materials/My Materials/Materials/Screenshot 2025-04-24 at 7.48.47 PM.mat
  artifactKey: Guid(96c4985280d264a618e655cd2b12f6dc) Importer(2089858483,192608db42251d675da83286b1cce702)
Start importing Assets/_Unity Essentials/Materials/My Materials/Materials/Screenshot 2025-04-24 at 7.48.47 PM.mat using Guid(96c4985280d264a618e655cd2b12f6dc) Importer(2089858483,192608db42251d675da83286b1cce702) (ScriptedImporter)[PhysX] Initialized MultithreadedTaskDispatcher with 4 workers.
 -> (artifact id: 'aa9fe72f71ccddce28a3d9972efd0a57') in 0.012635833 seconds
Number of updated asset objects reloaded before import = 0Number of asset objects unloaded after import = 2

========================================================================
Received Import Request.
  Time since last request: 0.000091 seconds.
  path: Assets/_Unity Essentials/Models/Outdoor/Slide/TubeSlide_Middle.obj
  artifactKey: Guid(16b96c066eac34190915389416fc98b0) Importer(2089858483,192608db42251d675da83286b1cce702)
Start importing Assets/_Unity Essentials/Models/Outdoor/Slide/TubeSlide_Middle.obj using Guid(16b96c066eac34190915389416fc98b0) Importer(2089858483,192608db42251d675da83286b1cce702) (ScriptedImporter)[PhysX] Initialized MultithreadedTaskDispatcher with 4 workers.
 -> (artifact id: 'b9d25648e59103b1936433eadcc8f11e') in 0.03649025 seconds
Number of updated asset objects reloaded before import = 0Number of asset objects unloaded after import = 10

========================================================================
Received Import Request.
  Time since last request: 0.000075 seconds.
  path: Assets/_Unity Essentials/Materials/Outdoor/Tangram_Puzzle_Materials/Orange.mat
  artifactKey: Guid(341cf49047f913847b3bba42ae9f1274) Importer(2089858483,192608db42251d675da83286b1cce702)
Start importing Assets/_Unity Essentials/Materials/Outdoor/Tangram_Puzzle_Materials/Orange.mat using Guid(341cf49047f913847b3bba42ae9f1274) Importer(2089858483,192608db42251d675da83286b1cce702) (ScriptedImporter)[PhysX] Initialized MultithreadedTaskDispatcher with 4 workers.
 -> (artifact id: '23456f2fdb329fe56f748bd3e5830572') in 0.007946333 seconds
Number of updated asset objects reloaded before import = 0Number of asset objects unloaded after import = 1

========================================================================
Received Import Request.
  Time since last request: 0.000076 seconds.
  path: Assets/_Unity Essentials/Prefabs/Outdoor/Flagstone_3in_BY004.prefab
  artifactKey: Guid(e1c50083f78486946a0703d942b10cea) Importer(2089858483,192608db42251d675da83286b1cce702)
Start importing Assets/_Unity Essentials/Prefabs/Outdoor/Flagstone_3in_BY004.prefab using Guid(e1c50083f78486946a0703d942b10cea) Importer(2089858483,192608db42251d675da83286b1cce702) (ScriptedImporter)[PhysX] Initialized MultithreadedTaskDispatcher with 4 workers.
 -> (artifact id: 'fa14fd80093b43ac86df6454e42fd8d6') in 0.016362542 seconds
Number of updated asset objects reloaded before import = 0Number of asset objects unloaded after import = 16

========================================================================
Received Import Request.
  Time since last request: 0.000101 seconds.
  path: Assets/_Unity Essentials/Source Files/Scenes/Empty Scene.unity
  artifactKey: Guid(e6ab7485518b540d1a3a2a9a837535dd) Importer(2089858483,192608db42251d675da83286b1cce702)
Start importing Assets/_Unity Essentials/Source Files/Scenes/Empty Scene.unity using Guid(e6ab7485518b540d1a3a2a9a837535dd) Importer(2089858483,192608db42251d675da83286b1cce702) (ScriptedImporter)[PhysX] Initialized MultithreadedTaskDispatcher with 4 workers.
 -> (artifact id: '595e400a2c62f6f83b143ac6bebc6dcc') in 0.004838542 seconds
Number of updated asset objects reloaded before import = 0Number of asset objects unloaded after import = 1

========================================================================
Received Import Request.
  Time since last request: 0.000129 seconds.
  path: Assets/_Unity Essentials/Textures/Objects/Texture_Props.jpg
  artifactKey: Guid(b4673ab5142fd4f84b243dfe4aeafe4b) Importer(2089858483,192608db42251d675da83286b1cce702)
Start importing Assets/_Unity Essentials/Textures/Objects/Texture_Props.jpg using Guid(b4673ab5142fd4f84b243dfe4aeafe4b) Importer(2089858483,192608db42251d675da83286b1cce702) (ScriptedImporter)[PhysX] Initialized MultithreadedTaskDispatcher with 4 workers.
 -> (artifact id: '8ae60d9e9fac020d4bba7e9fb16e1f51') in 0.018887 seconds
Number of updated asset objects reloaded before import = 0Number of asset objects unloaded after import = 1

========================================================================
Received Import Request.
  Time since last request: 0.000110 seconds.
  path: Assets/_Unity Essentials/Textures/Skyboxes/SkyMidNight_Front.png
  artifactKey: Guid(f29a90fb9c5a19045b7f1897b30c5777) Importer(2089858483,192608db42251d675da83286b1cce702)
Start importing Assets/_Unity Essentials/Textures/Skyboxes/SkyMidNight_Front.png using Guid(f29a90fb9c5a19045b7f1897b30c5777) Importer(2089858483,192608db42251d675da83286b1cce702) (ScriptedImporter)[PhysX] Initialized MultithreadedTaskDispatcher with 4 workers.
 -> (artifact id: 'ebe9618ff1b5790edc5c3a6ad93b9dfd') in 0.017082167 seconds
Number of updated asset objects reloaded before import = 0Number of asset objects unloaded after import = 1

========================================================================
Received Import Request.
  Time since last request: 0.000101 seconds.
  path: Assets/_Unity Essentials/Source Files/Animation/Door/Door_Close.anim
  artifactKey: Guid(e80103fb12e5d4a19a2eed61e96001ce) Importer(2089858483,192608db42251d675da83286b1cce702)
Start importing Assets/_Unity Essentials/Source Files/Animation/Door/Door_Close.anim using Guid(e80103fb12e5d4a19a2eed61e96001ce) Importer(2089858483,192608db42251d675da83286b1cce702) (ScriptedImporter)[PhysX] Initialized MultithreadedTaskDispatcher with 4 workers.
 -> (artifact id: 'c4c09db1c4ce7d571c7c3cc1c17b0b95') in 0.009646334 seconds
Number of updated asset objects reloaded before import = 0Number of asset objects unloaded after import = 1

========================================================================
Received Import Request.
  Time since last request: 0.000106 seconds.
  path: Assets/_Unity Essentials/Source Files/Lighting/4_LivingRoom_Programming_Scene/ReflectionProbe-0.exr
  artifactKey: Guid(780b078ea737348c1961f43a85e4c150) Importer(2089858483,192608db42251d675da83286b1cce702)
Start importing Assets/_Unity Essentials/Source Files/Lighting/4_LivingRoom_Programming_Scene/ReflectionProbe-0.exr using Guid(780b078ea737348c1961f43a85e4c150) Importer(2089858483,192608db42251d675da83286b1cce702) (ScriptedImporter)[PhysX] Initialized MultithreadedTaskDispatcher with 4 workers.
 -> (artifact id: '80a9f61cf95b6c4e25922b875bc38255') in 0.020220667 seconds
Number of updated asset objects reloaded before import = 0Number of asset objects unloaded after import = 1

========================================================================
Received Import Request.
  Time since last request: 0.000112 seconds.
  path: Assets/_Unity Essentials/Source Files/Lighting/5_TopDown_2D_Scene/LightingData.asset
  artifactKey: Guid(a285b561272eb4296b8b8d82751f4258) Importer(2089858483,192608db42251d675da83286b1cce702)
Start importing Assets/_Unity Essentials/Source Files/Lighting/5_TopDown_2D_Scene/LightingData.asset using Guid(a285b561272eb4296b8b8d82751f4258) Importer(2089858483,192608db42251d675da83286b1cce702) (ScriptedImporter)[PhysX] Initialized MultithreadedTaskDispatcher with 4 workers.
 -> (artifact id: 'ea0b267eae6bccfa1359d788c6087c2b') in 0.007335291 seconds
Number of updated asset objects reloaded before import = 0Number of asset objects unloaded after import = 2

========================================================================
Received Import Request.
  Time since last request: 0.000088 seconds.
  path: Assets/_Unity Essentials/Prefabs/Walls/WallWindow4m.prefab
  artifactKey: Guid(dd8531eb516f95e40bce6dc3c0ba4525) Importer(2089858483,192608db42251d675da83286b1cce702)
Start importing Assets/_Unity Essentials/Prefabs/Walls/WallWindow4m.prefab using Guid(dd8531eb516f95e40bce6dc3c0ba4525) Importer(2089858483,192608db42251d675da83286b1cce702) (ScriptedImporter)[PhysX] Initialized MultithreadedTaskDispatcher with 4 workers.
 -> (artifact id: '124a4deedbd9a51195d585a7daf3dceb') in 0.0099835 seconds
Number of updated asset objects reloaded before import = 0Number of asset objects unloaded after import = 36

========================================================================
Received Import Request.
  Time since last request: 0.000110 seconds.
  path: Assets/_Unity Essentials/Sprites/Furniture/Table_Dining.png
  artifactKey: Guid(e503026ac1b8a423a8ceed428fbd5a28) Importer(2089858483,192608db42251d675da83286b1cce702)
Start importing Assets/_Unity Essentials/Sprites/Furniture/Table_Dining.png using Guid(e503026ac1b8a423a8ceed428fbd5a28) Importer(2089858483,192608db42251d675da83286b1cce702) (ScriptedImporter)[PhysX] Initialized MultithreadedTaskDispatcher with 4 workers.
 -> (artifact id: '0c91599772fa5541e5c4f3da407566e2') in 0.043006167 seconds
Number of updated asset objects reloaded before import = 0Number of asset objects unloaded after import = 3

========================================================================
Received Import Request.
  Time since last request: 0.000116 seconds.
  path: Assets/_Unity Essentials/Materials/Interior/Environment/WallPurple.mat
  artifactKey: Guid(991a2f3f1e99b1649b5c043cf6efe0d0) Importer(2089858483,192608db42251d675da83286b1cce702)
Start importing Assets/_Unity Essentials/Materials/Interior/Environment/WallPurple.mat using Guid(991a2f3f1e99b1649b5c043cf6efe0d0) Importer(2089858483,192608db42251d675da83286b1cce702) (ScriptedImporter)[PhysX] Initialized MultithreadedTaskDispatcher with 4 workers.
 -> (artifact id: 'ec5ea30669c1bbfc089e93a76fd77b91') in 0.010423167 seconds
Number of updated asset objects reloaded before import = 0Number of asset objects unloaded after import = 2

========================================================================
Received Import Request.
  Time since last request: 0.000110 seconds.
  path: Assets/_Unity Essentials/Materials/Outdoor/Tangram_Puzzle_Materials/Red.mat
  artifactKey: Guid(455c0df2ae8e8fc4f989fd26189a0684) Importer(2089858483,192608db42251d675da83286b1cce702)
Start importing Assets/_Unity Essentials/Materials/Outdoor/Tangram_Puzzle_Materials/Red.mat using Guid(455c0df2ae8e8fc4f989fd26189a0684) Importer(2089858483,192608db42251d675da83286b1cce702) (ScriptedImporter)[PhysX] Initialized MultithreadedTaskDispatcher with 4 workers.
 -> (artifact id: 'b28d8be838adac531b735d499b6c45c8') in 0.007899125 seconds
Number of updated asset objects reloaded before import = 0Number of asset objects unloaded after import = 1

========================================================================
Received Import Request.
  Time since last request: 0.000075 seconds.
  path: Assets/_Unity Essentials/Prefabs/Outdoor/Fence_DogEar_2ft_BY001.prefab
  artifactKey: Guid(8ddd8c558b1a5e9408bf114362304e85) Importer(2089858483,192608db42251d675da83286b1cce702)
Start importing Assets/_Unity Essentials/Prefabs/Outdoor/Fence_DogEar_2ft_BY001.prefab using Guid(8ddd8c558b1a5e9408bf114362304e85) Importer(2089858483,192608db42251d675da83286b1cce702) (ScriptedImporter)[PhysX] Initialized MultithreadedTaskDispatcher with 4 workers.
 -> (artifact id: '4e3840a2d04d24c4086cb5e59d1496df') in 0.017028042 seconds
Number of updated asset objects reloaded before import = 0Number of asset objects unloaded after import = 16

========================================================================
Received Import Request.
  Time since last request: 0.000123 seconds.
  path: Assets/_Unity Essentials/Materials/Interior/Environment/PatternSpotGreenBig.mat
  artifactKey: Guid(11ec10ab08ff11a40a2ed07f256a01a5) Importer(2089858483,192608db42251d675da83286b1cce702)
Start importing Assets/_Unity Essentials/Materials/Interior/Environment/PatternSpotGreenBig.mat using Guid(11ec10ab08ff11a40a2ed07f256a01a5) Importer(2089858483,192608db42251d675da83286b1cce702) (ScriptedImporter)[PhysX] Initialized MultithreadedTaskDispatcher with 4 workers.
 -> (artifact id: 'c31a573f8bf0c60aca5ffbe9fd38d7a0') in 0.011176875 seconds
Number of updated asset objects reloaded before import = 0Number of asset objects unloaded after import = 2

========================================================================
Received Import Request.
  Time since last request: 0.000121 seconds.
  path: Assets/_Unity Essentials/Source Files/SpaceRobotKyle/Sfx/Player_Footstep_03.wav
  artifactKey: Guid(186de84b3207156479abe98f4958fed0) Importer(2089858483,192608db42251d675da83286b1cce702)
Start importing Assets/_Unity Essentials/Source Files/SpaceRobotKyle/Sfx/Player_Footstep_03.wav using Guid(186de84b3207156479abe98f4958fed0) Importer(2089858483,192608db42251d675da83286b1cce702) (ScriptedImporter)[PhysX] Initialized MultithreadedTaskDispatcher with 4 workers.
 -> (artifact id: '09630c44fa0db3cf0b4bb8d7bd4c209d') in 0.025093 seconds
Number of updated asset objects reloaded before import = 0Number of asset objects unloaded after import = 1

========================================================================
Received Import Request.
  Time since last request: 0.000076 seconds.
  path: Assets/_Unity Essentials/Source Files/Lighting/6_Bonus_Custom_Scene/LightingData.asset
  artifactKey: Guid(e0eb2489c72ef4210a78ba72416bf7c4) Importer(2089858483,192608db42251d675da83286b1cce702)
Start importing Assets/_Unity Essentials/Source Files/Lighting/6_Bonus_Custom_Scene/LightingData.asset using Guid(e0eb2489c72ef4210a78ba72416bf7c4) Importer(2089858483,192608db42251d675da83286b1cce702) (ScriptedImporter)[PhysX] Initialized MultithreadedTaskDispatcher with 4 workers.
 -> (artifact id: 'e94fc5876096491dfb7a41edfaca2221') in 0.006760416 seconds
Number of updated asset objects reloaded before import = 0Number of asset objects unloaded after import = 2

========================================================================
Received Import Request.
  Time since last request: 0.000079 seconds.
  path: Assets/_Unity Essentials/Source Files/SpaceRobotKyle/Animations/Locomotion--Walk_N.anim.fbx
  artifactKey: Guid(8269a9f8cf495034c817722ac21f309f) Importer(2089858483,192608db42251d675da83286b1cce702)
Start importing Assets/_Unity Essentials/Source Files/SpaceRobotKyle/Animations/Locomotion--Walk_N.anim.fbx using Guid(8269a9f8cf495034c817722ac21f309f) Importer(2089858483,192608db42251d675da83286b1cce702) (ScriptedImporter)[PhysX] Initialized MultithreadedTaskDispatcher with 4 workers.
 -> (artifact id: '3e0dc4ce96fa46904c69a56a8a7d304b') in 0.04621775 seconds
Number of updated asset objects reloaded before import = 0Number of asset objects unloaded after import = 143

========================================================================
Received Import Request.
  Time since last request: 0.000147 seconds.
  path: Assets/_Unity Essentials/Textures/Interior/SpotsGreenLime.jpg
  artifactKey: Guid(93d0f0e92691ea649b409f1d3fd4eb2c) Importer(2089858483,192608db42251d675da83286b1cce702)
Start importing Assets/_Unity Essentials/Textures/Interior/SpotsGreenLime.jpg using Guid(93d0f0e92691ea649b409f1d3fd4eb2c) Importer(2089858483,192608db42251d675da83286b1cce702) (ScriptedImporter)[PhysX] Initialized MultithreadedTaskDispatcher with 4 workers.
 -> (artifact id: '006e2ad32a5fe43eaa10c5dbd8d73925') in 0.026714125 seconds
Number of updated asset objects reloaded before import = 0Number of asset objects unloaded after import = 1

========================================================================
Received Import Request.
  Time since last request: 0.000088 seconds.
  path: Assets/_Unity Essentials/Source Files/Scripts/CheckCodeEntered.cs
  artifactKey: Guid(51357fbc908ae41a1969ba8f2c421267) Importer(2089858483,192608db42251d675da83286b1cce702)
Start importing Assets/_Unity Essentials/Source Files/Scripts/CheckCodeEntered.cs using Guid(51357fbc908ae41a1969ba8f2c421267) Importer(2089858483,192608db42251d675da83286b1cce702) (ScriptedImporter)[PhysX] Initialized MultithreadedTaskDispatcher with 4 workers.
 -> (artifact id: '702785337d6f1aa0f04014d95aabbf46') in 0.012256292 seconds
Number of updated asset objects reloaded before import = 0Number of asset objects unloaded after import = 0

========================================================================
Received Import Request.
  Time since last request: 0.000102 seconds.
  path: Assets/_Unity Essentials/Prefabs/Objects/PlantPotMedium.prefab
  artifactKey: Guid(b2b1040f29fd5ed4bb531ba5954b983f) Importer(2089858483,192608db42251d675da83286b1cce702)
Start importing Assets/_Unity Essentials/Prefabs/Objects/PlantPotMedium.prefab using Guid(b2b1040f29fd5ed4bb531ba5954b983f) Importer(2089858483,192608db42251d675da83286b1cce702) (ScriptedImporter)[PhysX] Initialized MultithreadedTaskDispatcher with 4 workers.
 -> (artifact id: '19af6babcdd161ef4229008f2a4af8d0') in 0.014305792 seconds
Number of updated asset objects reloaded before import = 0Number of asset objects unloaded after import = 12

========================================================================
Received Import Request.
  Time since last request: 0.000086 seconds.
  path: Assets/_Unity Essentials/Prefabs/Outdoor/Chair_Adirondack_36in_BY001.prefab
  artifactKey: Guid(bea4a4fbff7ecaa42a8368839e98dd3e) Importer(2089858483,192608db42251d675da83286b1cce702)
Start importing Assets/_Unity Essentials/Prefabs/Outdoor/Chair_Adirondack_36in_BY001.prefab using Guid(bea4a4fbff7ecaa42a8368839e98dd3e) Importer(2089858483,192608db42251d675da83286b1cce702) (ScriptedImporter)[PhysX] Initialized MultithreadedTaskDispatcher with 4 workers.
 -> (artifact id: 'e93c96b9942d8d7eb34fd12cb3eb9646') in 0.016401166 seconds
Number of updated asset objects reloaded before import = 0Number of asset objects unloaded after import = 16

========================================================================
Received Import Request.
  Time since last request: 0.000069 seconds.
  path: Assets/_Unity Essentials/Prefabs/UI/Remaining_Collectibles_UI.prefab
  artifactKey: Guid(11df39673429a452dbbcbc5da55020d6) Importer(2089858483,192608db42251d675da83286b1cce702)
Start importing Assets/_Unity Essentials/Prefabs/UI/Remaining_Collectibles_UI.prefab using Guid(11df39673429a452dbbcbc5da55020d6) Importer(2089858483,192608db42251d675da83286b1cce702) (ScriptedImporter)[PhysX] Initialized MultithreadedTaskDispatcher with 4 workers.
 -> (artifact id: 'f5951c4541ff2b0942144b40853ca8f6') in 0.145026875 seconds
Number of updated asset objects reloaded before import = 0Number of asset objects unloaded after import = 24

========================================================================
Received Import Request.
  Time since last request: 0.000086 seconds.
  path: Assets/_Unity Essentials/Materials/Interior/Environment/WallGreen.mat
  artifactKey: Guid(71e87038bf775fc45b3e16ed33163afa) Importer(2089858483,192608db42251d675da83286b1cce702)
Start importing Assets/_Unity Essentials/Materials/Interior/Environment/WallGreen.mat using Guid(71e87038bf775fc45b3e16ed33163afa) Importer(2089858483,192608db42251d675da83286b1cce702) (ScriptedImporter)[PhysX] Initialized MultithreadedTaskDispatcher with 4 workers.
 -> (artifact id: '7d785a01b68287113bdc7fcdbd116fd9') in 0.008070291 seconds
Number of updated asset objects reloaded before import = 0Number of asset objects unloaded after import = 2

========================================================================
Received Import Request.
  Time since last request: 0.000065 seconds.
  path: Assets/_Unity Essentials/Materials/Interior/Collectibles/Material_Star.mat
  artifactKey: Guid(1bada8888e561724686d8b7a2216dfe8) Importer(2089858483,192608db42251d675da83286b1cce702)
Start importing Assets/_Unity Essentials/Materials/Interior/Collectibles/Material_Star.mat using Guid(1bada8888e561724686d8b7a2216dfe8) Importer(2089858483,192608db42251d675da83286b1cce702) (ScriptedImporter)[PhysX] Initialized MultithreadedTaskDispatcher with 4 workers.
 -> (artifact id: '0119e2d7141c464b718e61da95fb3db6') in 0.006794958 seconds
Number of updated asset objects reloaded before import = 0Number of asset objects unloaded after import = 2

========================================================================
Received Import Request.
  Time since last request: 0.000054 seconds.
  path: Assets/_Unity Essentials/Source Files/Lighting/Settings/Skybox01_openGL_settings.png
  artifactKey: Guid(08ea713d0e79d8e4aa41c53a0bad3fa5) Importer(2089858483,192608db42251d675da83286b1cce702)
Start importing Assets/_Unity Essentials/Source Files/Lighting/Settings/Skybox01_openGL_settings.png using Guid(08ea713d0e79d8e4aa41c53a0bad3fa5) Importer(2089858483,192608db42251d675da83286b1cce702) (ScriptedImporter)[PhysX] Initialized MultithreadedTaskDispatcher with 4 workers.
 -> (artifact id: 'dfe8da30f2275f3a93d7c2ac882bca11') in 0.040950542 seconds
Number of updated asset objects reloaded before import = 0Number of asset objects unloaded after import = 1

========================================================================
Received Import Request.
  Time since last request: 0.000067 seconds.
  path: Assets/_Unity Essentials/Source Files/SpaceRobotKyle/Animations/Locomotion--Run_N.anim.fbx
  artifactKey: Guid(16114d403eabb53438de032c6f0d1deb) Importer(2089858483,192608db42251d675da83286b1cce702)
Start importing Assets/_Unity Essentials/Source Files/SpaceRobotKyle/Animations/Locomotion--Run_N.anim.fbx using Guid(16114d403eabb53438de032c6f0d1deb) Importer(2089858483,192608db42251d675da83286b1cce702) (ScriptedImporter)[PhysX] Initialized MultithreadedTaskDispatcher with 4 workers.
 -> (artifact id: 'd2ea2f299163d5207d49a463370f6973') in 0.01571775 seconds
Number of updated asset objects reloaded before import = 0Number of asset objects unloaded after import = 143

========================================================================
Received Import Request.
  Time since last request: 0.000064 seconds.
  path: Assets/_Unity Essentials/Textures/Skyboxes/SkyMidNight_Right.png
  artifactKey: Guid(8ccea35bb4bd8a9479b160117e0761f3) Importer(2089858483,192608db42251d675da83286b1cce702)
Start importing Assets/_Unity Essentials/Textures/Skyboxes/SkyMidNight_Right.png using Guid(8ccea35bb4bd8a9479b160117e0761f3) Importer(2089858483,192608db42251d675da83286b1cce702) (ScriptedImporter)[PhysX] Initialized MultithreadedTaskDispatcher with 4 workers.
 -> (artifact id: '02b7b2aa0ce976dd6132bb809d9765b6') in 0.0114005 seconds
Number of updated asset objects reloaded before import = 0Number of asset objects unloaded after import = 1

========================================================================
Received Import Request.
  Time since last request: 0.000073 seconds.
  path: Assets/_Unity Essentials/Sprites/Furniture/Chair_Dining.png
  artifactKey: Guid(6203c69b3de594ce7a5022ae59ea7b99) Importer(2089858483,192608db42251d675da83286b1cce702)
Start importing Assets/_Unity Essentials/Sprites/Furniture/Chair_Dining.png using Guid(6203c69b3de594ce7a5022ae59ea7b99) Importer(2089858483,192608db42251d675da83286b1cce702) (ScriptedImporter)[PhysX] Initialized MultithreadedTaskDispatcher with 4 workers.
 -> (artifact id: '33ab0a3adba4b21976796dac2c052ef4') in 0.014176416 seconds
Number of updated asset objects reloaded before import = 0Number of asset objects unloaded after import = 3

========================================================================
Received Import Request.
  Time since last request: 0.000078 seconds.
  path: Assets/_Unity Essentials/Source Files/Animation/Door/Door_Open.anim
  artifactKey: Guid(882d22c76f8d143c2887ba119c0b4251) Importer(2089858483,192608db42251d675da83286b1cce702)
Start importing Assets/_Unity Essentials/Source Files/Animation/Door/Door_Open.anim using Guid(882d22c76f8d143c2887ba119c0b4251) Importer(2089858483,192608db42251d675da83286b1cce702) (ScriptedImporter)[PhysX] Initialized MultithreadedTaskDispatcher with 4 workers.
 -> (artifact id: 'b8405d41e1f1fd5ff3bb5ac1ca3c22bd') in 0.00512325 seconds
Number of updated asset objects reloaded before import = 0Number of asset objects unloaded after import = 1

========================================================================
Received Import Request.
  Time since last request: 0.000061 seconds.
  path: Assets/_Unity Essentials/Sprites/Furniture/ShoeR.png
  artifactKey: Guid(66a4a146305ce435ba2ebc66b479a6b8) Importer(2089858483,192608db42251d675da83286b1cce702)
Start importing Assets/_Unity Essentials/Sprites/Furniture/ShoeR.png using Guid(66a4a146305ce435ba2ebc66b479a6b8) Importer(2089858483,192608db42251d675da83286b1cce702) (ScriptedImporter)[PhysX] Initialized MultithreadedTaskDispatcher with 4 workers.
 -> (artifact id: 'd0ee680c224476a02868ac94d186b30f') in 0.013646584 seconds
Number of updated asset objects reloaded before import = 0Number of asset objects unloaded after import = 3

========================================================================
Received Import Request.
  Time since last request: 0.000057 seconds.
  path: Assets/_Unity Essentials/Prefabs/Walls/Wall3m_Green.prefab
  artifactKey: Guid(f1330d33fac4e4ac189612cdc521a9c0) Importer(2089858483,192608db42251d675da83286b1cce702)
Start importing Assets/_Unity Essentials/Prefabs/Walls/Wall3m_Green.prefab using Guid(f1330d33fac4e4ac189612cdc521a9c0) Importer(2089858483,192608db42251d675da83286b1cce702) (ScriptedImporter)[PhysX] Initialized MultithreadedTaskDispatcher with 4 workers.
 -> (artifact id: '116690c37f558a216457e30d9cf4fbd2') in 0.005248416 seconds
Number of updated asset objects reloaded before import = 0Number of asset objects unloaded after import = 30

========================================================================
Received Import Request.
  Time since last request: 0.000063 seconds.
  path: Assets/_Unity Essentials/Prefabs/Objects/PlantPotRoundMedium.prefab
  artifactKey: Guid(4c00d4e527e5ce04dbbb4920cec10370) Importer(2089858483,192608db42251d675da83286b1cce702)
Start importing Assets/_Unity Essentials/Prefabs/Objects/PlantPotRoundMedium.prefab using Guid(4c00d4e527e5ce04dbbb4920cec10370) Importer(2089858483,192608db42251d675da83286b1cce702) (ScriptedImporter)[PhysX] Initialized MultithreadedTaskDispatcher with 4 workers.
 -> (artifact id: 'd519f8bbe2e8169b5df11925386c8671') in 0.008724417 seconds
Number of updated asset objects reloaded before import = 0Number of asset objects unloaded after import = 12

========================================================================
Received Import Request.
  Time since last request: 0.000060 seconds.
  path: Assets/_Unity Essentials/Prefabs/Living Room/SofaDouble.prefab
  artifactKey: Guid(171822e55c6acbd4789dea1c302379f2) Importer(2089858483,192608db42251d675da83286b1cce702)
Start importing Assets/_Unity Essentials/Prefabs/Living Room/SofaDouble.prefab using Guid(171822e55c6acbd4789dea1c302379f2) Importer(2089858483,192608db42251d675da83286b1cce702) (ScriptedImporter)[PhysX] Initialized MultithreadedTaskDispatcher with 4 workers.
 -> (artifact id: '8513968ee0f0ddff5a48b796aaf01d75') in 0.017910583 seconds
Number of updated asset objects reloaded before import = 0Number of asset objects unloaded after import = 28

========================================================================
Received Import Request.
  Time since last request: 0.000054 seconds.
  path: Assets/_Unity Essentials/Prefabs/Living Room/SofaArmChair.prefab
  artifactKey: Guid(5b5aa82c8874db14092566fe05c8b462) Importer(2089858483,192608db42251d675da83286b1cce702)
Start importing Assets/_Unity Essentials/Prefabs/Living Room/SofaArmChair.prefab using Guid(5b5aa82c8874db14092566fe05c8b462) Importer(2089858483,192608db42251d675da83286b1cce702) (ScriptedImporter)[PhysX] Initialized MultithreadedTaskDispatcher with 4 workers.
 -> (artifact id: '0707f8e814e703d931f717966dd9b517') in 0.007635833 seconds
Number of updated asset objects reloaded before import = 0Number of asset objects unloaded after import = 11

========================================================================
Received Import Request.
  Time since last request: 0.000061 seconds.
  path: Assets/_Unity Essentials/Materials/Interior/Collectibles/Material_Potionbottleliquid.mat
  artifactKey: Guid(59d396a4bff49e640b84cfc7cfd43d71) Importer(2089858483,192608db42251d675da83286b1cce702)
Start importing Assets/_Unity Essentials/Materials/Interior/Collectibles/Material_Potionbottleliquid.mat using Guid(59d396a4bff49e640b84cfc7cfd43d71) Importer(2089858483,192608db42251d675da83286b1cce702) (ScriptedImporter)[PhysX] Initialized MultithreadedTaskDispatcher with 4 workers.
 -> (artifact id: '21401548988a8e3bc6d2e7337daea04f') in 0.013112834 seconds
Number of updated asset objects reloaded before import = 0Number of asset objects unloaded after import = 5

========================================================================
Received Import Request.
  Time since last request: 0.000060 seconds.
  path: Assets/_Unity Essentials/Source Files/SpaceRobotKyle/Prefabs/Player.prefab
  artifactKey: Guid(57f521d16ae5e4f81953d3d863f3eb91) Importer(2089858483,192608db42251d675da83286b1cce702)
Start importing Assets/_Unity Essentials/Source Files/SpaceRobotKyle/Prefabs/Player.prefab using Guid(57f521d16ae5e4f81953d3d863f3eb91) Importer(2089858483,192608db42251d675da83286b1cce702) (ScriptedImporter)[PhysX] Initialized MultithreadedTaskDispatcher with 4 workers.
 -> (artifact id: '9b065c6c04bde020016ad29db7ac81c1') in 0.058805291 seconds
Number of updated asset objects reloaded before import = 0Number of asset objects unloaded after import = 293

========================================================================
Received Import Request.
  Time since last request: 0.000069 seconds.
  path: Assets/_Unity Essentials/Textures/Skyboxes/SkyBrightMorning_Bottom.png
  artifactKey: Guid(e152b2ea193082342959aac7a05adc7b) Importer(2089858483,192608db42251d675da83286b1cce702)
Start importing Assets/_Unity Essentials/Textures/Skyboxes/SkyBrightMorning_Bottom.png using Guid(e152b2ea193082342959aac7a05adc7b) Importer(2089858483,192608db42251d675da83286b1cce702) (ScriptedImporter)[PhysX] Initialized MultithreadedTaskDispatcher with 4 workers.
 -> (artifact id: 'f958e2e6734eae73de9c2141bd49da18') in 0.011922334 seconds
Number of updated asset objects reloaded before import = 0Number of asset objects unloaded after import = 1

========================================================================
Received Import Request.
  Time since last request: 0.000052 seconds.
  path: Assets/_Unity Essentials/Textures/Interior/SmallProps.jpg
  artifactKey: Guid(b9378395c3f2bf94ea0c2c6a806d59c6) Importer(2089858483,192608db42251d675da83286b1cce702)
Start importing Assets/_Unity Essentials/Textures/Interior/SmallProps.jpg using Guid(b9378395c3f2bf94ea0c2c6a806d59c6) Importer(2089858483,192608db42251d675da83286b1cce702) (ScriptedImporter)[PhysX] Initialized MultithreadedTaskDispatcher with 4 workers.
 -> (artifact id: '4e44cc2b7959204256b6a31286be5d65') in 0.011312167 seconds
Number of updated asset objects reloaded before import = 0Number of asset objects unloaded after import = 1

========================================================================
Received Import Request.
  Time since last request: 0.000066 seconds.
  path: Assets/_Unity Essentials/Prefabs/Outdoor/Playset_Swings_BY001.prefab
  artifactKey: Guid(07df911d89d4d4ce885ce9a7418f9561) Importer(2089858483,192608db42251d675da83286b1cce702)
Start importing Assets/_Unity Essentials/Prefabs/Outdoor/Playset_Swings_BY001.prefab using Guid(07df911d89d4d4ce885ce9a7418f9561) Importer(2089858483,192608db42251d675da83286b1cce702) (ScriptedImporter)[PhysX] Initialized MultithreadedTaskDispatcher with 4 workers.
 -> (artifact id: 'e2012c5afdef8edef71a8d225445a6c0') in 0.022295417 seconds
Number of updated asset objects reloaded before import = 0Number of asset objects unloaded after import = 16

========================================================================
Received Import Request.
  Time since last request: 0.000055 seconds.
  path: Assets/_Unity Essentials/Textures/Skyboxes/SkyBrightMorning_Front.png
  artifactKey: Guid(57167e32cb5ff7d459d9609721381501) Importer(2089858483,192608db42251d675da83286b1cce702)
Start importing Assets/_Unity Essentials/Textures/Skyboxes/SkyBrightMorning_Front.png using Guid(57167e32cb5ff7d459d9609721381501) Importer(2089858483,192608db42251d675da83286b1cce702) (ScriptedImporter)[PhysX] Initialized MultithreadedTaskDispatcher with 4 workers.
 -> (artifact id: '9486a0b0004d2a5da1815740535faed2') in 0.012611709 seconds
Number of updated asset objects reloaded before import = 0Number of asset objects unloaded after import = 1

========================================================================
Received Import Request.
  Time since last request: 0.000060 seconds.
  path: Assets/_Unity Essentials/Textures/Skyboxes/table_mountain_2_puresky_1k.hdr
  artifactKey: Guid(e8b9a0551111f4e1c94df34284255228) Importer(2089858483,192608db42251d675da83286b1cce702)
Start importing Assets/_Unity Essentials/Textures/Skyboxes/table_mountain_2_puresky_1k.hdr using Guid(e8b9a0551111f4e1c94df34284255228) Importer(2089858483,192608db42251d675da83286b1cce702) (ScriptedImporter)[PhysX] Initialized MultithreadedTaskDispatcher with 4 workers.
 -> (artifact id: 'fa0a142932e896132a935bc6e58c6e6e') in 0.012710417 seconds
Number of updated asset objects reloaded before import = 0Number of asset objects unloaded after import = 1

========================================================================
Received Import Request.
  Time since last request: 0.000069 seconds.
  path: Assets/_Unity Essentials/Sprites/Characters/Mouse_2D.png
  artifactKey: Guid(471487b03ec3644f48ea79b3f87db5bc) Importer(2089858483,192608db42251d675da83286b1cce702)
Start importing Assets/_Unity Essentials/Sprites/Characters/Mouse_2D.png using Guid(471487b03ec3644f48ea79b3f87db5bc) Importer(2089858483,192608db42251d675da83286b1cce702) (ScriptedImporter)[PhysX] Initialized MultithreadedTaskDispatcher with 4 workers.
 -> (artifact id: '862178966be38ca1c960133902fb46de') in 0.019095625 seconds
Number of updated asset objects reloaded before import = 0Number of asset objects unloaded after import = 3

========================================================================
Received Import Request.
  Time since last request: 0.000052 seconds.
  path: Assets/_Unity Essentials/Prefabs/Shapes/Prism.prefab
  artifactKey: Guid(bf49581021dec44ccae629c515c8712c) Importer(2089858483,192608db42251d675da83286b1cce702)
Start importing Assets/_Unity Essentials/Prefabs/Shapes/Prism.prefab using Guid(bf49581021dec44ccae629c515c8712c) Importer(2089858483,192608db42251d675da83286b1cce702) (ScriptedImporter)[PhysX] Initialized MultithreadedTaskDispatcher with 4 workers.
 -> (artifact id: '4d3bed0d8a0d1b6814eca9944b5f72c0') in 0.007522916 seconds
Number of updated asset objects reloaded before import = 0Number of asset objects unloaded after import = 7

========================================================================
Received Import Request.
  Time since last request: 0.000063 seconds.
  path: Assets/_Unity Essentials/Materials/Interior/Environment/WoodPlanksBrown_2X.mat
  artifactKey: Guid(c9b52e848a9e5463c8e6a90ce1e349d8) Importer(2089858483,192608db42251d675da83286b1cce702)
Start importing Assets/_Unity Essentials/Materials/Interior/Environment/WoodPlanksBrown_2X.mat using Guid(c9b52e848a9e5463c8e6a90ce1e349d8) Importer(2089858483,192608db42251d675da83286b1cce702) (ScriptedImporter)[PhysX] Initialized MultithreadedTaskDispatcher with 4 workers.
 -> (artifact id: 'c5562d9a5de3d6def352de59a2341100') in 0.007691375 seconds
Number of updated asset objects reloaded before import = 0Number of asset objects unloaded after import = 2

========================================================================
Received Import Request.
  Time since last request: 0.000083 seconds.
  path: Assets/_Unity Essentials/Source Files/Scripts/PlaySoundAtRandomIntervals.cs
  artifactKey: Guid(efb7247c0c3fe4f72bfa3eb83a43e505) Importer(2089858483,192608db42251d675da83286b1cce702)
Start importing Assets/_Unity Essentials/Source Files/Scripts/PlaySoundAtRandomIntervals.cs using Guid(efb7247c0c3fe4f72bfa3eb83a43e505) Importer(2089858483,192608db42251d675da83286b1cce702) (ScriptedImporter)[PhysX] Initialized MultithreadedTaskDispatcher with 4 workers.
 -> (artifact id: '2fab05eaa29acf1e0b30d22aa36d9453') in 0.004045542 seconds
Number of updated asset objects reloaded before import = 0Number of asset objects unloaded after import = 0

========================================================================
Received Import Request.
  Time since last request: 0.000066 seconds.
  path: Assets/_Unity Essentials/Prefabs/Objects/Mug.prefab
  artifactKey: Guid(2ac041640baae784d9f2cf1c944ab291) Importer(2089858483,192608db42251d675da83286b1cce702)
Start importing Assets/_Unity Essentials/Prefabs/Objects/Mug.prefab using Guid(2ac041640baae784d9f2cf1c944ab291) Importer(2089858483,192608db42251d675da83286b1cce702) (ScriptedImporter)[PhysX] Initialized MultithreadedTaskDispatcher with 4 workers.
 -> (artifact id: '05b75d1f5d52f6d22c2f12120e59c25d') in 0.016888583 seconds
Number of updated asset objects reloaded before import = 0Number of asset objects unloaded after import = 7

========================================================================
Received Import Request.
  Time since last request: 0.000066 seconds.
  path: Assets/_Unity Essentials/Materials/Interior/Environment/StripesBeigeRug.mat
  artifactKey: Guid(633b16977fd73428b91cdda06df11c1b) Importer(2089858483,192608db42251d675da83286b1cce702)
Start importing Assets/_Unity Essentials/Materials/Interior/Environment/StripesBeigeRug.mat using Guid(633b16977fd73428b91cdda06df11c1b) Importer(2089858483,192608db42251d675da83286b1cce702) (ScriptedImporter)[PhysX] Initialized MultithreadedTaskDispatcher with 4 workers.
 -> (artifact id: '12c6eeaedf9e84b38b2ed62465af3081') in 0.007179459 seconds
Number of updated asset objects reloaded before import = 0Number of asset objects unloaded after import = 2

========================================================================
Received Import Request.
  Time since last request: 0.000062 seconds.
  path: Assets/_Unity Essentials/Materials/Interior/Objects/Block_Mat.mat
  artifactKey: Guid(a4774569770404f3b959a4bddbc2cc13) Importer(2089858483,192608db42251d675da83286b1cce702)
Start importing Assets/_Unity Essentials/Materials/Interior/Objects/Block_Mat.mat using Guid(a4774569770404f3b959a4bddbc2cc13) Importer(2089858483,192608db42251d675da83286b1cce702) (ScriptedImporter)[PhysX] Initialized MultithreadedTaskDispatcher with 4 workers.
 -> (artifact id: '952bd24b4ddbdc68406f4bf89faf6507') in 0.005734583 seconds
Number of updated asset objects reloaded before import = 0Number of asset objects unloaded after import = 1

========================================================================
Received Import Request.
  Time since last request: 0.000065 seconds.
  path: Assets/_Unity Essentials/Source Files/Lighting/0_MainMenu_Scene/LightingData.asset
  artifactKey: Guid(4673e1ee991c54cffa6c79aec5134e1c) Importer(2089858483,192608db42251d675da83286b1cce702)
Start importing Assets/_Unity Essentials/Source Files/Lighting/0_MainMenu_Scene/LightingData.asset using Guid(4673e1ee991c54cffa6c79aec5134e1c) Importer(2089858483,192608db42251d675da83286b1cce702) (ScriptedImporter)[PhysX] Initialized MultithreadedTaskDispatcher with 4 workers.
 -> (artifact id: '0c55d604a75ef945ab45fb191555b859') in 0.0046845 seconds
Number of updated asset objects reloaded before import = 0Number of asset objects unloaded after import = 2

========================================================================
Received Import Request.
  Time since last request: 0.000064 seconds.
  path: Assets/_Unity Essentials/Materials/Interior/Objects/Block_Red.mat
  artifactKey: Guid(a50ce83855f0e4c6e84d8f60092def91) Importer(2089858483,192608db42251d675da83286b1cce702)
Start importing Assets/_Unity Essentials/Materials/Interior/Objects/Block_Red.mat using Guid(a50ce83855f0e4c6e84d8f60092def91) Importer(2089858483,192608db42251d675da83286b1cce702) (ScriptedImporter)[PhysX] Initialized MultithreadedTaskDispatcher with 4 workers.
 -> (artifact id: '0311336d83679abe5e1e27c465b6d8d3') in 0.005190833 seconds
Number of updated asset objects reloaded before import = 0Number of asset objects unloaded after import = 1

========================================================================
Received Import Request.
  Time since last request: 0.000057 seconds.
  path: Assets/_Unity Essentials/Materials/Outdoor/Tangram_Puzzle_Materials/Purple.mat
  artifactKey: Guid(a68587ff754a5174eb69b5cc9cecf335) Importer(2089858483,192608db42251d675da83286b1cce702)
Start importing Assets/_Unity Essentials/Materials/Outdoor/Tangram_Puzzle_Materials/Purple.mat using Guid(a68587ff754a5174eb69b5cc9cecf335) Importer(2089858483,192608db42251d675da83286b1cce702) (ScriptedImporter)[PhysX] Initialized MultithreadedTaskDispatcher with 4 workers.
 -> (artifact id: '7095918d400b857259f37887d292c7a1') in 0.005094083 seconds
Number of updated asset objects reloaded before import = 0Number of asset objects unloaded after import = 1

========================================================================
Received Import Request.
  Time since last request: 0.000066 seconds.
  path: Assets/_Unity Essentials/Scripts/Provided Scripts/Collectible2D.cs
  artifactKey: Guid(613c788f1945544f5baa134130a6b70d) Importer(2089858483,192608db42251d675da83286b1cce702)
Start importing Assets/_Unity Essentials/Scripts/Provided Scripts/Collectible2D.cs using Guid(613c788f1945544f5baa134130a6b70d) Importer(2089858483,192608db42251d675da83286b1cce702) (ScriptedImporter)[PhysX] Initialized MultithreadedTaskDispatcher with 4 workers.
 -> (artifact id: '29711298d8cdf6da2174250c098a4f9f') in 0.00368375 seconds
Number of updated asset objects reloaded before import = 0Number of asset objects unloaded after import = 0

========================================================================
Received Import Request.
  Time since last request: 0.000059 seconds.
  path: Assets/_Unity Essentials/Source Files/SpaceRobotKyle/Animations/Stand--Idle.anim.fbx
  artifactKey: Guid(12e52e465ed793a4d801955e9f964a82) Importer(2089858483,192608db42251d675da83286b1cce702)
Start importing Assets/_Unity Essentials/Source Files/SpaceRobotKyle/Animations/Stand--Idle.anim.fbx using Guid(12e52e465ed793a4d801955e9f964a82) Importer(2089858483,192608db42251d675da83286b1cce702) (ScriptedImporter)[PhysX] Initialized MultithreadedTaskDispatcher with 4 workers.
 -> (artifact id: '127041ab1d46c4869a6b4bc6f57a2f87') in 0.014648375 seconds
Number of updated asset objects reloaded before import = 0Number of asset objects unloaded after import = 143

========================================================================
Received Import Request.
  Time since last request: 0.000064 seconds.
  path: Assets/_Unity Essentials/Materials/Interior/Collectibles/Material_Coin.mat
  artifactKey: Guid(bef6af73bb692814596e5d324d919010) Importer(2089858483,192608db42251d675da83286b1cce702)
Start importing Assets/_Unity Essentials/Materials/Interior/Collectibles/Material_Coin.mat using Guid(bef6af73bb692814596e5d324d919010) Importer(2089858483,192608db42251d675da83286b1cce702) (ScriptedImporter)[PhysX] Initialized MultithreadedTaskDispatcher with 4 workers.
 -> (artifact id: '12a2db56c5129434f7821e200b0ba26d') in 0.011434167 seconds
Number of updated asset objects reloaded before import = 0Number of asset objects unloaded after import = 4

========================================================================
Received Import Request.
  Time since last request: 0.000066 seconds.
  path: Assets/_Unity Essentials/Textures/UI Sprites/UI_9slice_Button_Cartoon.png
  artifactKey: Guid(8bd776d03882e73418d4db2197f157f1) Importer(2089858483,192608db42251d675da83286b1cce702)
Start importing Assets/_Unity Essentials/Textures/UI Sprites/UI_9slice_Button_Cartoon.png using Guid(8bd776d03882e73418d4db2197f157f1) Importer(2089858483,192608db42251d675da83286b1cce702) (ScriptedImporter)[PhysX] Initialized MultithreadedTaskDispatcher with 4 workers.
 -> (artifact id: '9a086ef64aff1f1bbbe5c078f4c5040e') in 0.013118084 seconds
Number of updated asset objects reloaded before import = 0Number of asset objects unloaded after import = 3

========================================================================
Received Import Request.
  Time since last request: 0.000056 seconds.
  path: Assets/_Unity Essentials/Textures/Outdoor/GridDark.png
  artifactKey: Guid(96fa3ac94b199fe46a5c7ec5af68c574) Importer(2089858483,192608db42251d675da83286b1cce702)
Start importing Assets/_Unity Essentials/Textures/Outdoor/GridDark.png using Guid(96fa3ac94b199fe46a5c7ec5af68c574) Importer(2089858483,192608db42251d675da83286b1cce702) (ScriptedImporter)[PhysX] Initialized MultithreadedTaskDispatcher with 4 workers.
 -> (artifact id: 'c350dc7694f33f36906c12886c4fd330') in 0.010426708 seconds
Number of updated asset objects reloaded before import = 0Number of asset objects unloaded after import = 1

========================================================================
Received Import Request.
  Time since last request: 0.000057 seconds.
  path: Assets/_Unity Essentials/Prefabs/Living Room/Chest_42in_BR001.prefab
  artifactKey: Guid(511d40a6a1b9f78448f879103ce68bb5) Importer(2089858483,192608db42251d675da83286b1cce702)
Start importing Assets/_Unity Essentials/Prefabs/Living Room/Chest_42in_BR001.prefab using Guid(511d40a6a1b9f78448f879103ce68bb5) Importer(2089858483,192608db42251d675da83286b1cce702) (ScriptedImporter)[PhysX] Initialized MultithreadedTaskDispatcher with 4 workers.
 -> (artifact id: '27e17e1f53d0efa98703d0c1a96f5622') in 0.021332583 seconds
Number of updated asset objects reloaded before import = 0Number of asset objects unloaded after import = 16

========================================================================
Received Import Request.
  Time since last request: 0.000055 seconds.
  path: Assets/_Unity Essentials/Source Files/Lighting/2_KidsRoom_3D_Scene/ReflectionProbe-0.exr
  artifactKey: Guid(6bb326c1abe444f86a3010497823d580) Importer(2089858483,192608db42251d675da83286b1cce702)
Start importing Assets/_Unity Essentials/Source Files/Lighting/2_KidsRoom_3D_Scene/ReflectionProbe-0.exr using Guid(6bb326c1abe444f86a3010497823d580) Importer(2089858483,192608db42251d675da83286b1cce702) (ScriptedImporter)[PhysX] Initialized MultithreadedTaskDispatcher with 4 workers.
 -> (artifact id: 'cfa9613d709efaf355cd4e09bba9d57b') in 0.014828708 seconds
Number of updated asset objects reloaded before import = 0Number of asset objects unloaded after import = 1

========================================================================
Received Import Request.
  Time since last request: 0.000063 seconds.
  path: Assets/_Unity Essentials/Prefabs/Outdoor/FirePit_32in_BY001.prefab
  artifactKey: Guid(e99199c67a86f99428096311aefd2130) Importer(2089858483,192608db42251d675da83286b1cce702)
Start importing Assets/_Unity Essentials/Prefabs/Outdoor/FirePit_32in_BY001.prefab using Guid(e99199c67a86f99428096311aefd2130) Importer(2089858483,192608db42251d675da83286b1cce702) (ScriptedImporter)[PhysX] Initialized MultithreadedTaskDispatcher with 4 workers.
 -> (artifact id: '56e1013218f840b013ca7aa89e85e562') in 0.011406 seconds
Number of updated asset objects reloaded before import = 0Number of asset objects unloaded after import = 16

========================================================================
Received Import Request.
  Time since last request: 0.000056 seconds.
  path: Assets/_Unity Essentials/Sprites/Furniture/Table_DiningGreen.png
  artifactKey: Guid(896f3adf521444f6eb7ecca4f3580806) Importer(2089858483,192608db42251d675da83286b1cce702)
Start importing Assets/_Unity Essentials/Sprites/Furniture/Table_DiningGreen.png using Guid(896f3adf521444f6eb7ecca4f3580806) Importer(2089858483,192608db42251d675da83286b1cce702) (ScriptedImporter)[PhysX] Initialized MultithreadedTaskDispatcher with 4 workers.
 -> (artifact id: '234707dfcdf3555d274415b110167530') in 0.020812375 seconds
Number of updated asset objects reloaded before import = 0Number of asset objects unloaded after import = 3

========================================================================
Received Import Request.
  Time since last request: 0.000061 seconds.
  path: Assets/_Unity Essentials/Textures/Skyboxes/SkyBrightMorning_Right.png
  artifactKey: Guid(62f6306d636d810479805f34fa875e27) Importer(2089858483,192608db42251d675da83286b1cce702)
Start importing Assets/_Unity Essentials/Textures/Skyboxes/SkyBrightMorning_Right.png using Guid(62f6306d636d810479805f34fa875e27) Importer(2089858483,192608db42251d675da83286b1cce702) (ScriptedImporter)[PhysX] Initialized MultithreadedTaskDispatcher with 4 workers.
 -> (artifact id: '77eac15895120dc47353462cc1e6f6ee') in 0.017134791 seconds
Number of updated asset objects reloaded before import = 0Number of asset objects unloaded after import = 1

========================================================================
Received Import Request.
  Time since last request: 0.000059 seconds.
  path: Assets/_Unity Essentials/Source Files/SpaceRobotKyle/Animations/Jump--InAir.anim.fbx
  artifactKey: Guid(063aa479676c4084ebf187660ca0a7b8) Importer(2089858483,192608db42251d675da83286b1cce702)
Start importing Assets/_Unity Essentials/Source Files/SpaceRobotKyle/Animations/Jump--InAir.anim.fbx using Guid(063aa479676c4084ebf187660ca0a7b8) Importer(2089858483,192608db42251d675da83286b1cce702) (ScriptedImporter)[PhysX] Initialized MultithreadedTaskDispatcher with 4 workers.
 -> (artifact id: 'aec0717ae11b3f41669bc957425f8591') in 0.014782958 seconds
Number of updated asset objects reloaded before import = 0Number of asset objects unloaded after import = 143

========================================================================
Received Import Request.
  Time since last request: 0.000049 seconds.
  path: Assets/_Unity Essentials/Prefabs/Walls/Wall1m.prefab
  artifactKey: Guid(d753f23fefc4f0f4eaa35d24bd80e7e2) Importer(2089858483,192608db42251d675da83286b1cce702)
Start importing Assets/_Unity Essentials/Prefabs/Walls/Wall1m.prefab using Guid(d753f23fefc4f0f4eaa35d24bd80e7e2) Importer(2089858483,192608db42251d675da83286b1cce702) (ScriptedImporter)[PhysX] Initialized MultithreadedTaskDispatcher with 4 workers.
 -> (artifact id: '69dc5c536803977fed53b60e1004ea54') in 0.004743917 seconds
Number of updated asset objects reloaded before import = 0Number of asset objects unloaded after import = 14

========================================================================
Received Import Request.
  Time since last request: 0.000065 seconds.
  path: Assets/_Unity Essentials/Source Files/Lighting/0_MainMenu_Scene/ReflectionProbe-0.exr
  artifactKey: Guid(1bc796984083b41eaab608a95220bfaf) Importer(2089858483,192608db42251d675da83286b1cce702)
Start importing Assets/_Unity Essentials/Source Files/Lighting/0_MainMenu_Scene/ReflectionProbe-0.exr using Guid(1bc796984083b41eaab608a95220bfaf) Importer(2089858483,192608db42251d675da83286b1cce702) (ScriptedImporter)[PhysX] Initialized MultithreadedTaskDispatcher with 4 workers.
 -> (artifact id: '744063f6f65928867ae07b4ea0d84dfb') in 0.019587875 seconds
Number of updated asset objects reloaded before import = 0Number of asset objects unloaded after import = 1

========================================================================
Received Import Request.
  Time since last request: 0.000058 seconds.
  path: Assets/_Unity Essentials/Textures/Pickups/3D/Key Food Cucumber_Metallic.png
  artifactKey: Guid(83dcc0a3ace99c84c873a9ddeae67f56) Importer(2089858483,192608db42251d675da83286b1cce702)
Start importing Assets/_Unity Essentials/Textures/Pickups/3D/Key Food Cucumber_Metallic.png using Guid(83dcc0a3ace99c84c873a9ddeae67f56) Importer(2089858483,192608db42251d675da83286b1cce702) (ScriptedImporter)[PhysX] Initialized MultithreadedTaskDispatcher with 4 workers.
 -> (artifact id: '3a666dce319612ad7e47da58f8fbc684') in 0.013801916 seconds
Number of updated asset objects reloaded before import = 0Number of asset objects unloaded after import = 1

========================================================================
Received Import Request.
  Time since last request: 0.000111 seconds.
  path: Assets/_Unity Essentials/Source Files/SpaceRobotKyle/Sfx/Player_Footstep_09.wav
  artifactKey: Guid(274649b0e221539409070ebf6c18918b) Importer(2089858483,192608db42251d675da83286b1cce702)
Start importing Assets/_Unity Essentials/Source Files/SpaceRobotKyle/Sfx/Player_Footstep_09.wav using Guid(274649b0e221539409070ebf6c18918b) Importer(2089858483,192608db42251d675da83286b1cce702) (ScriptedImporter)[PhysX] Initialized MultithreadedTaskDispatcher with 4 workers.
 -> (artifact id: 'dd0d53d789e01ff50e954058c484ebf2') in 0.024577834 seconds
Number of updated asset objects reloaded before import = 0Number of asset objects unloaded after import = 1

========================================================================
Received Import Request.
  Time since last request: 0.000108 seconds.
  path: Assets/_Unity Essentials/Textures/Pickups/3D/Key Food Cucumber_AO.png
  artifactKey: Guid(65e1421782ee92a43b38e8541140e94a) Importer(2089858483,192608db42251d675da83286b1cce702)
Start importing Assets/_Unity Essentials/Textures/Pickups/3D/Key Food Cucumber_AO.png using Guid(65e1421782ee92a43b38e8541140e94a) Importer(2089858483,192608db42251d675da83286b1cce702) (ScriptedImporter)[PhysX] Initialized MultithreadedTaskDispatcher with 4 workers.
 -> (artifact id: 'c2d9ce3e9f2005e835ef6e6cc8b892b0') in 0.014008125 seconds
Number of updated asset objects reloaded before import = 0Number of asset objects unloaded after import = 1

========================================================================
Received Import Request.
  Time since last request: 0.000090 seconds.
  path: Assets/_Unity Essentials/Source Files/SpaceRobotKyle/Textures/KyleRobot_Metallic.png
  artifactKey: Guid(5aae2859b99764250836fdf4c100e428) Importer(2089858483,192608db42251d675da83286b1cce702)
Start importing Assets/_Unity Essentials/Source Files/SpaceRobotKyle/Textures/KyleRobot_Metallic.png using Guid(5aae2859b99764250836fdf4c100e428) Importer(2089858483,192608db42251d675da83286b1cce702) (ScriptedImporter)[PhysX] Initialized MultithreadedTaskDispatcher with 4 workers.
 -> (artifact id: '810ed840de54dd603380c5962fc81070') in 0.013938084 seconds
Number of updated asset objects reloaded before import = 0Number of asset objects unloaded after import = 1

========================================================================
Received Import Request.
  Time since last request: 0.000108 seconds.
  path: Assets/_Unity Essentials/Sprites/Rugs/Textures/Rug_9Slice Pink.png
  artifactKey: Guid(f12a8d3a3ba624240acd2cec7871b8e6) Importer(2089858483,192608db42251d675da83286b1cce702)
Start importing Assets/_Unity Essentials/Sprites/Rugs/Textures/Rug_9Slice Pink.png using Guid(f12a8d3a3ba624240acd2cec7871b8e6) Importer(2089858483,192608db42251d675da83286b1cce702) (ScriptedImporter)[PhysX] Initialized MultithreadedTaskDispatcher with 4 workers.
 -> (artifact id: 'de0039233241fb2d1627c1e12ea6c771') in 0.015095834 seconds
Number of updated asset objects reloaded before import = 0Number of asset objects unloaded after import = 3

========================================================================
Received Import Request.
  Time since last request: 0.000069 seconds.
  path: Assets/_Unity Essentials/Materials/Interior/Objects/Pot_Materials/Water.mat
  artifactKey: Guid(d0b823805293b7c4baea1ec95ccdda68) Importer(2089858483,192608db42251d675da83286b1cce702)
Start importing Assets/_Unity Essentials/Materials/Interior/Objects/Pot_Materials/Water.mat using Guid(d0b823805293b7c4baea1ec95ccdda68) Importer(2089858483,192608db42251d675da83286b1cce702) (ScriptedImporter)[PhysX] Initialized MultithreadedTaskDispatcher with 4 workers.
 -> (artifact id: '3d17ee5601957896e75d19b09745809b') in 0.00681175 seconds
Number of updated asset objects reloaded before import = 0Number of asset objects unloaded after import = 1

========================================================================
Received Import Request.
  Time since last request: 0.000048 seconds.
  path: Assets/_Unity Essentials/Source Files/SpaceRobotKyle/Sfx/Player_Footstep_06.wav
  artifactKey: Guid(29841e7d5bbfb5b419c9ad16ca8bc4c1) Importer(2089858483,192608db42251d675da83286b1cce702)
Start importing Assets/_Unity Essentials/Source Files/SpaceRobotKyle/Sfx/Player_Footstep_06.wav using Guid(29841e7d5bbfb5b419c9ad16ca8bc4c1) Importer(2089858483,192608db42251d675da83286b1cce702) (ScriptedImporter)[PhysX] Initialized MultithreadedTaskDispatcher with 4 workers.
 -> (artifact id: '3d2177482e30333ac2ddd726ce8e9b3c') in 0.031299125 seconds
Number of updated asset objects reloaded before import = 0Number of asset objects unloaded after import = 1

========================================================================
Received Import Request.
  Time since last request: 0.000071 seconds.
  path: Assets/_Unity Essentials/Sprites/Rugs/Textures/Rug_9Slice Green.png
  artifactKey: Guid(f8c1b5db6a2e54f48945bb337587cb6a) Importer(2089858483,192608db42251d675da83286b1cce702)
Start importing Assets/_Unity Essentials/Sprites/Rugs/Textures/Rug_9Slice Green.png using Guid(f8c1b5db6a2e54f48945bb337587cb6a) Importer(2089858483,192608db42251d675da83286b1cce702) (ScriptedImporter)[PhysX] Initialized MultithreadedTaskDispatcher with 4 workers.
 -> (artifact id: '40e5e16c04810df25346192f48c799f9') in 0.01539225 seconds
Number of updated asset objects reloaded before import = 0Number of asset objects unloaded after import = 3

========================================================================
Received Import Request.
  Time since last request: 0.000292 seconds.
  path: Assets/_Unity Essentials/Textures/Pickups/3D/PuzzlePiece_Albedo.png
  artifactKey: Guid(0c9eee5f7dc1b61478917bbb42db85af) Importer(2089858483,192608db42251d675da83286b1cce702)
Start importing Assets/_Unity Essentials/Textures/Pickups/3D/PuzzlePiece_Albedo.png using Guid(0c9eee5f7dc1b61478917bbb42db85af) Importer(2089858483,192608db42251d675da83286b1cce702) (ScriptedImporter)[PhysX] Initialized MultithreadedTaskDispatcher with 4 workers.
 -> (artifact id: '81e09d242a54341212e464529cd91e32') in 0.014398 seconds
Number of updated asset objects reloaded before import = 0Number of asset objects unloaded after import = 1

========================================================================
Received Import Request.
  Time since last request: 0.000078 seconds.
  path: Assets/_Unity Essentials/Textures/Pickups/2D/Star_2D.png
  artifactKey: Guid(67645f496abfb492ea320688c25a2416) Importer(2089858483,192608db42251d675da83286b1cce702)
Start importing Assets/_Unity Essentials/Textures/Pickups/2D/Star_2D.png using Guid(67645f496abfb492ea320688c25a2416) Importer(2089858483,192608db42251d675da83286b1cce702) (ScriptedImporter)[PhysX] Initialized MultithreadedTaskDispatcher with 4 workers.
 -> (artifact id: '463cfc8f45f94b8abb3988bd96174dee') in 0.015751916 seconds
Number of updated asset objects reloaded before import = 0Number of asset objects unloaded after import = 3

========================================================================
Received Import Request.
  Time since last request: 0.000109 seconds.
  path: Assets/_Unity Essentials/Textures/Pickups/3D/Key Food Cucumber_Roughness.png
  artifactKey: Guid(c7a194c2bbf1765468dec6485aa5a30f) Importer(2089858483,192608db42251d675da83286b1cce702)
Start importing Assets/_Unity Essentials/Textures/Pickups/3D/Key Food Cucumber_Roughness.png using Guid(c7a194c2bbf1765468dec6485aa5a30f) Importer(2089858483,192608db42251d675da83286b1cce702) (ScriptedImporter)[PhysX] Initialized MultithreadedTaskDispatcher with 4 workers.
 -> (artifact id: '892375378ecc3817ecca4dd3d39a57b5') in 0.015281792 seconds
Number of updated asset objects reloaded before import = 0Number of asset objects unloaded after import = 1

========================================================================
Received Import Request.
  Time since last request: 0.000091 seconds.
  path: Assets/_Unity Essentials/Source Files/SpaceRobotKyle/Textures/KyleRobot_BaseMap.png
  artifactKey: Guid(4cd7cfbb985ec4518bfc6c73c4ee1433) Importer(2089858483,192608db42251d675da83286b1cce702)
Start importing Assets/_Unity Essentials/Source Files/SpaceRobotKyle/Textures/KyleRobot_BaseMap.png using Guid(4cd7cfbb985ec4518bfc6c73c4ee1433) Importer(2089858483,192608db42251d675da83286b1cce702) (ScriptedImporter)[PhysX] Initialized MultithreadedTaskDispatcher with 4 workers.
 -> (artifact id: 'bc69bc3f35a4b1976d8f39362c96371c') in 0.014236625 seconds
Number of updated asset objects reloaded before import = 0Number of asset objects unloaded after import = 1

========================================================================
Received Import Request.
  Time since last request: 0.000106 seconds.
  path: Assets/_Unity Essentials/Textures/Pickups/3D/Gems_MetallicSmoothness.png
  artifactKey: Guid(6ac5178ad60ee2c43b1a27795f66801f) Importer(2089858483,192608db42251d675da83286b1cce702)
Start importing Assets/_Unity Essentials/Textures/Pickups/3D/Gems_MetallicSmoothness.png using Guid(6ac5178ad60ee2c43b1a27795f66801f) Importer(2089858483,192608db42251d675da83286b1cce702) (ScriptedImporter)[PhysX] Initialized MultithreadedTaskDispatcher with 4 workers.
 -> (artifact id: '0601e36b6a09ab2d2032bc41e1cfb950') in 0.01578575 seconds
Number of updated asset objects reloaded before import = 0Number of asset objects unloaded after import = 1

========================================================================
Received Import Request.
  Time since last request: 0.000089 seconds.
  path: Assets/_Unity Essentials/Textures/Pickups/3D/Guitar_MetallicSmoothness.png
  artifactKey: Guid(bd6c895b460604e479bc74b8187bf712) Importer(2089858483,192608db42251d675da83286b1cce702)
Start importing Assets/_Unity Essentials/Textures/Pickups/3D/Guitar_MetallicSmoothness.png using Guid(bd6c895b460604e479bc74b8187bf712) Importer(2089858483,192608db42251d675da83286b1cce702) (ScriptedImporter)[PhysX] Initialized MultithreadedTaskDispatcher with 4 workers.
 -> (artifact id: '8c10035e595d81c3b65b4d70ea2d2307') in 0.0188115 seconds
Number of updated asset objects reloaded before import = 0Number of asset objects unloaded after import = 1

========================================================================
Received Import Request.
  Time since last request: 0.000124 seconds.
  path: Assets/_Unity Essentials/Textures/Pickups/3D/Key Food Cucumber_Albedo.png
  artifactKey: Guid(17595495f0bf78549ba25ff876f5db55) Importer(2089858483,192608db42251d675da83286b1cce702)
Start importing Assets/_Unity Essentials/Textures/Pickups/3D/Key Food Cucumber_Albedo.png using Guid(17595495f0bf78549ba25ff876f5db55) Importer(2089858483,192608db42251d675da83286b1cce702) (ScriptedImporter)[PhysX] Initialized MultithreadedTaskDispatcher with 4 workers.
 -> (artifact id: '3987c33d42f4b7231b7cc8647c379719') in 0.038150416 seconds
Number of updated asset objects reloaded before import = 0Number of asset objects unloaded after import = 1

========================================================================
Received Import Request.
  Time since last request: 0.000153 seconds.
  path: Assets/_Unity Essentials/Textures/Pickups/3D/PotionBottle_Emission.png
  artifactKey: Guid(1f9a98dba30339949aa71faa5b9afe3c) Importer(2089858483,192608db42251d675da83286b1cce702)
Start importing Assets/_Unity Essentials/Textures/Pickups/3D/PotionBottle_Emission.png using Guid(1f9a98dba30339949aa71faa5b9afe3c) Importer(2089858483,192608db42251d675da83286b1cce702) (ScriptedImporter)[PhysX] Initialized MultithreadedTaskDispatcher with 4 workers.
 -> (artifact id: 'fbb16fa0c887f7e2d2d3cb56c3433d4c') in 0.02366325 seconds
Number of updated asset objects reloaded before import = 0Number of asset objects unloaded after import = 1

========================================================================
Received Import Request.
  Time since last request: 0.000109 seconds.
  path: Assets/_Unity Essentials/Textures/Pickups/3D/PotionsMoney_AO.tif
  artifactKey: Guid(44610fe84573d4f3987c220881b103bc) Importer(2089858483,192608db42251d675da83286b1cce702)
Start importing Assets/_Unity Essentials/Textures/Pickups/3D/PotionsMoney_AO.tif using Guid(44610fe84573d4f3987c220881b103bc) Importer(2089858483,192608db42251d675da83286b1cce702) (ScriptedImporter)[PhysX] Initialized MultithreadedTaskDispatcher with 4 workers.
 -> (artifact id: 'b4597b07b39e9cf21280538ac93810ff') in 0.022964042 seconds
Number of updated asset objects reloaded before import = 0Number of asset objects unloaded after import = 1

========================================================================
Received Import Request.
  Time since last request: 0.000138 seconds.
  path: Assets/_Unity Essentials/Textures/Pickups/2D/Dirt_2D.png
  artifactKey: Guid(9719b3a31548d4ec287d73c12e8324cf) Importer(2089858483,192608db42251d675da83286b1cce702)
Start importing Assets/_Unity Essentials/Textures/Pickups/2D/Dirt_2D.png using Guid(9719b3a31548d4ec287d73c12e8324cf) Importer(2089858483,192608db42251d675da83286b1cce702) (ScriptedImporter)[PhysX] Initialized MultithreadedTaskDispatcher with 4 workers.
 -> (artifact id: '2790e6407a2191fecf1467b69e986931') in 0.021093708 seconds
Number of updated asset objects reloaded before import = 0Number of asset objects unloaded after import = 3

========================================================================
Received Import Request.
  Time since last request: 0.000072 seconds.
  path: Assets/_Unity Essentials/Textures/Pickups/3D/PotionsMoney_Albedo.tif
  artifactKey: Guid(bae8cfac4ae84d74287420e28febf70e) Importer(2089858483,192608db42251d675da83286b1cce702)
Start importing Assets/_Unity Essentials/Textures/Pickups/3D/PotionsMoney_Albedo.tif using Guid(bae8cfac4ae84d74287420e28febf70e) Importer(2089858483,192608db42251d675da83286b1cce702) (ScriptedImporter)[PhysX] Initialized MultithreadedTaskDispatcher with 4 workers.
 -> (artifact id: 'b7d91c627fe5904ab78db3870df4abb1') in 0.018311 seconds
Number of updated asset objects reloaded before import = 0Number of asset objects unloaded after import = 1

========================================================================
Received Import Request.
  Time since last request: 0.000100 seconds.
  path: Assets/_Unity Essentials/Textures/Pickups/2D/Rock_2D.png
  artifactKey: Guid(42f9a320fe697475fb9f416ce6f0ffbd) Importer(2089858483,192608db42251d675da83286b1cce702)
Start importing Assets/_Unity Essentials/Textures/Pickups/2D/Rock_2D.png using Guid(42f9a320fe697475fb9f416ce6f0ffbd) Importer(2089858483,192608db42251d675da83286b1cce702) (ScriptedImporter)[PhysX] Initialized MultithreadedTaskDispatcher with 4 workers.
 -> (artifact id: '26dd6016fc5e68c38dfe0b66136034ce') in 0.018351 seconds
Number of updated asset objects reloaded before import = 0Number of asset objects unloaded after import = 3

========================================================================
Received Import Request.
  Time since last request: 0.000093 seconds.
  path: Assets/_Unity Essentials/Textures/Pickups/3D/Key_MetallicSmoothness.png
  artifactKey: Guid(f5c96caf68f8718498d206587109be2b) Importer(2089858483,192608db42251d675da83286b1cce702)
Start importing Assets/_Unity Essentials/Textures/Pickups/3D/Key_MetallicSmoothness.png using Guid(f5c96caf68f8718498d206587109be2b) Importer(2089858483,192608db42251d675da83286b1cce702) (ScriptedImporter)[PhysX] Initialized MultithreadedTaskDispatcher with 4 workers.
 -> (artifact id: 'd5a53efbb59333bcfff54916ed355786') in 0.016272916 seconds
Number of updated asset objects reloaded before import = 0Number of asset objects unloaded after import = 1

========================================================================
Received Import Request.
  Time since last request: 0.000067 seconds.
  path: Assets/_Unity Essentials/Source Files/SpaceRobotKyle/Textures/KyleRobot_Normal.png
  artifactKey: Guid(791054af2a3e84d5f80f671672739900) Importer(2089858483,192608db42251d675da83286b1cce702)
Start importing Assets/_Unity Essentials/Source Files/SpaceRobotKyle/Textures/KyleRobot_Normal.png using Guid(791054af2a3e84d5f80f671672739900) Importer(2089858483,192608db42251d675da83286b1cce702) (ScriptedImporter)[PhysX] Initialized MultithreadedTaskDispatcher with 4 workers.
 -> (artifact id: 'fa282be2cc07d33eb4fdcd2c462514ff') in 0.038217417 seconds
Number of updated asset objects reloaded before import = 0Number of asset objects unloaded after import = 1

========================================================================
Received Import Request.
  Time since last request: 0.000078 seconds.
  path: Assets/_Unity Essentials/Textures/Pickups/3D/Gems_AO.png
  artifactKey: Guid(fc9cf87c1172b2e45a9f444bb3748e2b) Importer(2089858483,192608db42251d675da83286b1cce702)
Start importing Assets/_Unity Essentials/Textures/Pickups/3D/Gems_AO.png using Guid(fc9cf87c1172b2e45a9f444bb3748e2b) Importer(2089858483,192608db42251d675da83286b1cce702) (ScriptedImporter)[PhysX] Initialized MultithreadedTaskDispatcher with 4 workers.
 -> (artifact id: 'f38f7647e08fb4c5a7c5f4019d80baeb') in 0.015650875 seconds
Number of updated asset objects reloaded before import = 0Number of asset objects unloaded after import = 1

========================================================================
Received Import Request.
  Time since last request: 0.000079 seconds.
  path: Assets/_Unity Essentials/Source Files/SpaceRobotKyle/Sfx/Player_Land.wav
  artifactKey: Guid(ff697d3070687ce4583faa0561a145a2) Importer(2089858483,192608db42251d675da83286b1cce702)
Start importing Assets/_Unity Essentials/Source Files/SpaceRobotKyle/Sfx/Player_Land.wav using Guid(ff697d3070687ce4583faa0561a145a2) Importer(2089858483,192608db42251d675da83286b1cce702) (ScriptedImporter)[PhysX] Initialized MultithreadedTaskDispatcher with 4 workers.
 -> (artifact id: '3ccbb6096af35bdfaa5681e228bbf4a2') in 0.026213792 seconds
Number of updated asset objects reloaded before import = 0Number of asset objects unloaded after import = 1

========================================================================
Received Import Request.
  Time since last request: 0.000076 seconds.
  path: Assets/_Unity Essentials/Textures/Pickups/3D/Apple_MetallicSmoothness.png
  artifactKey: Guid(c7dbe867d39ba6e4caea2d01d4a73224) Importer(2089858483,192608db42251d675da83286b1cce702)
Start importing Assets/_Unity Essentials/Textures/Pickups/3D/Apple_MetallicSmoothness.png using Guid(c7dbe867d39ba6e4caea2d01d4a73224) Importer(2089858483,192608db42251d675da83286b1cce702) (ScriptedImporter)[PhysX] Initialized MultithreadedTaskDispatcher with 4 workers.
 -> (artifact id: '5f694fb40dfd2f28f1347c161549c87e') in 0.016383292 seconds
Number of updated asset objects reloaded before import = 0Number of asset objects unloaded after import = 1

========================================================================
Received Import Request.
  Time since last request: 0.000088 seconds.
  path: Assets/_Unity Essentials/Materials/Interior/Objects/Pot_Materials/White.mat
  artifactKey: Guid(afb9013263732024fb75caaa0e4a1e38) Importer(2089858483,192608db42251d675da83286b1cce702)
Start importing Assets/_Unity Essentials/Materials/Interior/Objects/Pot_Materials/White.mat using Guid(afb9013263732024fb75caaa0e4a1e38) Importer(2089858483,192608db42251d675da83286b1cce702) (ScriptedImporter)[PhysX] Initialized MultithreadedTaskDispatcher with 4 workers.
 -> (artifact id: '95e4c296c9d59f12b8e81ce103a0accf') in 0.008239125 seconds
Number of updated asset objects reloaded before import = 0Number of asset objects unloaded after import = 1

========================================================================
Received Import Request.
  Time since last request: 0.000110 seconds.
  path: Assets/_Unity Essentials/Textures/Interior/StripesPurple.jpg
  artifactKey: Guid(6562ded31e93f3f4ab42beb53875da47) Importer(2089858483,192608db42251d675da83286b1cce702)
Start importing Assets/_Unity Essentials/Textures/Interior/StripesPurple.jpg using Guid(6562ded31e93f3f4ab42beb53875da47) Importer(2089858483,192608db42251d675da83286b1cce702) (ScriptedImporter)[PhysX] Initialized MultithreadedTaskDispatcher with 4 workers.
 -> (artifact id: 'cc0a616dddb9f04dd20666e13b11054d') in 0.022869458 seconds
Number of updated asset objects reloaded before import = 0Number of asset objects unloaded after import = 1

========================================================================
Received Import Request.
  Time since last request: 0.000143 seconds.
  path: Assets/_Unity Essentials/Source Files/Lighting/4_LivingRoom_Programming_Scene/LightingData.asset
  artifactKey: Guid(097c90886656b467c8af02edeaead347) Importer(2089858483,192608db42251d675da83286b1cce702)
Start importing Assets/_Unity Essentials/Source Files/Lighting/4_LivingRoom_Programming_Scene/LightingData.asset using Guid(097c90886656b467c8af02edeaead347) Importer(2089858483,192608db42251d675da83286b1cce702) (ScriptedImporter)[PhysX] Initialized MultithreadedTaskDispatcher with 4 workers.
 -> (artifact id: 'ad57d36d791ddcd26d48fb2920028c29') in 0.007537208 seconds
Number of updated asset objects reloaded before import = 0Number of asset objects unloaded after import = 2

========================================================================
Received Import Request.
  Time since last request: 0.000093 seconds.
  path: Assets/_Unity Essentials/Source Files/Scripts/LoadSceneByIndex.cs
  artifactKey: Guid(cf8e0821bf13549cd8cf9cb0c116f46c) Importer(2089858483,192608db42251d675da83286b1cce702)
Start importing Assets/_Unity Essentials/Source Files/Scripts/LoadSceneByIndex.cs using Guid(cf8e0821bf13549cd8cf9cb0c116f46c) Importer(2089858483,192608db42251d675da83286b1cce702) (ScriptedImporter)[PhysX] Initialized MultithreadedTaskDispatcher with 4 workers.
 -> (artifact id: 'd6cb67ac8ad247410d54bce55f540865') in 0.005741208 seconds
Number of updated asset objects reloaded before import = 0Number of asset objects unloaded after import = 0

========================================================================
Received Import Request.
  Time since last request: 0.000162 seconds.
  path: Assets/_Unity Essentials/Textures/UI Sprites/UI_Panel_Square_SemiTransparent.png
  artifactKey: Guid(5f3361cdbd9476e41a5491b5d496d38d) Importer(2089858483,192608db42251d675da83286b1cce702)
Start importing Assets/_Unity Essentials/Textures/UI Sprites/UI_Panel_Square_SemiTransparent.png using Guid(5f3361cdbd9476e41a5491b5d496d38d) Importer(2089858483,192608db42251d675da83286b1cce702) (ScriptedImporter)[PhysX] Initialized MultithreadedTaskDispatcher with 4 workers.
 -> (artifact id: '80b04585712978884784fdfc26ab04ba') in 0.023462875 seconds
Number of updated asset objects reloaded before import = 0Number of asset objects unloaded after import = 3

========================================================================
Received Import Request.
  Time since last request: 0.000126 seconds.
  path: Assets/_Unity Essentials/Materials/Interior/Objects/Mat_BasketballNet_Stand.mat
  artifactKey: Guid(6639fbd613ffa40d6a440d0659bb28a9) Importer(2089858483,192608db42251d675da83286b1cce702)
Start importing Assets/_Unity Essentials/Materials/Interior/Objects/Mat_BasketballNet_Stand.mat using Guid(6639fbd613ffa40d6a440d0659bb28a9) Importer(2089858483,192608db42251d675da83286b1cce702) (ScriptedImporter)[PhysX] Initialized MultithreadedTaskDispatcher with 4 workers.
 -> (artifact id: '1124e80dca213df6e263a0aee13c673e') in 0.026993375 seconds
Number of updated asset objects reloaded before import = 0Number of asset objects unloaded after import = 2

========================================================================
Received Import Request.
  Time since last request: 0.000078 seconds.
  path: Assets/_Unity Essentials/Textures/Interior/SpotsGreenLight.jpg
  artifactKey: Guid(ab677bf6e415a434dbba0d65103b836a) Importer(2089858483,192608db42251d675da83286b1cce702)
Start importing Assets/_Unity Essentials/Textures/Interior/SpotsGreenLight.jpg using Guid(ab677bf6e415a434dbba0d65103b836a) Importer(2089858483,192608db42251d675da83286b1cce702) (ScriptedImporter)[PhysX] Initialized MultithreadedTaskDispatcher with 4 workers.
 -> (artifact id: 'b2aa0515be4c0623f774ab5e1c1a08d7') in 0.016381875 seconds
Number of updated asset objects reloaded before import = 0Number of asset objects unloaded after import = 1

========================================================================
Received Import Request.
  Time since last request: 0.000112 seconds.
  path: Assets/_Unity Essentials/Materials/Interior/Environment/PatternSpotBlue.mat
  artifactKey: Guid(1112486a62debb048943434535c19d5f) Importer(2089858483,192608db42251d675da83286b1cce702)
Start importing Assets/_Unity Essentials/Materials/Interior/Environment/PatternSpotBlue.mat using Guid(1112486a62debb048943434535c19d5f) Importer(2089858483,192608db42251d675da83286b1cce702) (ScriptedImporter)[PhysX] Initialized MultithreadedTaskDispatcher with 4 workers.
 -> (artifact id: 'c1a9e72da4d5d95cba9b176fd2d7aff0') in 0.01165625 seconds
Number of updated asset objects reloaded before import = 0Number of asset objects unloaded after import = 2

========================================================================
Received Import Request.
  Time since last request: 0.000095 seconds.
  path: Assets/_Unity Essentials/Source Files/SpaceRobotKyle/Animations/Locomotion--Walk_N_Land.anim.fbx
  artifactKey: Guid(325a26d62b61fa94cb3c97c435efebc5) Importer(2089858483,192608db42251d675da83286b1cce702)
Start importing Assets/_Unity Essentials/Source Files/SpaceRobotKyle/Animations/Locomotion--Walk_N_Land.anim.fbx using Guid(325a26d62b61fa94cb3c97c435efebc5) Importer(2089858483,192608db42251d675da83286b1cce702) (ScriptedImporter)[PhysX] Initialized MultithreadedTaskDispatcher with 4 workers.
 -> (artifact id: '44b741d5e84a50b7c4414067ad211283') in 0.023439833 seconds
Number of updated asset objects reloaded before import = 0Number of asset objects unloaded after import = 143

========================================================================
Received Import Request.
  Time since last request: 0.000227 seconds.
  path: Assets/_Unity Essentials/Textures/Outdoor/Grid_01_Emissive.png
  artifactKey: Guid(d4d6919451fe3e24388816386a6d15a4) Importer(2089858483,192608db42251d675da83286b1cce702)
Start importing Assets/_Unity Essentials/Textures/Outdoor/Grid_01_Emissive.png using Guid(d4d6919451fe3e24388816386a6d15a4) Importer(2089858483,192608db42251d675da83286b1cce702) (ScriptedImporter)[PhysX] Initialized MultithreadedTaskDispatcher with 4 workers.
 -> (artifact id: '15293592ff1ce07828a39853d40736bb') in 0.019842417 seconds
Number of updated asset objects reloaded before import = 0Number of asset objects unloaded after import = 1

========================================================================
Received Import Request.
  Time since last request: 0.000072 seconds.
  path: Assets/_Unity Essentials/Prefabs/Rooms/02_Kitchen.prefab
  artifactKey: Guid(74ab8f72987454f0db40e7903d894991) Importer(2089858483,192608db42251d675da83286b1cce702)
Start importing Assets/_Unity Essentials/Prefabs/Rooms/02_Kitchen.prefab using Guid(74ab8f72987454f0db40e7903d894991) Importer(2089858483,192608db42251d675da83286b1cce702) (ScriptedImporter)[PhysX] Initialized MultithreadedTaskDispatcher with 4 workers.
 -> (artifact id: '6fcafef9923643b4b2709ee5911d396b') in 0.0548535 seconds
Number of updated asset objects reloaded before import = 0Number of asset objects unloaded after import = 509

========================================================================
Received Import Request.
  Time since last request: 0.000128 seconds.
  path: Assets/_Unity Essentials/Materials/Interior/Objects/Block_Yellow.mat
  artifactKey: Guid(606a755ea123242fbb30c87ec7c25059) Importer(2089858483,192608db42251d675da83286b1cce702)
Start importing Assets/_Unity Essentials/Materials/Interior/Objects/Block_Yellow.mat using Guid(606a755ea123242fbb30c87ec7c25059) Importer(2089858483,192608db42251d675da83286b1cce702) (ScriptedImporter)[PhysX] Initialized MultithreadedTaskDispatcher with 4 workers.
 -> (artifact id: 'cba71da94f821611153192b110e51b4e') in 0.010290875 seconds
Number of updated asset objects reloaded before import = 0Number of asset objects unloaded after import = 1

========================================================================
Received Import Request.
  Time since last request: 0.000073 seconds.
  path: Assets/_Unity Essentials/Prefabs/Objects/Books.prefab
  artifactKey: Guid(c0eb883bd26d649448815aba284af5a2) Importer(2089858483,192608db42251d675da83286b1cce702)
Start importing Assets/_Unity Essentials/Prefabs/Objects/Books.prefab using Guid(c0eb883bd26d649448815aba284af5a2) Importer(2089858483,192608db42251d675da83286b1cce702) (ScriptedImporter)[PhysX] Initialized MultithreadedTaskDispatcher with 4 workers.
 -> (artifact id: '660ad26820fc761c118fa3a23cd1185a') in 0.010123708 seconds
Number of updated asset objects reloaded before import = 0Number of asset objects unloaded after import = 45

========================================================================
Received Import Request.
  Time since last request: 0.000103 seconds.
  path: Assets/_Unity Essentials/Sprites/Characters/UFO_2D.png
  artifactKey: Guid(4b00f5edd3d374eceba7b1b6fc8a02be) Importer(2089858483,192608db42251d675da83286b1cce702)
Start importing Assets/_Unity Essentials/Sprites/Characters/UFO_2D.png using Guid(4b00f5edd3d374eceba7b1b6fc8a02be) Importer(2089858483,192608db42251d675da83286b1cce702) (ScriptedImporter)[PhysX] Initialized MultithreadedTaskDispatcher with 4 workers.
 -> (artifact id: 'caf15b36892e0ba90119bdd09d97c60d') in 0.047405792 seconds
Number of updated asset objects reloaded before import = 0Number of asset objects unloaded after import = 3

========================================================================
Received Import Request.
  Time since last request: 0.000184 seconds.
  path: Assets/_Unity Essentials/Scripts/Provided Scripts/PlayerController2D.cs
  artifactKey: Guid(4e7179393266b4d039813b2dec39dd1b) Importer(2089858483,192608db42251d675da83286b1cce702)
Start importing Assets/_Unity Essentials/Scripts/Provided Scripts/PlayerController2D.cs using Guid(4e7179393266b4d039813b2dec39dd1b) Importer(2089858483,192608db42251d675da83286b1cce702) (ScriptedImporter)[PhysX] Initialized MultithreadedTaskDispatcher with 4 workers.
 -> (artifact id: '471cfdb60ac8c30efef3f9c8c261f150') in 0.00623075 seconds
Number of updated asset objects reloaded before import = 0Number of asset objects unloaded after import = 0

========================================================================
Received Import Request.
  Time since last request: 0.000103 seconds.
  path: Assets/_Unity Essentials/Textures/Interior/WallBlule.jpg
  artifactKey: Guid(0f980e7ee18ebf945bd589868923e16a) Importer(2089858483,192608db42251d675da83286b1cce702)
Start importing Assets/_Unity Essentials/Textures/Interior/WallBlule.jpg using Guid(0f980e7ee18ebf945bd589868923e16a) Importer(2089858483,192608db42251d675da83286b1cce702) (ScriptedImporter)[PhysX] Initialized MultithreadedTaskDispatcher with 4 workers.
 -> (artifact id: 'c85908eb9510557f5a0bdb5ee7ba5351') in 0.017401292 seconds
Number of updated asset objects reloaded before import = 0Number of asset objects unloaded after import = 1

========================================================================
Received Import Request.
  Time since last request: 0.000119 seconds.
  path: Assets/_Unity Essentials/Materials/Interior/Environment/PatternStripeGreenLime.mat
  artifactKey: Guid(f1dac06e1bdc8fb498863f3e14bc35bb) Importer(2089858483,192608db42251d675da83286b1cce702)
Start importing Assets/_Unity Essentials/Materials/Interior/Environment/PatternStripeGreenLime.mat using Guid(f1dac06e1bdc8fb498863f3e14bc35bb) Importer(2089858483,192608db42251d675da83286b1cce702) (ScriptedImporter)[PhysX] Initialized MultithreadedTaskDispatcher with 4 workers.
 -> (artifact id: '1b9585d1ab61e2561a61920c2a3d4da9') in 0.010659833 seconds
Number of updated asset objects reloaded before import = 0Number of asset objects unloaded after import = 2

========================================================================
Received Import Request.
  Time since last request: 0.000141 seconds.
  path: Assets/_Unity Essentials/Sprites/Furniture/SlipperR.png
  artifactKey: Guid(f55235571be5842b7a7d7cb22d51e320) Importer(2089858483,192608db42251d675da83286b1cce702)
Start importing Assets/_Unity Essentials/Sprites/Furniture/SlipperR.png using Guid(f55235571be5842b7a7d7cb22d51e320) Importer(2089858483,192608db42251d675da83286b1cce702) (ScriptedImporter)[PhysX] Initialized MultithreadedTaskDispatcher with 4 workers.
 -> (artifact id: '21a1524da5d2ad7d83f0e0c35d888c5c') in 0.02066625 seconds
Number of updated asset objects reloaded before import = 0Number of asset objects unloaded after import = 3

========================================================================
Received Import Request.
  Time since last request: 0.000088 seconds.
  path: Assets/_Unity Essentials/Materials/Interior/Environment/SmallProps_Light.mat
  artifactKey: Guid(12416da89ffd6164b8e8c7fa410c8a54) Importer(2089858483,192608db42251d675da83286b1cce702)
Start importing Assets/_Unity Essentials/Materials/Interior/Environment/SmallProps_Light.mat using Guid(12416da89ffd6164b8e8c7fa410c8a54) Importer(2089858483,192608db42251d675da83286b1cce702) (ScriptedImporter)[PhysX] Initialized MultithreadedTaskDispatcher with 4 workers.
 -> (artifact id: '71fcf63fc52ff47957e7549a4e90dd1e') in 0.011311875 seconds
Number of updated asset objects reloaded before import = 0Number of asset objects unloaded after import = 2

========================================================================
Received Import Request.
  Time since last request: 0.000076 seconds.
  path: Assets/_Unity Essentials/Materials/Interior/Environment/Gallery_Glass.mat
  artifactKey: Guid(c3201b42948a8ee41b3714ce081751e4) Importer(2089858483,192608db42251d675da83286b1cce702)
Start importing Assets/_Unity Essentials/Materials/Interior/Environment/Gallery_Glass.mat using Guid(c3201b42948a8ee41b3714ce081751e4) Importer(2089858483,192608db42251d675da83286b1cce702) (ScriptedImporter)[PhysX] Initialized MultithreadedTaskDispatcher with 4 workers.
 -> (artifact id: '834095404e925b31d7ba8b7c17e45a66') in 0.008036584 seconds
Number of updated asset objects reloaded before import = 0Number of asset objects unloaded after import = 1

========================================================================
Received Import Request.
  Time since last request: 0.000099 seconds.
  path: Assets/_Unity Essentials/Prefabs/Living Room/TableRectangleShort.prefab
  artifactKey: Guid(0bb7e2d2dd1ca30478c670b90ac27dea) Importer(2089858483,192608db42251d675da83286b1cce702)
Start importing Assets/_Unity Essentials/Prefabs/Living Room/TableRectangleShort.prefab using Guid(0bb7e2d2dd1ca30478c670b90ac27dea) Importer(2089858483,192608db42251d675da83286b1cce702) (ScriptedImporter)[PhysX] Initialized MultithreadedTaskDispatcher with 4 workers.
 -> (artifact id: 'e35ecccd271ef50fc123650ed8520cd0') in 0.01234425 seconds
Number of updated asset objects reloaded before import = 0Number of asset objects unloaded after import = 14

========================================================================
Received Import Request.
  Time since last request: 0.000113 seconds.
  path: Assets/_Unity Essentials/Textures/Objects/Plastic_Albedo.tif
  artifactKey: Guid(c0f1bf3c549bd4f4eb7b82200bd7980e) Importer(2089858483,192608db42251d675da83286b1cce702)
Start importing Assets/_Unity Essentials/Textures/Objects/Plastic_Albedo.tif using Guid(c0f1bf3c549bd4f4eb7b82200bd7980e) Importer(2089858483,192608db42251d675da83286b1cce702) (ScriptedImporter)[PhysX] Initialized MultithreadedTaskDispatcher with 4 workers.
 -> (artifact id: '2d478e0030af32034dd6c2be4d53c446') in 0.01599675 seconds
Number of updated asset objects reloaded before import = 0Number of asset objects unloaded after import = 1

========================================================================
Received Import Request.
  Time since last request: 0.000110 seconds.
  path: Assets/_Unity Essentials/Textures/Pickups/3D/Coin_Normal.png
  artifactKey: Guid(62fec8f035ffcfe47afeb5c4acd51fc3) Importer(2089858483,192608db42251d675da83286b1cce702)
Start importing Assets/_Unity Essentials/Textures/Pickups/3D/Coin_Normal.png using Guid(62fec8f035ffcfe47afeb5c4acd51fc3) Importer(2089858483,192608db42251d675da83286b1cce702) (ScriptedImporter)[PhysX] Initialized MultithreadedTaskDispatcher with 4 workers.
 -> (artifact id: '4372fec537d5a864ae69b16156ae9ce1') in 0.014547417 seconds
Number of updated asset objects reloaded before import = 0Number of asset objects unloaded after import = 1

========================================================================
Received Import Request.
  Time since last request: 0.000107 seconds.
  path: Assets/_Unity Essentials/Source Files/SpaceRobotKyle/Models/KyleRobot.fbx
  artifactKey: Guid(73ffbc06802a247cfb1b26f4ee67eba8) Importer(2089858483,192608db42251d675da83286b1cce702)
Start importing Assets/_Unity Essentials/Source Files/SpaceRobotKyle/Models/KyleRobot.fbx using Guid(73ffbc06802a247cfb1b26f4ee67eba8) Importer(2089858483,192608db42251d675da83286b1cce702) (ScriptedImporter)[PhysX] Initialized MultithreadedTaskDispatcher with 4 workers.
 -> (artifact id: '89aa77c4cd2bfb17d055a7bc89baf2ef') in 0.044648291 seconds
Number of updated asset objects reloaded before import = 0Number of asset objects unloaded after import = 115

========================================================================
Received Import Request.
  Time since last request: 0.000104 seconds.
  path: Assets/_Unity Essentials/Textures/Skyboxes/SkyMidNight_Left.png
  artifactKey: Guid(b712a49fc11d9fd4dbf18d71b3f53e31) Importer(2089858483,192608db42251d675da83286b1cce702)
Start importing Assets/_Unity Essentials/Textures/Skyboxes/SkyMidNight_Left.png using Guid(b712a49fc11d9fd4dbf18d71b3f53e31) Importer(2089858483,192608db42251d675da83286b1cce702) (ScriptedImporter)[PhysX] Initialized MultithreadedTaskDispatcher with 4 workers.
 -> (artifact id: '343af2b3f243231ae4b6eb9e2a958549') in 0.018054791 seconds
Number of updated asset objects reloaded before import = 0Number of asset objects unloaded after import = 1

========================================================================
Received Import Request.
  Time since last request: 0.000107 seconds.
  path: Assets/_Unity Essentials/Textures/Pickups/3D/PotionBottle_MetallicSmoothness.png
  artifactKey: Guid(177217803ca9e524c8c154f113047503) Importer(2089858483,192608db42251d675da83286b1cce702)
Start importing Assets/_Unity Essentials/Textures/Pickups/3D/PotionBottle_MetallicSmoothness.png using Guid(177217803ca9e524c8c154f113047503) Importer(2089858483,192608db42251d675da83286b1cce702) (ScriptedImporter)[PhysX] Initialized MultithreadedTaskDispatcher with 4 workers.
 -> (artifact id: 'cab7a446e4f3cb87932ca74e642651d9') in 0.018188334 seconds
Number of updated asset objects reloaded before import = 0Number of asset objects unloaded after import = 1

========================================================================
Received Prepare
Refreshing native plugins compatible for Editor in 1.09 ms, found 3 plugins.
Preloading 0 native plugins for Editor in 0.00 ms.
Unloading 14 Unused Serialized files (Serialized files now loaded: 0)
Unloading 6739 unused Assets / (3.4 MB). Loaded Objects now: 7848.
Memory consumption went from 391.1 MB to 387.8 MB.
Total: 76.785875 ms (FindLiveObjects: 3.099875 ms CreateObjectMapping: 0.820292 ms MarkObjects: 68.587958 ms  DeleteObjects: 4.275875 ms)

Prepare: number of updated asset objects reloaded= 0
========================================================================
Received Import Request.
  Time since last request: 127.134097 seconds.
  path: Assets/_Unity Essentials/Scripts/PlayerController.cs
  artifactKey: Guid(ab350745d1cb84d65aebf8f6c3077044) Importer(815301076,1909f56bfc062723c751e8b465ee728b)
Start importing Assets/_Unity Essentials/Scripts/PlayerController.cs using Guid(ab350745d1cb84d65aebf8f6c3077044) Importer(815301076,1909f56bfc062723c751e8b465ee728b) (PreviewImporter)[PhysX] Initialized MultithreadedTaskDispatcher with 4 workers.
 -> (artifact id: 'c1d83970a7669fd6033d0ab4a6da926d') in 0.013717583 seconds
Number of updated asset objects reloaded before import = 0Number of asset objects unloaded after import = 0

========================================================================
Received Prepare
Refreshing native plugins compatible for Editor in 1.30 ms, found 3 plugins.
Preloading 0 native plugins for Editor in 0.00 ms.
Unloading 14 Unused Serialized files (Serialized files now loaded: 0)
Unloading 6732 unused Assets / (4.3 MB). Loaded Objects now: 7847.
Memory consumption went from 388.3 MB to 384.0 MB.
Total: 57.582250 ms (FindLiveObjects: 1.156333 ms CreateObjectMapping: 0.608750 ms MarkObjects: 52.307667 ms  DeleteObjects: 3.508125 ms)

Prepare: number of updated asset objects reloaded= 0
========================================================================
Received Prepare
Refreshing native plugins compatible for Editor in 0.99 ms, found 3 plugins.
Preloading 0 native plugins for Editor in 0.00 ms.
Unloading 14 Unused Serialized files (Serialized files now loaded: 0)
Unloading 6733 unused Assets / (4.1 MB). Loaded Objects now: 7848.
Memory consumption went from 385.6 MB to 381.5 MB.
Total: 55.401958 ms (FindLiveObjects: 1.031667 ms CreateObjectMapping: 0.822833 ms MarkObjects: 49.933625 ms  DeleteObjects: 3.612750 ms)

Prepare: number of updated asset objects reloaded= 0
========================================================================
Received Import Request.
  Time since last request: 436.006140 seconds.
  path: Assets/_Unity Essentials/Scripts/PlayerController.cs
  artifactKey: Guid(ab350745d1cb84d65aebf8f6c3077044) Importer(2089858483,192608db42251d675da83286b1cce702)
Start importing Assets/_Unity Essentials/Scripts/PlayerController.cs using Guid(ab350745d1cb84d65aebf8f6c3077044) Importer(2089858483,192608db42251d675da83286b1cce702) (ScriptedImporter)[PhysX] Initialized MultithreadedTaskDispatcher with 4 workers.
 -> (artifact id: 'acf9c3ecd7da424a9a3ce52a33153e9b') in 0.067028291 seconds
Number of updated asset objects reloaded before import = 0Number of asset objects unloaded after import = 0

========================================================================
Received Import Request.
  Time since last request: 0.006445 seconds.
  path: Assets/_Unity Essentials/Scripts/PlayerController.cs
  artifactKey: Guid(ab350745d1cb84d65aebf8f6c3077044) Importer(815301076,1909f56bfc062723c751e8b465ee728b)
Start importing Assets/_Unity Essentials/Scripts/PlayerController.cs using Guid(ab350745d1cb84d65aebf8f6c3077044) Importer(815301076,1909f56bfc062723c751e8b465ee728b) (PreviewImporter)[PhysX] Initialized MultithreadedTaskDispatcher with 4 workers.
 -> (artifact id: 'c320455158a17fb121da795c2377fa80') in 0.002432958 seconds
Number of updated asset objects reloaded before import = 0Number of asset objects unloaded after import = 0

========================================================================
Received Prepare
Begin MonoManager ReloadAssembly
- Loaded All Assemblies, in  3.749 seconds
Refreshing native plugins compatible for Editor in 6.12 ms, found 3 plugins.
Native extension for OSXStandalone target not found
Mono: successfully reloaded assembly
- Finished resetting the current domain, in  7.304 seconds
Domain Reload Profiling: 11063ms
	BeginReloadAssembly (1522ms)
		ExecutionOrderSort (0ms)
		DisableScriptedObjects (264ms)
		BackupInstance (0ms)
		ReleaseScriptingObjects (1ms)
		CreateAndSetChildDomain (524ms)
	RebuildCommonClasses (93ms)
	RebuildNativeTypeToScriptingClass (25ms)
	initialDomainReloadingComplete (118ms)
	LoadAllAssembliesAndSetupDomain (1997ms)
		LoadAssemblies (1793ms)
		RebuildTransferFunctionScriptingTraits (0ms)
		AnalyzeDomain (740ms)
			TypeCache.Refresh (31ms)
				TypeCache.ScanAssembly (1ms)
			BuildScriptInfoCaches (615ms)
			ResolveRequiredComponents (84ms)
	FinalizeReload (7308ms)
		ReleaseScriptCaches (0ms)
		RebuildScriptCaches (0ms)
		SetupLoadedEditorAssemblies (5305ms)
			LogAssemblyErrors (0ms)
			InitializePlatformSupportModulesInManaged (32ms)
			SetLoadedEditorAssemblies (14ms)
			BeforeProcessingInitializeOnLoad (182ms)
			ProcessInitializeOnLoadAttributes (4455ms)
			ProcessInitializeOnLoadMethodAttributes (601ms)
			AfterProcessingInitializeOnLoad (17ms)
			EditorAssembliesLoaded (2ms)
		ExecutionOrderSort2 (0ms)
		AwakeInstancesAfterBackupRestoration (89ms)
Refreshing native plugins compatible for Editor in 1.15 ms, found 3 plugins.
Preloading 0 native plugins for Editor in 0.00 ms.
Unloading 14 Unused Serialized files (Serialized files now loaded: 0)
Unloading 6744 unused Assets / (4.1 MB). Loaded Objects now: 7850.
Memory consumption went from 391.5 MB to 387.4 MB.
Total: 39.477000 ms (FindLiveObjects: 2.073458 ms CreateObjectMapping: 2.538958 ms MarkObjects: 27.880375 ms  DeleteObjects: 6.976167 ms)

Prepare: number of updated asset objects reloaded= 0
========================================================================
Received Import Request.
  Time since last request: 31.797588 seconds.
  path: Assets/_Unity Essentials/Scripts/PlayerController.cs
  artifactKey: Guid(ab350745d1cb84d65aebf8f6c3077044) Importer(815301076,1909f56bfc062723c751e8b465ee728b)
Start importing Assets/_Unity Essentials/Scripts/PlayerController.cs using Guid(ab350745d1cb84d65aebf8f6c3077044) Importer(815301076,1909f56bfc062723c751e8b465ee728b) (PreviewImporter)[PhysX] Initialized MultithreadedTaskDispatcher with 4 workers.
 -> (artifact id: '12c26060e19db532be0842b8afae5a09') in 0.011170709 seconds
Number of updated asset objects reloaded before import = 0Number of asset objects unloaded after import = 0

========================================================================
Received Prepare
Refreshing native plugins compatible for Editor in 1.23 ms, found 3 plugins.
Preloading 0 native plugins for Editor in 0.00 ms.
Unloading 14 Unused Serialized files (Serialized files now loaded: 0)
Unloading 6733 unused Assets / (3.6 MB). Loaded Objects now: 7850.
Memory consumption went from 387.5 MB to 383.9 MB.
Total: 72.281667 ms (FindLiveObjects: 1.484334 ms CreateObjectMapping: 1.449708 ms MarkObjects: 63.923083 ms  DeleteObjects: 5.417083 ms)

Prepare: number of updated asset objects reloaded= 0
========================================================================
Received Prepare
Refreshing native plugins compatible for Editor in 1.19 ms, found 3 plugins.
Preloading 0 native plugins for Editor in 0.00 ms.
Unloading 14 Unused Serialized files (Serialized files now loaded: 0)
Unloading 6733 unused Assets / (3.6 MB). Loaded Objects now: 7850.
Memory consumption went from 384.8 MB to 381.2 MB.
Total: 60.473916 ms (FindLiveObjects: 3.102916 ms CreateObjectMapping: 1.581917 ms MarkObjects: 50.501792 ms  DeleteObjects: 5.285750 ms)

Prepare: number of updated asset objects reloaded= 0
========================================================================
Received Import Request.
  Time since last request: 397.317958 seconds.
  path: Assets/_Unity Essentials/Prefabs/Collectibles
  artifactKey: Guid(73d0203f1b2ed4ad78480375cb50d866) Importer(815301076,1909f56bfc062723c751e8b465ee728b)
Start importing Assets/_Unity Essentials/Prefabs/Collectibles using Guid(73d0203f1b2ed4ad78480375cb50d866) Importer(815301076,1909f56bfc062723c751e8b465ee728b) (PreviewImporter)[PhysX] Initialized MultithreadedTaskDispatcher with 4 workers.
 -> (artifact id: 'b13a9afd7bd62e5de862dff0e597349a') in 0.009589333 seconds
Number of updated asset objects reloaded before import = 0Number of asset objects unloaded after import = 0

========================================================================
Received Prepare
Refreshing native plugins compatible for Editor in 0.99 ms, found 3 plugins.
Preloading 0 native plugins for Editor in 0.00 ms.
Unloading 14 Unused Serialized files (Serialized files now loaded: 0)
Unloading 6734 unused Assets / (4.8 MB). Loaded Objects now: 7851.
Memory consumption went from 382.1 MB to 377.3 MB.
Total: 83.891834 ms (FindLiveObjects: 2.130584 ms CreateObjectMapping: 0.836834 ms MarkObjects: 76.945667 ms  DeleteObjects: 3.976917 ms)

Prepare: number of updated asset objects reloaded= 0
========================================================================
Received Import Request.
  Time since last request: 109.990443 seconds.
  path: Assets/_Unity Essentials/Scripts/Collectible.cs
  artifactKey: Guid(54a2591069bb94b13ba75e1f305f09e2) Importer(815301076,1909f56bfc062723c751e8b465ee728b)
Start importing Assets/_Unity Essentials/Scripts/Collectible.cs using Guid(54a2591069bb94b13ba75e1f305f09e2) Importer(815301076,1909f56bfc062723c751e8b465ee728b) (PreviewImporter)[PhysX] Initialized MultithreadedTaskDispatcher with 4 workers.
 -> (artifact id: '4f30daef82ea6554618de1864c5e4a60') in 0.0107 seconds
Number of updated asset objects reloaded before import = 0Number of asset objects unloaded after import = 0

========================================================================
Received Import Request.
  Time since last request: 85.646701 seconds.
  path: Assets/_Unity Essentials/Scripts/Provided Scripts
  artifactKey: Guid(f191f68b56ed64c63a3d95a05dea9556) Importer(815301076,1909f56bfc062723c751e8b465ee728b)
Start importing Assets/_Unity Essentials/Scripts/Provided Scripts using Guid(f191f68b56ed64c63a3d95a05dea9556) Importer(815301076,1909f56bfc062723c751e8b465ee728b) (PreviewImporter)[PhysX] Initialized MultithreadedTaskDispatcher with 4 workers.
 -> (artifact id: 'b012737894e68d978265d606ef1046ce') in 0.0029035 seconds
Number of updated asset objects reloaded before import = 0Number of asset objects unloaded after import = 0

========================================================================
Received Prepare
Refreshing native plugins compatible for Editor in 0.97 ms, found 3 plugins.
Preloading 0 native plugins for Editor in 0.00 ms.
Unloading 14 Unused Serialized files (Serialized files now loaded: 0)
Unloading 6733 unused Assets / (4.1 MB). Loaded Objects now: 7850.
Memory consumption went from 379.4 MB to 375.3 MB.
Total: 52.671209 ms (FindLiveObjects: 1.026459 ms CreateObjectMapping: 0.815167 ms MarkObjects: 46.459166 ms  DeleteObjects: 4.366667 ms)

Prepare: number of updated asset objects reloaded= 0
========================================================================
Received Prepare
Refreshing native plugins compatible for Editor in 1.11 ms, found 3 plugins.
Preloading 0 native plugins for Editor in 0.00 ms.
Unloading 14 Unused Serialized files (Serialized files now loaded: 0)
Unloading 6732 unused Assets / (3.4 MB). Loaded Objects now: 7849.
Memory consumption went from 376.7 MB to 373.3 MB.
Total: 37.046125 ms (FindLiveObjects: 1.043584 ms CreateObjectMapping: 0.801834 ms MarkObjects: 31.782000 ms  DeleteObjects: 3.417958 ms)

Prepare: number of updated asset objects reloaded= 0
========================================================================
Received Import Request.
  Time since last request: 37.132154 seconds.
  path: Assets/_Unity Essentials/Scripts/Provided Scripts/Collectible2D.cs
  artifactKey: Guid(613c788f1945544f5baa134130a6b70d) Importer(815301076,1909f56bfc062723c751e8b465ee728b)
Start importing Assets/_Unity Essentials/Scripts/Provided Scripts/Collectible2D.cs using Guid(613c788f1945544f5baa134130a6b70d) Importer(815301076,1909f56bfc062723c751e8b465ee728b) (PreviewImporter)[PhysX] Initialized MultithreadedTaskDispatcher with 4 workers.
 -> (artifact id: '10406e12abf7a9043fa55193c9de469a') in 0.002381667 seconds
Number of updated asset objects reloaded before import = 0Number of asset objects unloaded after import = 0

========================================================================
Received Import Request.
  Time since last request: 25.476294 seconds.
  path: Assets/_Unity Essentials/Scripts/Provided Scripts/PlayerController2D.cs
  artifactKey: Guid(4e7179393266b4d039813b2dec39dd1b) Importer(815301076,1909f56bfc062723c751e8b465ee728b)
Start importing Assets/_Unity Essentials/Scripts/Provided Scripts/PlayerController2D.cs using Guid(4e7179393266b4d039813b2dec39dd1b) Importer(815301076,1909f56bfc062723c751e8b465ee728b) (PreviewImporter)[PhysX] Initialized MultithreadedTaskDispatcher with 4 workers.
 -> (artifact id: 'e51ba9706b78e9e565f2d4eb1918fd2e') in 0.00322775 seconds
Number of updated asset objects reloaded before import = 0Number of asset objects unloaded after import = 0

========================================================================
Received Import Request.
  Time since last request: 66.722476 seconds.
  path: Assets/_Unity Essentials/Models
  artifactKey: Guid(1eab108e0d060be479280e400cb4a170) Importer(815301076,1909f56bfc062723c751e8b465ee728b)
Start importing Assets/_Unity Essentials/Models using Guid(1eab108e0d060be479280e400cb4a170) Importer(815301076,1909f56bfc062723c751e8b465ee728b) (PreviewImporter)[PhysX] Initialized MultithreadedTaskDispatcher with 4 workers.
 -> (artifact id: 'db4ef46573f0849a4a7d77bee5ef43da') in 0.003040541 seconds
Number of updated asset objects reloaded before import = 0Number of asset objects unloaded after import = 0

========================================================================
Received Import Request.
  Time since last request: 2.350531 seconds.
  path: Assets/_Unity Essentials/Models/Characters
  artifactKey: Guid(43e9c7d49f869436b981b239dc36e614) Importer(815301076,1909f56bfc062723c751e8b465ee728b)
Start importing Assets/_Unity Essentials/Models/Characters using Guid(43e9c7d49f869436b981b239dc36e614) Importer(815301076,1909f56bfc062723c751e8b465ee728b) (PreviewImporter)[PhysX] Initialized MultithreadedTaskDispatcher with 4 workers.
 -> (artifact id: '117f1602f0e9b6d24345f5cd4b867941') in 0.000920541 seconds
Number of updated asset objects reloaded before import = 0Number of asset objects unloaded after import = 0

========================================================================
Received Import Request.
  Time since last request: 77.803804 seconds.
  path: Assets/_Unity Essentials/Source Files
  artifactKey: Guid(a44397a16ce1d41baa302c0b42bc1aaa) Importer(815301076,1909f56bfc062723c751e8b465ee728b)
Start importing Assets/_Unity Essentials/Source Files using Guid(a44397a16ce1d41baa302c0b42bc1aaa) Importer(815301076,1909f56bfc062723c751e8b465ee728b) (PreviewImporter)[PhysX] Initialized MultithreadedTaskDispatcher with 4 workers.
 -> (artifact id: 'af2fb634ad93cfbe40e27abb27bf74d2') in 0.01137625 seconds
Number of updated asset objects reloaded before import = 0Number of asset objects unloaded after import = 0

========================================================================
Received Import Request.
  Time since last request: 125.663981 seconds.
  path: Assets/_Unity Essentials/Scenes/5_TopDown_2D_Scene.unity
  artifactKey: Guid(8c9cfa26abfee488c85f1582747f6a02) Importer(815301076,1909f56bfc062723c751e8b465ee728b)
Start importing Assets/_Unity Essentials/Scenes/5_TopDown_2D_Scene.unity using Guid(8c9cfa26abfee488c85f1582747f6a02) Importer(815301076,1909f56bfc062723c751e8b465ee728b) (PreviewImporter)[PhysX] Initialized MultithreadedTaskDispatcher with 4 workers.
 -> (artifact id: 'b6da71044c0c2e8ed4549ca19fc7c5f9') in 0.003003042 seconds
Number of updated asset objects reloaded before import = 0Number of asset objects unloaded after import = 0

========================================================================
Received Import Request.
  Time since last request: 51.109233 seconds.
  path: Assets/_Unity Essentials/Sprites
  artifactKey: Guid(a50994b4376054ded8c289e338b8efe9) Importer(815301076,1909f56bfc062723c751e8b465ee728b)
Start importing Assets/_Unity Essentials/Sprites using Guid(a50994b4376054ded8c289e338b8efe9) Importer(815301076,1909f56bfc062723c751e8b465ee728b) (PreviewImporter)[PhysX] Initialized MultithreadedTaskDispatcher with 4 workers.
 -> (artifact id: '993f25183aa218d47fc01788f1358618') in 0.008561042 seconds
Number of updated asset objects reloaded before import = 0Number of asset objects unloaded after import = 0

========================================================================
Received Import Request.
  Time since last request: 3.847630 seconds.
  path: Assets/_Unity Essentials/Sprites/Characters
  artifactKey: Guid(04cee43be41b044e4990960715456d07) Importer(815301076,1909f56bfc062723c751e8b465ee728b)
Start importing Assets/_Unity Essentials/Sprites/Characters using Guid(04cee43be41b044e4990960715456d07) Importer(815301076,1909f56bfc062723c751e8b465ee728b) (PreviewImporter)[PhysX] Initialized MultithreadedTaskDispatcher with 4 workers.
 -> (artifact id: '9c3e5f8ff0031095f42e1ff053c1f7d3') in 0.002043 seconds
Number of updated asset objects reloaded before import = 0Number of asset objects unloaded after import = 0

========================================================================
Received Import Request.
  Time since last request: 10058.689320 seconds.
  path: Assets/_Unity Essentials/Scenes/5_TopDown_2D_Scene.unity
  artifactKey: Guid(8c9cfa26abfee488c85f1582747f6a02) Importer(815301076,1909f56bfc062723c751e8b465ee728b)
Start importing Assets/_Unity Essentials/Scenes/5_TopDown_2D_Scene.unity using Guid(8c9cfa26abfee488c85f1582747f6a02) Importer(815301076,1909f56bfc062723c751e8b465ee728b) (PreviewImporter)[PhysX] Initialized MultithreadedTaskDispatcher with 4 workers.
 -> (artifact id: '184b834ab4d0c97eb2966a6f073ecd0f') in 0.036103166 seconds
Number of updated asset objects reloaded before import = 0Number of asset objects unloaded after import = 0

========================================================================
Received Import Request.
  Time since last request: 3.635242 seconds.
  path: Assets/_Unity Essentials/Scenes/4_LivingRoom_Programming_Scene.unity
  artifactKey: Guid(a6368f7fda5ac4dca86952aebdc7d568) Importer(815301076,1909f56bfc062723c751e8b465ee728b)
Start importing Assets/_Unity Essentials/Scenes/4_LivingRoom_Programming_Scene.unity using Guid(a6368f7fda5ac4dca86952aebdc7d568) Importer(815301076,1909f56bfc062723c751e8b465ee728b) (PreviewImporter)[PhysX] Initialized MultithreadedTaskDispatcher with 4 workers.
 -> (artifact id: '4e2916657c350018ebdecbcdde8fbe9c') in 0.002967625 seconds
Number of updated asset objects reloaded before import = 0Number of asset objects unloaded after import = 0

========================================================================
Received Import Request.
  Time since last request: 308.093669 seconds.
  path: Assets/_Unity Essentials/Scenes/4_LivingRoom_Programming_Scene.unity
  artifactKey: Guid(a6368f7fda5ac4dca86952aebdc7d568) Importer(815301076,1909f56bfc062723c751e8b465ee728b)
Start importing Assets/_Unity Essentials/Scenes/4_LivingRoom_Programming_Scene.unity using Guid(a6368f7fda5ac4dca86952aebdc7d568) Importer(815301076,1909f56bfc062723c751e8b465ee728b) (PreviewImporter)[PhysX] Initialized MultithreadedTaskDispatcher with 4 workers.
 -> (artifact id: '93409b4068eba499c14f1449699a36e7') in 0.007573666 seconds
Number of updated asset objects reloaded before import = 0Number of asset objects unloaded after import = 0

========================================================================
Received Import Request.
  Time since last request: 6.216290 seconds.
  path: Assets/_Unity Essentials/Scenes/3_Kitchen_Audio_Scene.unity
  artifactKey: Guid(6ddeb5bb8dda34b6183a30b9409cd6a9) Importer(815301076,1909f56bfc062723c751e8b465ee728b)
Start importing Assets/_Unity Essentials/Scenes/3_Kitchen_Audio_Scene.unity using Guid(6ddeb5bb8dda34b6183a30b9409cd6a9) Importer(815301076,1909f56bfc062723c751e8b465ee728b) (PreviewImporter)[PhysX] Initialized MultithreadedTaskDispatcher with 4 workers.
 -> (artifact id: '8f76f57fcdeed8d81ce97d46d727e505') in 0.004511375 seconds
Number of updated asset objects reloaded before import = 0Number of asset objects unloaded after import = 0

========================================================================
Received Import Request.
  Time since last request: 0.401111 seconds.
  path: Assets/_Unity Essentials/Scenes/2_KidsRoom_3D_Scene.unity
  artifactKey: Guid(0007c1bb4959e43b9a37f3a226bc0343) Importer(815301076,1909f56bfc062723c751e8b465ee728b)
Start importing Assets/_Unity Essentials/Scenes/2_KidsRoom_3D_Scene.unity using Guid(0007c1bb4959e43b9a37f3a226bc0343) Importer(815301076,1909f56bfc062723c751e8b465ee728b) (PreviewImporter)[PhysX] Initialized MultithreadedTaskDispatcher with 4 workers.
 -> (artifact id: 'da391914540a5a4428850c00f74303b6') in 0.00386325 seconds
Number of updated asset objects reloaded before import = 0Number of asset objects unloaded after import = 0

========================================================================
Received Import Request.
  Time since last request: 0.055239 seconds.
  path: Assets/_Unity Essentials/Scenes/1_Playground_Navigation_Scene.unity
  artifactKey: Guid(3c4aa835aa283484e86f037de178934c) Importer(815301076,1909f56bfc062723c751e8b465ee728b)
Start importing Assets/_Unity Essentials/Scenes/1_Playground_Navigation_Scene.unity using Guid(3c4aa835aa283484e86f037de178934c) Importer(815301076,1909f56bfc062723c751e8b465ee728b) (PreviewImporter)[PhysX] Initialized MultithreadedTaskDispatcher with 4 workers.
 -> (artifact id: '71e7b007b084d41eb97aff0f32d92c83') in 0.001645 seconds
Number of updated asset objects reloaded before import = 0Number of asset objects unloaded after import = 0

========================================================================
Received Prepare
Refreshing native plugins compatible for Editor in 0.64 ms, found 3 plugins.
Preloading 0 native plugins for Editor in 0.00 ms.
Unloading 14 Unused Serialized files (Serialized files now loaded: 0)
Unloading 6733 unused Assets / (3.3 MB). Loaded Objects now: 7850.
Memory consumption went from 373.9 MB to 370.6 MB.
Total: 80.845709 ms (FindLiveObjects: 0.755917 ms CreateObjectMapping: 0.418125 ms MarkObjects: 76.569458 ms  DeleteObjects: 3.101375 ms)

Prepare: number of updated asset objects reloaded= 0
========================================================================
Received Prepare
Begin MonoManager ReloadAssembly
- Loaded All Assemblies, in  3.038 seconds
Refreshing native plugins compatible for Editor in 0.55 ms, found 3 plugins.
Native extension for OSXStandalone target not found
Mono: successfully reloaded assembly
- Finished resetting the current domain, in  3.811 seconds
Domain Reload Profiling: 6855ms
	BeginReloadAssembly (1290ms)
		ExecutionOrderSort (0ms)
		DisableScriptedObjects (216ms)
		BackupInstance (0ms)
		ReleaseScriptingObjects (0ms)
		CreateAndSetChildDomain (374ms)
	RebuildCommonClasses (81ms)
	RebuildNativeTypeToScriptingClass (16ms)
	initialDomainReloadingComplete (93ms)
	LoadAllAssembliesAndSetupDomain (1562ms)
		LoadAssemblies (1631ms)
		RebuildTransferFunctionScriptingTraits (0ms)
		AnalyzeDomain (440ms)
			TypeCache.Refresh (21ms)
				TypeCache.ScanAssembly (0ms)
			BuildScriptInfoCaches (366ms)
			ResolveRequiredComponents (47ms)
	FinalizeReload (3813ms)
		ReleaseScriptCaches (0ms)
		RebuildScriptCaches (0ms)
		SetupLoadedEditorAssemblies (2686ms)
			LogAssemblyErrors (0ms)
			InitializePlatformSupportModulesInManaged (13ms)
			SetLoadedEditorAssemblies (9ms)
			BeforeProcessingInitializeOnLoad (110ms)
			ProcessInitializeOnLoadAttributes (2248ms)
			ProcessInitializeOnLoadMethodAttributes (297ms)
			AfterProcessingInitializeOnLoad (8ms)
			EditorAssembliesLoaded (1ms)
		ExecutionOrderSort2 (0ms)
		AwakeInstancesAfterBackupRestoration (40ms)
Refreshing native plugins compatible for Editor in 0.78 ms, found 3 plugins.
Preloading 0 native plugins for Editor in 0.00 ms.
Unloading 14 Unused Serialized files (Serialized files now loaded: 0)
Unloading 6744 unused Assets / (6.0 MB). Loaded Objects now: 7852.
Memory consumption went from 381.8 MB to 375.8 MB.
Total: 12.696542 ms (FindLiveObjects: 1.311541 ms CreateObjectMapping: 0.650167 ms MarkObjects: 7.064667 ms  DeleteObjects: 3.669083 ms)

Prepare: number of updated asset objects reloaded= 0
========================================================================
Received Prepare
Refreshing native plugins compatible for Editor in 0.64 ms, found 3 plugins.
Preloading 0 native plugins for Editor in 0.00 ms.
Unloading 14 Unused Serialized files (Serialized files now loaded: 0)
Unloading 6734 unused Assets / (4.5 MB). Loaded Objects now: 7853.
Memory consumption went from 377.7 MB to 373.2 MB.
Total: 38.277042 ms (FindLiveObjects: 0.828875 ms CreateObjectMapping: 0.492834 ms MarkObjects: 33.480042 ms  DeleteObjects: 3.473042 ms)

Prepare: number of updated asset objects reloaded= 0
========================================================================
Received Import Request.
  Time since last request: 280.348541 seconds.
  path: Assets/_Unity Essentials/Scripts/NewScriptableObjectScript.cs
  artifactKey: Guid(901a818da2c074aceaba34680c099569) Importer(815301076,1909f56bfc062723c751e8b465ee728b)
Start importing Assets/_Unity Essentials/Scripts/NewScriptableObjectScript.cs using Guid(901a818da2c074aceaba34680c099569) Importer(815301076,1909f56bfc062723c751e8b465ee728b) (PreviewImporter)[PhysX] Initialized MultithreadedTaskDispatcher with 4 workers.
 -> (artifact id: '38dc794a2fbd9dc9a678965b4126a153') in 0.011867084 seconds
Number of updated asset objects reloaded before import = 0Number of asset objects unloaded after import = 0

========================================================================
Received Prepare
Begin MonoManager ReloadAssembly
- Loaded All Assemblies, in  1.736 seconds
Refreshing native plugins compatible for Editor in 0.92 ms, found 3 plugins.
Native extension for OSXStandalone target not found
Mono: successfully reloaded assembly
- Finished resetting the current domain, in  3.353 seconds
Domain Reload Profiling: 5095ms
	BeginReloadAssembly (649ms)
		ExecutionOrderSort (0ms)
		DisableScriptedObjects (104ms)
		BackupInstance (0ms)
		ReleaseScriptingObjects (1ms)
		CreateAndSetChildDomain (192ms)
	RebuildCommonClasses (61ms)
	RebuildNativeTypeToScriptingClass (16ms)
	initialDomainReloadingComplete (73ms)
	LoadAllAssembliesAndSetupDomain (941ms)
		LoadAssemblies (785ms)
		RebuildTransferFunctionScriptingTraits (0ms)
		AnalyzeDomain (371ms)
			TypeCache.Refresh (22ms)
				TypeCache.ScanAssembly (1ms)
			BuildScriptInfoCaches (303ms)
			ResolveRequiredComponents (42ms)
	FinalizeReload (3355ms)
		ReleaseScriptCaches (0ms)
		RebuildScriptCaches (0ms)
		SetupLoadedEditorAssemblies (2283ms)
			LogAssemblyErrors (0ms)
			InitializePlatformSupportModulesInManaged (13ms)
			SetLoadedEditorAssemblies (8ms)
			BeforeProcessingInitializeOnLoad (86ms)
			ProcessInitializeOnLoadAttributes (1866ms)
			ProcessInitializeOnLoadMethodAttributes (302ms)
			AfterProcessingInitializeOnLoad (7ms)
			EditorAssembliesLoaded (1ms)
		ExecutionOrderSort2 (0ms)
		AwakeInstancesAfterBackupRestoration (39ms)
Refreshing native plugins compatible for Editor in 2.09 ms, found 3 plugins.
Preloading 0 native plugins for Editor in 0.00 ms.
Unloading 14 Unused Serialized files (Serialized files now loaded: 0)
Unloading 6745 unused Assets / (4.4 MB). Loaded Objects now: 7855.
Memory consumption went from 385.5 MB to 381.2 MB.
Total: 18.052625 ms (FindLiveObjects: 1.376041 ms CreateObjectMapping: 1.216875 ms MarkObjects: 12.063375 ms  DeleteObjects: 3.395125 ms)

Prepare: number of updated asset objects reloaded= 0
========================================================================
Received Import Request.
  Time since last request: 18.654212 seconds.
  path: Assets/_Unity Essentials/Scripts/NewScriptableObjectScript.cs
  artifactKey: Guid(901a818da2c074aceaba34680c099569) Importer(815301076,1909f56bfc062723c751e8b465ee728b)
Start importing Assets/_Unity Essentials/Scripts/NewScriptableObjectScript.cs using Guid(901a818da2c074aceaba34680c099569) Importer(815301076,1909f56bfc062723c751e8b465ee728b) (PreviewImporter)[PhysX] Initialized MultithreadedTaskDispatcher with 4 workers.
 -> (artifact id: '21e1156d33fd1b33aedd8011c00776f5') in 0.004166709 seconds
Number of updated asset objects reloaded before import = 0Number of asset objects unloaded after import = 0

========================================================================
Received Prepare
Refreshing native plugins compatible for Editor in 1.44 ms, found 3 plugins.
Preloading 0 native plugins for Editor in 0.00 ms.
Unloading 14 Unused Serialized files (Serialized files now loaded: 0)
Unloading 6735 unused Assets / (3.3 MB). Loaded Objects now: 7856.
Memory consumption went from 381.5 MB to 378.2 MB.
Total: 27.455667 ms (FindLiveObjects: 1.096334 ms CreateObjectMapping: 0.646834 ms MarkObjects: 22.411625 ms  DeleteObjects: 3.300000 ms)

Prepare: number of updated asset objects reloaded= 0
========================================================================
Received Import Request.
  Time since last request: 14.399815 seconds.
  path: Assets/_Unity Essentials/Scripts/NewEmptyCSharpScript.cs
  artifactKey: Guid(35e89c0add32b48aca23416d88fbe815) Importer(815301076,1909f56bfc062723c751e8b465ee728b)
Start importing Assets/_Unity Essentials/Scripts/NewEmptyCSharpScript.cs using Guid(35e89c0add32b48aca23416d88fbe815) Importer(815301076,1909f56bfc062723c751e8b465ee728b) (PreviewImporter)[PhysX] Initialized MultithreadedTaskDispatcher with 4 workers.
 -> (artifact id: 'a9851be5325c124dd73e10a749abf7a5') in 0.008493084 seconds
Number of updated asset objects reloaded before import = 0Number of asset objects unloaded after import = 0

========================================================================
Received Prepare
Begin MonoManager ReloadAssembly
- Loaded All Assemblies, in  1.605 seconds
Refreshing native plugins compatible for Editor in 0.55 ms, found 3 plugins.
Native extension for OSXStandalone target not found
Mono: successfully reloaded assembly
- Finished resetting the current domain, in  3.695 seconds
Domain Reload Profiling: 5308ms
	BeginReloadAssembly (602ms)
		ExecutionOrderSort (1ms)
		DisableScriptedObjects (89ms)
		BackupInstance (0ms)
		ReleaseScriptingObjects (1ms)
		CreateAndSetChildDomain (191ms)
	RebuildCommonClasses (54ms)
	RebuildNativeTypeToScriptingClass (15ms)
	initialDomainReloadingComplete (76ms)
	LoadAllAssembliesAndSetupDomain (863ms)
		LoadAssemblies (712ms)
		RebuildTransferFunctionScriptingTraits (0ms)
		AnalyzeDomain (353ms)
			TypeCache.Refresh (16ms)
				TypeCache.ScanAssembly (1ms)
			BuildScriptInfoCaches (290ms)
			ResolveRequiredComponents (43ms)
	FinalizeReload (3697ms)
		ReleaseScriptCaches (0ms)
		RebuildScriptCaches (0ms)
		SetupLoadedEditorAssemblies (2332ms)
			LogAssemblyErrors (0ms)
			InitializePlatformSupportModulesInManaged (13ms)
			SetLoadedEditorAssemblies (8ms)
			BeforeProcessingInitializeOnLoad (93ms)
			ProcessInitializeOnLoadAttributes (1896ms)
			ProcessInitializeOnLoadMethodAttributes (308ms)
			AfterProcessingInitializeOnLoad (13ms)
			EditorAssembliesLoaded (1ms)
		ExecutionOrderSort2 (0ms)
		AwakeInstancesAfterBackupRestoration (43ms)
Refreshing native plugins compatible for Editor in 0.71 ms, found 3 plugins.
Preloading 0 native plugins for Editor in 0.00 ms.
Unloading 14 Unused Serialized files (Serialized files now loaded: 0)
Unloading 6746 unused Assets / (4.0 MB). Loaded Objects now: 7858.
Memory consumption went from 389.4 MB to 385.3 MB.
Total: 27.738000 ms (FindLiveObjects: 1.277166 ms CreateObjectMapping: 0.965042 ms MarkObjects: 21.711459 ms  DeleteObjects: 3.783041 ms)

Prepare: number of updated asset objects reloaded= 0
========================================================================
Received Prepare
Refreshing native plugins compatible for Editor in 0.59 ms, found 3 plugins.
Preloading 0 native plugins for Editor in 0.00 ms.
Unloading 14 Unused Serialized files (Serialized files now loaded: 0)
Unloading 6736 unused Assets / (4.3 MB). Loaded Objects now: 7859.
Memory consumption went from 385.3 MB to 381.0 MB.
Total: 25.983000 ms (FindLiveObjects: 0.762792 ms CreateObjectMapping: 0.747958 ms MarkObjects: 21.224666 ms  DeleteObjects: 3.246250 ms)

Prepare: number of updated asset objects reloaded= 0
========================================================================
Received Import Request.
  Time since last request: 29.870891 seconds.
  path: Assets/_Unity Essentials/Scripts/NewPlayableBehaviour.cs
  artifactKey: Guid(3db066b7814cf4abe8f8dfb095ae5e1f) Importer(815301076,1909f56bfc062723c751e8b465ee728b)
Start importing Assets/_Unity Essentials/Scripts/NewPlayableBehaviour.cs using Guid(3db066b7814cf4abe8f8dfb095ae5e1f) Importer(815301076,1909f56bfc062723c751e8b465ee728b) (PreviewImporter)[PhysX] Initialized MultithreadedTaskDispatcher with 4 workers.
 -> (artifact id: '5e73ef380fc51da66c214a6657f4d212') in 0.008214083 seconds
Number of updated asset objects reloaded before import = 0Number of asset objects unloaded after import = 0

========================================================================
Received Prepare
Begin MonoManager ReloadAssembly
- Loaded All Assemblies, in  1.637 seconds
Refreshing native plugins compatible for Editor in 0.68 ms, found 3 plugins.
Native extension for OSXStandalone target not found
Mono: successfully reloaded assembly
- Finished resetting the current domain, in  3.503 seconds
Domain Reload Profiling: 5146ms
	BeginReloadAssembly (607ms)
		ExecutionOrderSort (0ms)
		DisableScriptedObjects (98ms)
		BackupInstance (0ms)
		ReleaseScriptingObjects (1ms)
		CreateAndSetChildDomain (179ms)
	RebuildCommonClasses (59ms)
	RebuildNativeTypeToScriptingClass (15ms)
	initialDomainReloadingComplete (72ms)
	LoadAllAssembliesAndSetupDomain (889ms)
		LoadAssemblies (705ms)
		RebuildTransferFunctionScriptingTraits (0ms)
		AnalyzeDomain (361ms)
			TypeCache.Refresh (27ms)
				TypeCache.ScanAssembly (1ms)
			BuildScriptInfoCaches (291ms)
			ResolveRequiredComponents (39ms)
	FinalizeReload (3504ms)
		ReleaseScriptCaches (0ms)
		RebuildScriptCaches (0ms)
		SetupLoadedEditorAssemblies (2439ms)
			LogAssemblyErrors (0ms)
			InitializePlatformSupportModulesInManaged (80ms)
			SetLoadedEditorAssemblies (25ms)
			BeforeProcessingInitializeOnLoad (121ms)
			ProcessInitializeOnLoadAttributes (1909ms)
			ProcessInitializeOnLoadMethodAttributes (295ms)
			AfterProcessingInitializeOnLoad (9ms)
			EditorAssembliesLoaded (1ms)
		ExecutionOrderSort2 (0ms)
		AwakeInstancesAfterBackupRestoration (37ms)
Refreshing native plugins compatible for Editor in 0.64 ms, found 3 plugins.
Preloading 0 native plugins for Editor in 0.00 ms.
Unloading 14 Unused Serialized files (Serialized files now loaded: 0)
Unloading 6747 unused Assets / (5.2 MB). Loaded Objects now: 7861.
Memory consumption went from 393.2 MB to 387.9 MB.
Total: 22.203083 ms (FindLiveObjects: 1.251250 ms CreateObjectMapping: 0.631709 ms MarkObjects: 17.069250 ms  DeleteObjects: 3.249666 ms)

Prepare: number of updated asset objects reloaded= 0
========================================================================
Received Import Request.
  Time since last request: 18.184529 seconds.
  path: Assets/_Unity Essentials/Scripts/NewPlayableBehaviour.cs
  artifactKey: Guid(3db066b7814cf4abe8f8dfb095ae5e1f) Importer(815301076,1909f56bfc062723c751e8b465ee728b)
Start importing Assets/_Unity Essentials/Scripts/NewPlayableBehaviour.cs using Guid(3db066b7814cf4abe8f8dfb095ae5e1f) Importer(815301076,1909f56bfc062723c751e8b465ee728b) (PreviewImporter)[PhysX] Initialized MultithreadedTaskDispatcher with 4 workers.
 -> (artifact id: '8051958f09b026efe514ae4e19143023') in 0.004789417 seconds
Number of updated asset objects reloaded before import = 0Number of asset objects unloaded after import = 0

========================================================================
Received Prepare
Refreshing native plugins compatible for Editor in 0.66 ms, found 3 plugins.
Preloading 0 native plugins for Editor in 0.00 ms.
Unloading 14 Unused Serialized files (Serialized files now loaded: 0)
Unloading 6735 unused Assets / (4.6 MB). Loaded Objects now: 7860.
Memory consumption went from 389.1 MB to 384.5 MB.
Total: 42.965333 ms (FindLiveObjects: 1.030917 ms CreateObjectMapping: 0.940417 ms MarkObjects: 37.186416 ms  DeleteObjects: 3.806541 ms)

Prepare: number of updated asset objects reloaded= 0
========================================================================
Received Prepare
Refreshing native plugins compatible for Editor in 0.54 ms, found 3 plugins.
Preloading 0 native plugins for Editor in 0.00 ms.
Unloading 14 Unused Serialized files (Serialized files now loaded: 0)
Unloading 6734 unused Assets / (3.1 MB). Loaded Objects now: 7859.
Memory consumption went from 386.4 MB to 383.3 MB.
Total: 29.335875 ms (FindLiveObjects: 0.922209 ms CreateObjectMapping: 0.680375 ms MarkObjects: 24.879959 ms  DeleteObjects: 2.852750 ms)

Prepare: number of updated asset objects reloaded= 0
========================================================================
Received Prepare
Refreshing native plugins compatible for Editor in 0.67 ms, found 3 plugins.
Preloading 0 native plugins for Editor in 0.00 ms.
Unloading 14 Unused Serialized files (Serialized files now loaded: 0)
Unloading 6733 unused Assets / (4.9 MB). Loaded Objects now: 7858.
Memory consumption went from 383.7 MB to 378.8 MB.
Total: 38.220417 ms (FindLiveObjects: 1.190125 ms CreateObjectMapping: 0.822291 ms MarkObjects: 33.135458 ms  DeleteObjects: 3.070958 ms)

Prepare: number of updated asset objects reloaded= 0
========================================================================
Received Prepare
Refreshing native plugins compatible for Editor in 0.61 ms, found 3 plugins.
Preloading 0 native plugins for Editor in 0.00 ms.
Unloading 14 Unused Serialized files (Serialized files now loaded: 0)
Unloading 6733 unused Assets / (3.8 MB). Loaded Objects now: 7858.
Memory consumption went from 381.0 MB to 377.2 MB.
Total: 34.646041 ms (FindLiveObjects: 0.869458 ms CreateObjectMapping: 0.510041 ms MarkObjects: 30.008958 ms  DeleteObjects: 3.256709 ms)

Prepare: number of updated asset objects reloaded= 0
========================================================================
Received Import Request.
  Time since last request: 968.460164 seconds.
  path: Assets/_Unity Essentials/Scenes/6_Bonus_Custom_Scene.unity
  artifactKey: Guid(9f23fd4a84396415f878719f61b600b0) Importer(815301076,1909f56bfc062723c751e8b465ee728b)
Start importing Assets/_Unity Essentials/Scenes/6_Bonus_Custom_Scene.unity using Guid(9f23fd4a84396415f878719f61b600b0) Importer(815301076,1909f56bfc062723c751e8b465ee728b) (PreviewImporter)[PhysX] Initialized MultithreadedTaskDispatcher with 4 workers.
 -> (artifact id: '13a89a51a83c4acbde6dd51a71878862') in 0.027226667 seconds
Number of updated asset objects reloaded before import = 0Number of asset objects unloaded after import = 0

========================================================================
Received Import Request.
  Time since last request: 186.852774 seconds.
  path: Assets/_Unity Essentials/_Shortcuts-Cheat_Sheet.txt
  artifactKey: Guid(d6e9485b035db4439a7dc5525bd8f57d) Importer(815301076,1909f56bfc062723c751e8b465ee728b)
Start importing Assets/_Unity Essentials/_Shortcuts-Cheat_Sheet.txt using Guid(d6e9485b035db4439a7dc5525bd8f57d) Importer(815301076,1909f56bfc062723c751e8b465ee728b) (PreviewImporter)[PhysX] Initialized MultithreadedTaskDispatcher with 4 workers.
 -> (artifact id: 'a723027f7683fd11dd87d80b0f688a54') in 0.539219625 seconds
Number of updated asset objects reloaded before import = 0Number of asset objects unloaded after import = 1

========================================================================
Received Import Request.
  Time since last request: 17.328646 seconds.
  path: Assets/_Unity Essentials/Prefabs/Lights
  artifactKey: Guid(a03730282ba23834596838694f3eb325) Importer(815301076,1909f56bfc062723c751e8b465ee728b)
Start importing Assets/_Unity Essentials/Prefabs/Lights using Guid(a03730282ba23834596838694f3eb325) Importer(815301076,1909f56bfc062723c751e8b465ee728b) (PreviewImporter)[PhysX] Initialized MultithreadedTaskDispatcher with 4 workers.
 -> (artifact id: 'e57fcd6b451c03da7bab9cadd3f21e56') in 0.00397975 seconds
Number of updated asset objects reloaded before import = 0Number of asset objects unloaded after import = 0

========================================================================
Received Import Request.
  Time since last request: 38340.996047 seconds.
  path: Assets/_Unity Essentials/Scenes/4_LivingRoom_Programming_Scene.unity
  artifactKey: Guid(a6368f7fda5ac4dca86952aebdc7d568) Importer(815301076,1909f56bfc062723c751e8b465ee728b)
Start importing Assets/_Unity Essentials/Scenes/4_LivingRoom_Programming_Scene.unity using Guid(a6368f7fda5ac4dca86952aebdc7d568) Importer(815301076,1909f56bfc062723c751e8b465ee728b) (PreviewImporter)[PhysX] Initialized MultithreadedTaskDispatcher with 4 workers.
 -> (artifact id: '43a29f4caecca269afa3f1d60037e3dc') in 0.013599584 seconds
Number of updated asset objects reloaded before import = 0Number of asset objects unloaded after import = 0

========================================================================
Received Prepare
Refreshing native plugins compatible for Editor in 0.57 ms, found 3 plugins.
Preloading 0 native plugins for Editor in 0.00 ms.
Unloading 14 Unused Serialized files (Serialized files now loaded: 0)
Unloading 6732 unused Assets / (3.8 MB). Loaded Objects now: 7857.
Memory consumption went from 378.1 MB to 374.2 MB.
Total: 179.978000 ms (FindLiveObjects: 1.678125 ms CreateObjectMapping: 0.632125 ms MarkObjects: 174.677583 ms  DeleteObjects: 2.989375 ms)

Prepare: number of updated asset objects reloaded= 0
========================================================================
Received Prepare
Refreshing native plugins compatible for Editor in 0.68 ms, found 3 plugins.
Preloading 0 native plugins for Editor in 0.00 ms.
Unloading 14 Unused Serialized files (Serialized files now loaded: 0)
Unloading 6733 unused Assets / (4.4 MB). Loaded Objects now: 7858.
Memory consumption went from 375.4 MB to 371.0 MB.
Total: 49.638958 ms (FindLiveObjects: 0.893583 ms CreateObjectMapping: 0.556000 ms MarkObjects: 45.333542 ms  DeleteObjects: 2.855209 ms)

Prepare: number of updated asset objects reloaded= 0
========================================================================
Received Prepare
Begin MonoManager ReloadAssembly
- Loaded All Assemblies, in  3.140 seconds
Refreshing native plugins compatible for Editor in 0.57 ms, found 3 plugins.
Native extension for OSXStandalone target not found
Mono: successfully reloaded assembly
- Finished resetting the current domain, in  3.114 seconds
Domain Reload Profiling: 6258ms
	BeginReloadAssembly (1353ms)
		ExecutionOrderSort (0ms)
		DisableScriptedObjects (235ms)
		BackupInstance (0ms)
		ReleaseScriptingObjects (1ms)
		CreateAndSetChildDomain (373ms)
	RebuildCommonClasses (72ms)
	RebuildNativeTypeToScriptingClass (16ms)
	initialDomainReloadingComplete (101ms)
	LoadAllAssembliesAndSetupDomain (1601ms)
		LoadAssemblies (1708ms)
		RebuildTransferFunctionScriptingTraits (0ms)
		AnalyzeDomain (441ms)
			TypeCache.Refresh (23ms)
				TypeCache.ScanAssembly (1ms)
			BuildScriptInfoCaches (362ms)
			ResolveRequiredComponents (48ms)
	FinalizeReload (3115ms)
		ReleaseScriptCaches (0ms)
		RebuildScriptCaches (0ms)
		SetupLoadedEditorAssemblies (2071ms)
			LogAssemblyErrors (0ms)
			InitializePlatformSupportModulesInManaged (12ms)
			SetLoadedEditorAssemblies (8ms)
			BeforeProcessingInitializeOnLoad (95ms)
			ProcessInitializeOnLoadAttributes (1698ms)
			ProcessInitializeOnLoadMethodAttributes (248ms)
			AfterProcessingInitializeOnLoad (9ms)
			EditorAssembliesLoaded (1ms)
		ExecutionOrderSort2 (0ms)
		AwakeInstancesAfterBackupRestoration (41ms)
Refreshing native plugins compatible for Editor in 0.64 ms, found 3 plugins.
Preloading 0 native plugins for Editor in 0.00 ms.
Unloading 14 Unused Serialized files (Serialized files now loaded: 0)
Unloading 6744 unused Assets / (4.6 MB). Loaded Objects now: 7860.
Memory consumption went from 383.2 MB to 378.6 MB.
Total: 10.583542 ms (FindLiveObjects: 1.019000 ms CreateObjectMapping: 0.831958 ms MarkObjects: 5.744541 ms  DeleteObjects: 2.986833 ms)

Prepare: number of updated asset objects reloaded= 0
========================================================================
Received Prepare
Refreshing native plugins compatible for Editor in 0.88 ms, found 3 plugins.
Preloading 0 native plugins for Editor in 0.00 ms.
Unloading 14 Unused Serialized files (Serialized files now loaded: 0)
Unloading 6733 unused Assets / (4.3 MB). Loaded Objects now: 7860.
Memory consumption went from 379.2 MB to 374.9 MB.
Total: 111.433500 ms (FindLiveObjects: 13.798750 ms CreateObjectMapping: 2.588708 ms MarkObjects: 83.352833 ms  DeleteObjects: 11.691625 ms)

Prepare: number of updated asset objects reloaded= 0
