Unity Editor version:    6000.0.16f1 (ae37dbaefed8)
Branch:                  trunk
Build type:              Release
Batch mode:              YES
macOS version:           Version 14.6.1 (Build 23G93)
Darwin version:          23.6.0
Architecture:            x86_64
Running under Rosetta:   YES
Available memory:        8192 MB
Using pre-set license
Pro License: YES

COMMAND LINE ARGUMENTS:
/Applications/Unity/Hub/Editor/6000.0.16f1/Unity.app/Contents/MacOS/Unity
-adb2
-batchMode
-noUpm
-name
AssetImportWorker0
-projectPath
/Users/jadonferrance/Downloads/Essentials Project
-logFile
Logs/AssetImportWorker0.log
-srvPort
52973
-job-worker-count
3
-background-job-worker-count
8
-asset-garbage-collectors
1
Successfully changed project path to: /Users/jadonferrance/Downloads/Essentials Project
/Users/jadonferrance/Downloads/Essentials Project
[UnityMemory] Configuration Parameters - Can be set up in boot.config
    "memorysetup-bucket-allocator-granularity=16"
    "memorysetup-bucket-allocator-bucket-count=8"
    "memorysetup-bucket-allocator-block-size=33554432"
    "memorysetup-bucket-allocator-block-count=8"
    "memorysetup-main-allocator-block-size=16777216"
    "memorysetup-thread-allocator-block-size=16777216"
    "memorysetup-gfx-main-allocator-block-size=16777216"
    "memorysetup-gfx-thread-allocator-block-size=16777216"
    "memorysetup-cache-allocator-block-size=4194304"
    "memorysetup-typetree-allocator-block-size=2097152"
    "memorysetup-profiler-bucket-allocator-granularity=16"
    "memorysetup-profiler-bucket-allocator-bucket-count=8"
    "memorysetup-profiler-bucket-allocator-block-size=33554432"
    "memorysetup-profiler-bucket-allocator-block-count=8"
    "memorysetup-profiler-allocator-block-size=16777216"
    "memorysetup-profiler-editor-allocator-block-size=1048576"
    "memorysetup-temp-allocator-size-main=16777216"
    "memorysetup-job-temp-allocator-block-size=2097152"
    "memorysetup-job-temp-allocator-block-size-background=1048576"
    "memorysetup-job-temp-allocator-reduction-small-platforms=262144"
    "memorysetup-allocator-temp-initial-block-size-main=262144"
    "memorysetup-allocator-temp-initial-block-size-worker=262144"
    "memorysetup-temp-allocator-size-background-worker=32768"
    "memorysetup-temp-allocator-size-job-worker=262144"
    "memorysetup-temp-allocator-size-preload-manager=33554432"
    "memorysetup-temp-allocator-size-nav-mesh-worker=65536"
    "memorysetup-temp-allocator-size-audio-worker=65536"
    "memorysetup-temp-allocator-size-cloud-worker=32768"
    "memorysetup-temp-allocator-size-gi-baking-worker=262144"
    "memorysetup-temp-allocator-size-gi-baking-worker=262144"
    "memorysetup-temp-allocator-size-gi-baking-worker=262144"
    "memorysetup-temp-allocator-size-gi-baking-worker=262144"
    "memorysetup-temp-allocator-size-gi-baking-worker=262144"
    "memorysetup-temp-allocator-size-gfx=262144"
Player connection [8791687744]  Target information:

Player connection [8791687744]  * "[IP] 192.168.72.156 [Port] 0 [Flags] 2 [Guid] 3410534116 [EditorId] 3410534116 [Version] 1048832 [Id] OSXEditor(0,Jadons-Air-2) [Debug] 1 [PackageName] OSXEditor [ProjectName] Editor" 

Player connection [8791687744] Host joined multi-casting on [225.0.0.222:54997]...
Player connection [8791687744] Host joined alternative multi-casting on [225.0.0.222:34997]...
JobSystem: Creating JobQueue using job-worker-count value 3
Library Redirect Path: Library/
[PhysX] Initialized MultithreadedTaskDispatcher with 4 workers.
Refreshing native plugins compatible for Editor in 4.12 ms, found 3 plugins.
Preloading 0 native plugins for Editor in 0.00 ms.
Initialize engine version: 6000.0.16f1 (ae37dbaefed8)
[Subsystems] Discovering subsystems at path /Applications/Unity/Hub/Editor/6000.0.16f1/Unity.app/Contents/Resources/UnitySubsystems
[Subsystems] Discovering subsystems at path /Users/jadonferrance/Downloads/Essentials Project/Assets
GfxDevice: creating device client; kGfxThreadingModeNonThreaded
 preferred device: Apple M1 (high power)
Metal devices available: 1
0: Apple M1 (high power)
Using device Apple M1 (high power)
Initializing Metal device caps: Apple M1
Initialize mono
Mono path[0] = '/Applications/Unity/Hub/Editor/6000.0.16f1/Unity.app/Contents/Managed'
Mono path[1] = '/Applications/Unity/Hub/Editor/6000.0.16f1/Unity.app/Contents/MonoBleedingEdge/lib/mono/unityjit-macos'
Mono config path = '/Applications/Unity/Hub/Editor/6000.0.16f1/Unity.app/Contents/MonoBleedingEdge/etc'
Using monoOptions --debugger-agent=transport=dt_socket,embedding=1,server=y,suspend=n,address=127.0.0.1:56996
Begin MonoManager ReloadAssembly
Registering precompiled unity dll's ...
Register platform support module: /Applications/Unity/Hub/Editor/6000.0.16f1/Unity.app/Contents/PlaybackEngines/MacStandaloneSupport/UnityEditor.OSXStandalone.Extensions.dll
Registered in 0.002035 seconds.
- Loaded All Assemblies, in  0.978 seconds
Native extension for OSXStandalone target not found
Mono: successfully reloaded assembly
- Finished resetting the current domain, in  2.315 seconds
Domain Reload Profiling: 3296ms
	BeginReloadAssembly (326ms)
		ExecutionOrderSort (0ms)
		DisableScriptedObjects (0ms)
		BackupInstance (0ms)
		ReleaseScriptingObjects (0ms)
		CreateAndSetChildDomain (4ms)
	RebuildCommonClasses (94ms)
	RebuildNativeTypeToScriptingClass (24ms)
	initialDomainReloadingComplete (216ms)
	LoadAllAssembliesAndSetupDomain (319ms)
		LoadAssemblies (322ms)
		RebuildTransferFunctionScriptingTraits (0ms)
		AnalyzeDomain (308ms)
			TypeCache.Refresh (303ms)
				TypeCache.ScanAssembly (276ms)
			BuildScriptInfoCaches (0ms)
			ResolveRequiredComponents (4ms)
	FinalizeReload (2318ms)
		ReleaseScriptCaches (0ms)
		RebuildScriptCaches (0ms)
		SetupLoadedEditorAssemblies (2148ms)
			LogAssemblyErrors (0ms)
			InitializePlatformSupportModulesInManaged (272ms)
			SetLoadedEditorAssemblies (21ms)
			BeforeProcessingInitializeOnLoad (41ms)
			ProcessInitializeOnLoadAttributes (1262ms)
			ProcessInitializeOnLoadMethodAttributes (534ms)
			AfterProcessingInitializeOnLoad (17ms)
			EditorAssembliesLoaded (1ms)
		ExecutionOrderSort2 (0ms)
		AwakeInstancesAfterBackupRestoration (0ms)
========================================================================
Worker process is ready to serve import requests
Import Worker Mode flag is 0x00
Begin MonoManager ReloadAssembly
- Loaded All Assemblies, in  3.544 seconds
Refreshing native plugins compatible for Editor in 2.24 ms, found 3 plugins.
Native extension for OSXStandalone target not found
Mono: successfully reloaded assembly
- Finished resetting the current domain, in  4.418 seconds
Domain Reload Profiling: 7964ms
	BeginReloadAssembly (1954ms)
		ExecutionOrderSort (0ms)
		DisableScriptedObjects (53ms)
		BackupInstance (0ms)
		ReleaseScriptingObjects (0ms)
		CreateAndSetChildDomain (86ms)
	RebuildCommonClasses (84ms)
	RebuildNativeTypeToScriptingClass (23ms)
	initialDomainReloadingComplete (162ms)
	LoadAllAssembliesAndSetupDomain (1321ms)
		LoadAssemblies (887ms)
		RebuildTransferFunctionScriptingTraits (0ms)
		AnalyzeDomain (656ms)
			TypeCache.Refresh (452ms)
				TypeCache.ScanAssembly (411ms)
			BuildScriptInfoCaches (147ms)
			ResolveRequiredComponents (53ms)
	FinalizeReload (4421ms)
		ReleaseScriptCaches (0ms)
		RebuildScriptCaches (0ms)
		SetupLoadedEditorAssemblies (3295ms)
			LogAssemblyErrors (0ms)
			InitializePlatformSupportModulesInManaged (15ms)
			SetLoadedEditorAssemblies (15ms)
			BeforeProcessingInitializeOnLoad (136ms)
			ProcessInitializeOnLoadAttributes (2624ms)
			ProcessInitializeOnLoadMethodAttributes (491ms)
			AfterProcessingInitializeOnLoad (13ms)
			EditorAssembliesLoaded (1ms)
		ExecutionOrderSort2 (0ms)
		AwakeInstancesAfterBackupRestoration (16ms)
Launching external process: /Applications/Unity/Hub/Editor/6000.0.16f1/Unity.app/Contents/Tools/UnityShaderCompiler
Launched and connected shader compiler UnityShaderCompiler after 1.28 seconds
Refreshing native plugins compatible for Editor in 1.05 ms, found 3 plugins.
Preloading 0 native plugins for Editor in 0.00 ms.
Unloading 229 Unused Serialized files (Serialized files now loaded: 0)
Unloading 6746 unused Assets / (4.6 MB). Loaded Objects now: 7569.
Memory consumption went from 204.1 MB to 199.4 MB.
Total: 37.300833 ms (FindLiveObjects: 4.312166 ms CreateObjectMapping: 2.234917 ms MarkObjects: 23.512375 ms  DeleteObjects: 7.239792 ms)

========================================================================
Received Prepare
Refreshing native plugins compatible for Editor in 0.96 ms, found 3 plugins.
Preloading 0 native plugins for Editor in 0.00 ms.
Unloading 14 Unused Serialized files (Serialized files now loaded: 0)
Unloading 6734 unused Assets / (4.3 MB). Loaded Objects now: 7570.
Memory consumption went from 162.3 MB to 158.0 MB.
Total: 38.234084 ms (FindLiveObjects: 0.833084 ms CreateObjectMapping: 0.771542 ms MarkObjects: 33.152625 ms  DeleteObjects: 3.475125 ms)

Prepare: number of updated asset objects reloaded= 0
========================================================================
Received Prepare
Begin MonoManager ReloadAssembly
- Loaded All Assemblies, in  2.442 seconds
Refreshing native plugins compatible for Editor in 0.90 ms, found 3 plugins.
Native extension for OSXStandalone target not found
Mono: successfully reloaded assembly
- Finished resetting the current domain, in  5.115 seconds
Domain Reload Profiling: 7567ms
	BeginReloadAssembly (889ms)
		ExecutionOrderSort (1ms)
		DisableScriptedObjects (225ms)
		BackupInstance (0ms)
		ReleaseScriptingObjects (1ms)
		CreateAndSetChildDomain (232ms)
	RebuildCommonClasses (96ms)
	RebuildNativeTypeToScriptingClass (28ms)
	initialDomainReloadingComplete (105ms)
	LoadAllAssembliesAndSetupDomain (1330ms)
		LoadAssemblies (1019ms)
		RebuildTransferFunctionScriptingTraits (0ms)
		AnalyzeDomain (575ms)
			TypeCache.Refresh (30ms)
				TypeCache.ScanAssembly (1ms)
			BuildScriptInfoCaches (470ms)
			ResolveRequiredComponents (61ms)
	FinalizeReload (5119ms)
		ReleaseScriptCaches (0ms)
		RebuildScriptCaches (0ms)
		SetupLoadedEditorAssemblies (3647ms)
			LogAssemblyErrors (0ms)
			InitializePlatformSupportModulesInManaged (19ms)
			SetLoadedEditorAssemblies (34ms)
			BeforeProcessingInitializeOnLoad (155ms)
			ProcessInitializeOnLoadAttributes (2946ms)
			ProcessInitializeOnLoadMethodAttributes (477ms)
			AfterProcessingInitializeOnLoad (15ms)
			EditorAssembliesLoaded (1ms)
		ExecutionOrderSort2 (0ms)
		AwakeInstancesAfterBackupRestoration (70ms)
Refreshing native plugins compatible for Editor in 0.95 ms, found 3 plugins.
Preloading 0 native plugins for Editor in 0.00 ms.
Unloading 14 Unused Serialized files (Serialized files now loaded: 0)
Unloading 6745 unused Assets / (4.6 MB). Loaded Objects now: 7573.
Memory consumption went from 173.4 MB to 168.7 MB.
Total: 16.996917 ms (FindLiveObjects: 2.681500 ms CreateObjectMapping: 0.881625 ms MarkObjects: 9.322208 ms  DeleteObjects: 4.110625 ms)

Prepare: number of updated asset objects reloaded= 0
========================================================================
Received Import Request.
  Time since last request: 1978001.332339 seconds.
  path: Assets/_Unity Essentials/Scripts/NewMonoBehaviourScript.cs
  artifactKey: Guid(92915a39cc7a84148816f6b4404d4438) Importer(815301076,1909f56bfc062723c751e8b465ee728b)
Start importing Assets/_Unity Essentials/Scripts/NewMonoBehaviourScript.cs using Guid(92915a39cc7a84148816f6b4404d4438) Importer(815301076,1909f56bfc062723c751e8b465ee728b) (PreviewImporter)[PhysX] Initialized MultithreadedTaskDispatcher with 4 workers.
 -> (artifact id: '1cb0e56930050204f6f5a8c841c9b842') in 0.022283167 seconds
Number of updated asset objects reloaded before import = 0Number of asset objects unloaded after import = 0

========================================================================
Received Prepare
Refreshing native plugins compatible for Editor in 1.09 ms, found 3 plugins.
Preloading 0 native plugins for Editor in 0.00 ms.
Unloading 14 Unused Serialized files (Serialized files now loaded: 0)
Unloading 6733 unused Assets / (4.5 MB). Loaded Objects now: 7574.
Memory consumption went from 166.5 MB to 161.9 MB.
Total: 26.697292 ms (FindLiveObjects: 0.779792 ms CreateObjectMapping: 0.660500 ms MarkObjects: 22.467209 ms  DeleteObjects: 2.788500 ms)

Prepare: number of updated asset objects reloaded= 0
========================================================================
Received Prepare
Begin MonoManager ReloadAssembly
- Loaded All Assemblies, in  2.284 seconds
Refreshing native plugins compatible for Editor in 3.73 ms, found 3 plugins.
Native extension for OSXStandalone target not found
Mono: successfully reloaded assembly
- Finished resetting the current domain, in  4.972 seconds
Domain Reload Profiling: 7263ms
	BeginReloadAssembly (735ms)
		ExecutionOrderSort (0ms)
		DisableScriptedObjects (131ms)
		BackupInstance (0ms)
		ReleaseScriptingObjects (1ms)
		CreateAndSetChildDomain (220ms)
	RebuildCommonClasses (97ms)
	RebuildNativeTypeToScriptingClass (26ms)
	initialDomainReloadingComplete (97ms)
	LoadAllAssembliesAndSetupDomain (1333ms)
		LoadAssemblies (1008ms)
		RebuildTransferFunctionScriptingTraits (0ms)
		AnalyzeDomain (568ms)
			TypeCache.Refresh (36ms)
				TypeCache.ScanAssembly (1ms)
			BuildScriptInfoCaches (466ms)
			ResolveRequiredComponents (60ms)
	FinalizeReload (4974ms)
		ReleaseScriptCaches (0ms)
		RebuildScriptCaches (0ms)
		SetupLoadedEditorAssemblies (3645ms)
			LogAssemblyErrors (0ms)
			InitializePlatformSupportModulesInManaged (14ms)
			SetLoadedEditorAssemblies (20ms)
			BeforeProcessingInitializeOnLoad (151ms)
			ProcessInitializeOnLoadAttributes (3039ms)
			ProcessInitializeOnLoadMethodAttributes (411ms)
			AfterProcessingInitializeOnLoad (10ms)
			EditorAssembliesLoaded (1ms)
		ExecutionOrderSort2 (0ms)
		AwakeInstancesAfterBackupRestoration (49ms)
Refreshing native plugins compatible for Editor in 0.97 ms, found 3 plugins.
Preloading 0 native plugins for Editor in 0.00 ms.
Unloading 14 Unused Serialized files (Serialized files now loaded: 0)
Unloading 6744 unused Assets / (3.9 MB). Loaded Objects now: 7576.
Memory consumption went from 174.3 MB to 170.4 MB.
Total: 20.050291 ms (FindLiveObjects: 2.188250 ms CreateObjectMapping: 1.089083 ms MarkObjects: 13.266000 ms  DeleteObjects: 3.506250 ms)

Prepare: number of updated asset objects reloaded= 0
========================================================================
Received Prepare
Refreshing native plugins compatible for Editor in 2.60 ms, found 3 plugins.
Preloading 0 native plugins for Editor in 0.00 ms.
Unloading 14 Unused Serialized files (Serialized files now loaded: 0)
Unloading 6734 unused Assets / (3.5 MB). Loaded Objects now: 7577.
Memory consumption went from 166.7 MB to 163.3 MB.
Total: 35.676042 ms (FindLiveObjects: 0.906083 ms CreateObjectMapping: 0.667833 ms MarkObjects: 31.359416 ms  DeleteObjects: 2.741708 ms)

Prepare: number of updated asset objects reloaded= 0
========================================================================
Received Import Request.
  Time since last request: 51.233634 seconds.
  path: Assets/_Unity Essentials/Scripts/Collectible.cs
  artifactKey: Guid(5187fde3ce5384e20a58ba08e4e1fb1e) Importer(815301076,1909f56bfc062723c751e8b465ee728b)
Start importing Assets/_Unity Essentials/Scripts/Collectible.cs using Guid(5187fde3ce5384e20a58ba08e4e1fb1e) Importer(815301076,1909f56bfc062723c751e8b465ee728b) (PreviewImporter)[PhysX] Initialized MultithreadedTaskDispatcher with 4 workers.
 -> (artifact id: 'a028518a60fd04b16b474ed39beb45d2') in 0.013014083 seconds
Number of updated asset objects reloaded before import = 0Number of asset objects unloaded after import = 0

========================================================================
Received Prepare
Begin MonoManager ReloadAssembly
- Loaded All Assemblies, in  2.250 seconds
Refreshing native plugins compatible for Editor in 1.11 ms, found 3 plugins.
Native extension for OSXStandalone target not found
Mono: successfully reloaded assembly
- Finished resetting the current domain, in  5.156 seconds
Domain Reload Profiling: 7414ms
	BeginReloadAssembly (739ms)
		ExecutionOrderSort (0ms)
		DisableScriptedObjects (135ms)
		BackupInstance (0ms)
		ReleaseScriptingObjects (1ms)
		CreateAndSetChildDomain (223ms)
	RebuildCommonClasses (82ms)
	RebuildNativeTypeToScriptingClass (24ms)
	initialDomainReloadingComplete (86ms)
	LoadAllAssembliesAndSetupDomain (1324ms)
		LoadAssemblies (979ms)
		RebuildTransferFunctionScriptingTraits (0ms)
		AnalyzeDomain (571ms)
			TypeCache.Refresh (40ms)
				TypeCache.ScanAssembly (1ms)
			BuildScriptInfoCaches (468ms)
			ResolveRequiredComponents (58ms)
	FinalizeReload (5159ms)
		ReleaseScriptCaches (0ms)
		RebuildScriptCaches (0ms)
		SetupLoadedEditorAssemblies (3570ms)
			LogAssemblyErrors (0ms)
			InitializePlatformSupportModulesInManaged (15ms)
			SetLoadedEditorAssemblies (20ms)
			BeforeProcessingInitializeOnLoad (153ms)
			ProcessInitializeOnLoadAttributes (2959ms)
			ProcessInitializeOnLoadMethodAttributes (408ms)
			AfterProcessingInitializeOnLoad (13ms)
			EditorAssembliesLoaded (1ms)
		ExecutionOrderSort2 (0ms)
		AwakeInstancesAfterBackupRestoration (56ms)
Refreshing native plugins compatible for Editor in 1.01 ms, found 3 plugins.
Preloading 0 native plugins for Editor in 0.00 ms.
Unloading 14 Unused Serialized files (Serialized files now loaded: 0)
Unloading 6745 unused Assets / (4.4 MB). Loaded Objects now: 7579.
Memory consumption went from 174.6 MB to 170.1 MB.
Total: 21.504459 ms (FindLiveObjects: 2.917166 ms CreateObjectMapping: 1.915833 ms MarkObjects: 12.430208 ms  DeleteObjects: 4.240000 ms)

Prepare: number of updated asset objects reloaded= 0
========================================================================
Received Import Request.
  Time since last request: 199.558732 seconds.
  path: Assets/_Unity Essentials/Scripts/Collectible.cs
  artifactKey: Guid(5187fde3ce5384e20a58ba08e4e1fb1e) Importer(815301076,1909f56bfc062723c751e8b465ee728b)
Start importing Assets/_Unity Essentials/Scripts/Collectible.cs using Guid(5187fde3ce5384e20a58ba08e4e1fb1e) Importer(815301076,1909f56bfc062723c751e8b465ee728b) (PreviewImporter)[PhysX] Initialized MultithreadedTaskDispatcher with 4 workers.
 -> (artifact id: 'c84d2e4f86f3fa4feea1511a78cdbf29') in 0.02942025 seconds
Number of updated asset objects reloaded before import = 0Number of asset objects unloaded after import = 0

========================================================================
Received Prepare
Begin MonoManager ReloadAssembly
- Loaded All Assemblies, in  2.697 seconds
Refreshing native plugins compatible for Editor in 0.91 ms, found 3 plugins.
Native extension for OSXStandalone target not found
Mono: successfully reloaded assembly
- Finished resetting the current domain, in  5.658 seconds
Domain Reload Profiling: 8363ms
	BeginReloadAssembly (848ms)
		ExecutionOrderSort (0ms)
		DisableScriptedObjects (141ms)
		BackupInstance (0ms)
		ReleaseScriptingObjects (1ms)
		CreateAndSetChildDomain (242ms)
	RebuildCommonClasses (90ms)
	RebuildNativeTypeToScriptingClass (27ms)
	initialDomainReloadingComplete (106ms)
	LoadAllAssembliesAndSetupDomain (1630ms)
		LoadAssemblies (1299ms)
		RebuildTransferFunctionScriptingTraits (0ms)
		AnalyzeDomain (637ms)
			TypeCache.Refresh (48ms)
				TypeCache.ScanAssembly (1ms)
			BuildScriptInfoCaches (522ms)
			ResolveRequiredComponents (61ms)
	FinalizeReload (5661ms)
		ReleaseScriptCaches (0ms)
		RebuildScriptCaches (0ms)
		SetupLoadedEditorAssemblies (3881ms)
			LogAssemblyErrors (0ms)
			InitializePlatformSupportModulesInManaged (18ms)
			SetLoadedEditorAssemblies (16ms)
			BeforeProcessingInitializeOnLoad (162ms)
			ProcessInitializeOnLoadAttributes (3165ms)
			ProcessInitializeOnLoadMethodAttributes (503ms)
			AfterProcessingInitializeOnLoad (16ms)
			EditorAssembliesLoaded (2ms)
		ExecutionOrderSort2 (0ms)
		AwakeInstancesAfterBackupRestoration (80ms)
Refreshing native plugins compatible for Editor in 1.11 ms, found 3 plugins.
Preloading 0 native plugins for Editor in 0.00 ms.
Unloading 14 Unused Serialized files (Serialized files now loaded: 0)
Unloading 6745 unused Assets / (3.9 MB). Loaded Objects now: 7581.
Memory consumption went from 177.7 MB to 173.8 MB.
Total: 24.081833 ms (FindLiveObjects: 2.317083 ms CreateObjectMapping: 1.489542 ms MarkObjects: 14.664875 ms  DeleteObjects: 5.609125 ms)

Prepare: number of updated asset objects reloaded= 0
========================================================================
Received Prepare
Begin MonoManager ReloadAssembly
- Loaded All Assemblies, in  2.374 seconds
Refreshing native plugins compatible for Editor in 3.97 ms, found 3 plugins.
Native extension for OSXStandalone target not found
Mono: successfully reloaded assembly
- Finished resetting the current domain, in  5.197 seconds
Domain Reload Profiling: 7579ms
	BeginReloadAssembly (795ms)
		ExecutionOrderSort (0ms)
		DisableScriptedObjects (131ms)
		BackupInstance (0ms)
		ReleaseScriptingObjects (1ms)
		CreateAndSetChildDomain (303ms)
	RebuildCommonClasses (91ms)
	RebuildNativeTypeToScriptingClass (27ms)
	initialDomainReloadingComplete (102ms)
	LoadAllAssembliesAndSetupDomain (1365ms)
		LoadAssemblies (993ms)
		RebuildTransferFunctionScriptingTraits (0ms)
		AnalyzeDomain (590ms)
			TypeCache.Refresh (22ms)
				TypeCache.ScanAssembly (0ms)
			BuildScriptInfoCaches (502ms)
			ResolveRequiredComponents (60ms)
	FinalizeReload (5200ms)
		ReleaseScriptCaches (0ms)
		RebuildScriptCaches (0ms)
		SetupLoadedEditorAssemblies (3576ms)
			LogAssemblyErrors (0ms)
			InitializePlatformSupportModulesInManaged (20ms)
			SetLoadedEditorAssemblies (22ms)
			BeforeProcessingInitializeOnLoad (168ms)
			ProcessInitializeOnLoadAttributes (2952ms)
			ProcessInitializeOnLoadMethodAttributes (393ms)
			AfterProcessingInitializeOnLoad (18ms)
			EditorAssembliesLoaded (3ms)
		ExecutionOrderSort2 (0ms)
		AwakeInstancesAfterBackupRestoration (57ms)
Refreshing native plugins compatible for Editor in 1.46 ms, found 3 plugins.
Preloading 0 native plugins for Editor in 0.00 ms.
Unloading 14 Unused Serialized files (Serialized files now loaded: 0)
Unloading 6745 unused Assets / (3.8 MB). Loaded Objects now: 7583.
Memory consumption went from 180.7 MB to 176.9 MB.
Total: 28.030000 ms (FindLiveObjects: 3.197000 ms CreateObjectMapping: 1.797959 ms MarkObjects: 17.786167 ms  DeleteObjects: 5.247791 ms)

Prepare: number of updated asset objects reloaded= 0
========================================================================
Received Prepare
Refreshing native plugins compatible for Editor in 0.85 ms, found 3 plugins.
Preloading 0 native plugins for Editor in 0.00 ms.
Unloading 14 Unused Serialized files (Serialized files now loaded: 0)
Unloading 6734 unused Assets / (3.5 MB). Loaded Objects now: 7583.
Memory consumption went from 173.1 MB to 169.6 MB.
Total: 49.403209 ms (FindLiveObjects: 0.944000 ms CreateObjectMapping: 0.723708 ms MarkObjects: 44.720166 ms  DeleteObjects: 3.014375 ms)

Prepare: number of updated asset objects reloaded= 0
========================================================================
Received Import Request.
  Time since last request: 437.282465 seconds.
  path: Assets/_Unity Essentials/Scripts/Collectible.cs
  artifactKey: Guid(5187fde3ce5384e20a58ba08e4e1fb1e) Importer(815301076,1909f56bfc062723c751e8b465ee728b)
Start importing Assets/_Unity Essentials/Scripts/Collectible.cs using Guid(5187fde3ce5384e20a58ba08e4e1fb1e) Importer(815301076,1909f56bfc062723c751e8b465ee728b) (PreviewImporter)[PhysX] Initialized MultithreadedTaskDispatcher with 4 workers.
 -> (artifact id: '1afa2a1e37a51e85784785fe57c3d69a') in 0.072494958 seconds
Number of updated asset objects reloaded before import = 0Number of asset objects unloaded after import = 0

========================================================================
Received Prepare
Begin MonoManager ReloadAssembly
- Loaded All Assemblies, in  3.309 seconds
Refreshing native plugins compatible for Editor in 0.99 ms, found 3 plugins.
Native extension for OSXStandalone target not found
Mono: successfully reloaded assembly
- Finished resetting the current domain, in  6.037 seconds
Domain Reload Profiling: 9354ms
	BeginReloadAssembly (1085ms)
		ExecutionOrderSort (0ms)
		DisableScriptedObjects (157ms)
		BackupInstance (0ms)
		ReleaseScriptingObjects (1ms)
		CreateAndSetChildDomain (293ms)
	RebuildCommonClasses (95ms)
	RebuildNativeTypeToScriptingClass (31ms)
	initialDomainReloadingComplete (115ms)
	LoadAllAssembliesAndSetupDomain (1989ms)
		LoadAssemblies (1676ms)
		RebuildTransferFunctionScriptingTraits (0ms)
		AnalyzeDomain (773ms)
			TypeCache.Refresh (40ms)
				TypeCache.ScanAssembly (2ms)
			BuildScriptInfoCaches (649ms)
			ResolveRequiredComponents (75ms)
	FinalizeReload (6040ms)
		ReleaseScriptCaches (0ms)
		RebuildScriptCaches (0ms)
		SetupLoadedEditorAssemblies (4230ms)
			LogAssemblyErrors (0ms)
			InitializePlatformSupportModulesInManaged (19ms)
			SetLoadedEditorAssemblies (23ms)
			BeforeProcessingInitializeOnLoad (157ms)
			ProcessInitializeOnLoadAttributes (3463ms)
			ProcessInitializeOnLoadMethodAttributes (550ms)
			AfterProcessingInitializeOnLoad (16ms)
			EditorAssembliesLoaded (1ms)
		ExecutionOrderSort2 (0ms)
		AwakeInstancesAfterBackupRestoration (74ms)
Refreshing native plugins compatible for Editor in 1.38 ms, found 3 plugins.
Preloading 0 native plugins for Editor in 0.00 ms.
Unloading 14 Unused Serialized files (Serialized files now loaded: 0)
Unloading 6745 unused Assets / (4.0 MB). Loaded Objects now: 7585.
Memory consumption went from 180.9 MB to 176.9 MB.
Total: 23.701333 ms (FindLiveObjects: 3.115042 ms CreateObjectMapping: 1.797667 ms MarkObjects: 13.122167 ms  DeleteObjects: 5.664875 ms)

Prepare: number of updated asset objects reloaded= 0
========================================================================
Received Prepare
Begin MonoManager ReloadAssembly
- Loaded All Assemblies, in  2.642 seconds
Refreshing native plugins compatible for Editor in 2.43 ms, found 3 plugins.
Native extension for OSXStandalone target not found
Mono: successfully reloaded assembly
- Finished resetting the current domain, in  5.300 seconds
Domain Reload Profiling: 7950ms
	BeginReloadAssembly (969ms)
		ExecutionOrderSort (0ms)
		DisableScriptedObjects (182ms)
		BackupInstance (0ms)
		ReleaseScriptingObjects (1ms)
		CreateAndSetChildDomain (292ms)
	RebuildCommonClasses (101ms)
	RebuildNativeTypeToScriptingClass (31ms)
	initialDomainReloadingComplete (139ms)
	LoadAllAssembliesAndSetupDomain (1407ms)
		LoadAssemblies (1136ms)
		RebuildTransferFunctionScriptingTraits (0ms)
		AnalyzeDomain (582ms)
			TypeCache.Refresh (22ms)
				TypeCache.ScanAssembly (0ms)
			BuildScriptInfoCaches (495ms)
			ResolveRequiredComponents (59ms)
	FinalizeReload (5303ms)
		ReleaseScriptCaches (0ms)
		RebuildScriptCaches (0ms)
		SetupLoadedEditorAssemblies (3755ms)
			LogAssemblyErrors (0ms)
			InitializePlatformSupportModulesInManaged (15ms)
			SetLoadedEditorAssemblies (35ms)
			BeforeProcessingInitializeOnLoad (224ms)
			ProcessInitializeOnLoadAttributes (3059ms)
			ProcessInitializeOnLoadMethodAttributes (408ms)
			AfterProcessingInitializeOnLoad (13ms)
			EditorAssembliesLoaded (1ms)
		ExecutionOrderSort2 (0ms)
		AwakeInstancesAfterBackupRestoration (61ms)
Refreshing native plugins compatible for Editor in 1.32 ms, found 3 plugins.
Preloading 0 native plugins for Editor in 0.00 ms.
Unloading 14 Unused Serialized files (Serialized files now loaded: 0)
Unloading 6745 unused Assets / (3.4 MB). Loaded Objects now: 7587.
Memory consumption went from 183.9 MB to 180.5 MB.
Total: 26.577792 ms (FindLiveObjects: 2.458750 ms CreateObjectMapping: 1.891541 ms MarkObjects: 15.040000 ms  DeleteObjects: 7.186208 ms)

Prepare: number of updated asset objects reloaded= 0
========================================================================
Received Prepare
Begin MonoManager ReloadAssembly
- Loaded All Assemblies, in  2.553 seconds
Refreshing native plugins compatible for Editor in 2.70 ms, found 3 plugins.
Native extension for OSXStandalone target not found
Mono: successfully reloaded assembly
- Finished resetting the current domain, in  5.053 seconds
Domain Reload Profiling: 7614ms
	BeginReloadAssembly (809ms)
		ExecutionOrderSort (0ms)
		DisableScriptedObjects (128ms)
		BackupInstance (0ms)
		ReleaseScriptingObjects (1ms)
		CreateAndSetChildDomain (206ms)
	RebuildCommonClasses (137ms)
	RebuildNativeTypeToScriptingClass (36ms)
	initialDomainReloadingComplete (132ms)
	LoadAllAssembliesAndSetupDomain (1445ms)
		LoadAssemblies (1087ms)
		RebuildTransferFunctionScriptingTraits (0ms)
		AnalyzeDomain (688ms)
			TypeCache.Refresh (22ms)
				TypeCache.ScanAssembly (0ms)
			BuildScriptInfoCaches (568ms)
			ResolveRequiredComponents (81ms)
	FinalizeReload (5055ms)
		ReleaseScriptCaches (0ms)
		RebuildScriptCaches (0ms)
		SetupLoadedEditorAssemblies (3520ms)
			LogAssemblyErrors (0ms)
			InitializePlatformSupportModulesInManaged (20ms)
			SetLoadedEditorAssemblies (21ms)
			BeforeProcessingInitializeOnLoad (160ms)
			ProcessInitializeOnLoadAttributes (2929ms)
			ProcessInitializeOnLoadMethodAttributes (377ms)
			AfterProcessingInitializeOnLoad (11ms)
			EditorAssembliesLoaded (1ms)
		ExecutionOrderSort2 (0ms)
		AwakeInstancesAfterBackupRestoration (55ms)
Refreshing native plugins compatible for Editor in 1.05 ms, found 3 plugins.
Preloading 0 native plugins for Editor in 0.00 ms.
Unloading 14 Unused Serialized files (Serialized files now loaded: 0)
Unloading 6745 unused Assets / (4.5 MB). Loaded Objects now: 7589.
Memory consumption went from 187.0 MB to 182.5 MB.
Total: 17.066125 ms (FindLiveObjects: 2.485709 ms CreateObjectMapping: 1.052375 ms MarkObjects: 10.272708 ms  DeleteObjects: 3.254167 ms)

Prepare: number of updated asset objects reloaded= 0
========================================================================
Received Prepare
Begin MonoManager ReloadAssembly
- Loaded All Assemblies, in  2.236 seconds
Refreshing native plugins compatible for Editor in 4.03 ms, found 3 plugins.
Native extension for OSXStandalone target not found
Mono: successfully reloaded assembly
- Finished resetting the current domain, in  5.076 seconds
Domain Reload Profiling: 7319ms
	BeginReloadAssembly (747ms)
		ExecutionOrderSort (0ms)
		DisableScriptedObjects (130ms)
		BackupInstance (0ms)
		ReleaseScriptingObjects (1ms)
		CreateAndSetChildDomain (207ms)
	RebuildCommonClasses (83ms)
	RebuildNativeTypeToScriptingClass (24ms)
	initialDomainReloadingComplete (102ms)
	LoadAllAssembliesAndSetupDomain (1284ms)
		LoadAssemblies (995ms)
		RebuildTransferFunctionScriptingTraits (0ms)
		AnalyzeDomain (556ms)
			TypeCache.Refresh (39ms)
				TypeCache.ScanAssembly (0ms)
			BuildScriptInfoCaches (449ms)
			ResolveRequiredComponents (59ms)
	FinalizeReload (5078ms)
		ReleaseScriptCaches (0ms)
		RebuildScriptCaches (0ms)
		SetupLoadedEditorAssemblies (3563ms)
			LogAssemblyErrors (0ms)
			InitializePlatformSupportModulesInManaged (20ms)
			SetLoadedEditorAssemblies (20ms)
			BeforeProcessingInitializeOnLoad (158ms)
			ProcessInitializeOnLoadAttributes (2946ms)
			ProcessInitializeOnLoadMethodAttributes (406ms)
			AfterProcessingInitializeOnLoad (12ms)
			EditorAssembliesLoaded (1ms)
		ExecutionOrderSort2 (0ms)
		AwakeInstancesAfterBackupRestoration (57ms)
Refreshing native plugins compatible for Editor in 1.39 ms, found 3 plugins.
Preloading 0 native plugins for Editor in 0.00 ms.
Unloading 14 Unused Serialized files (Serialized files now loaded: 0)
Unloading 6745 unused Assets / (3.9 MB). Loaded Objects now: 7591.
Memory consumption went from 190.0 MB to 186.1 MB.
Total: 30.824083 ms (FindLiveObjects: 2.966167 ms CreateObjectMapping: 1.610292 ms MarkObjects: 20.639291 ms  DeleteObjects: 5.606916 ms)

Prepare: number of updated asset objects reloaded= 0
========================================================================
Received Prepare
Begin MonoManager ReloadAssembly
- Loaded All Assemblies, in  2.570 seconds
Refreshing native plugins compatible for Editor in 1.77 ms, found 3 plugins.
Native extension for OSXStandalone target not found
Mono: successfully reloaded assembly
- Finished resetting the current domain, in  5.482 seconds
Domain Reload Profiling: 8061ms
	BeginReloadAssembly (841ms)
		ExecutionOrderSort (0ms)
		DisableScriptedObjects (139ms)
		BackupInstance (0ms)
		ReleaseScriptingObjects (1ms)
		CreateAndSetChildDomain (259ms)
	RebuildCommonClasses (84ms)
	RebuildNativeTypeToScriptingClass (24ms)
	initialDomainReloadingComplete (104ms)
	LoadAllAssembliesAndSetupDomain (1521ms)
		LoadAssemblies (1147ms)
		RebuildTransferFunctionScriptingTraits (0ms)
		AnalyzeDomain (648ms)
			TypeCache.Refresh (54ms)
				TypeCache.ScanAssembly (1ms)
			BuildScriptInfoCaches (515ms)
			ResolveRequiredComponents (71ms)
	FinalizeReload (5485ms)
		ReleaseScriptCaches (0ms)
		RebuildScriptCaches (0ms)
		SetupLoadedEditorAssemblies (3651ms)
			LogAssemblyErrors (0ms)
			InitializePlatformSupportModulesInManaged (20ms)
			SetLoadedEditorAssemblies (13ms)
			BeforeProcessingInitializeOnLoad (164ms)
			ProcessInitializeOnLoadAttributes (2914ms)
			ProcessInitializeOnLoadMethodAttributes (520ms)
			AfterProcessingInitializeOnLoad (17ms)
			EditorAssembliesLoaded (3ms)
		ExecutionOrderSort2 (0ms)
		AwakeInstancesAfterBackupRestoration (73ms)
Refreshing native plugins compatible for Editor in 1.22 ms, found 3 plugins.
Preloading 0 native plugins for Editor in 0.00 ms.
Unloading 14 Unused Serialized files (Serialized files now loaded: 0)
Unloading 6745 unused Assets / (3.6 MB). Loaded Objects now: 7593.
Memory consumption went from 193.0 MB to 189.4 MB.
Total: 21.154542 ms (FindLiveObjects: 2.556791 ms CreateObjectMapping: 1.357000 ms MarkObjects: 13.802375 ms  DeleteObjects: 3.436708 ms)

Prepare: number of updated asset objects reloaded= 0
========================================================================
Received Import Request.
  Time since last request: 418.177309 seconds.
  path: Assets/_Unity Essentials/Scripts/Collectible.cs
  artifactKey: Guid(5187fde3ce5384e20a58ba08e4e1fb1e) Importer(815301076,1909f56bfc062723c751e8b465ee728b)
Start importing Assets/_Unity Essentials/Scripts/Collectible.cs using Guid(5187fde3ce5384e20a58ba08e4e1fb1e) Importer(815301076,1909f56bfc062723c751e8b465ee728b) (PreviewImporter)[PhysX] Initialized MultithreadedTaskDispatcher with 4 workers.
 -> (artifact id: '0a82594c01d088d91a601167d862d9d0') in 0.008362292 seconds
Number of updated asset objects reloaded before import = 0Number of asset objects unloaded after import = 0

========================================================================
Received Import Request.
  Time since last request: 40.751931 seconds.
  path: Assets/_Unity Essentials/Prefabs/VFX
  artifactKey: Guid(88bd65d15f3d8497683ef33a8a6aad13) Importer(815301076,1909f56bfc062723c751e8b465ee728b)
Start importing Assets/_Unity Essentials/Prefabs/VFX using Guid(88bd65d15f3d8497683ef33a8a6aad13) Importer(815301076,1909f56bfc062723c751e8b465ee728b) (PreviewImporter)[PhysX] Initialized MultithreadedTaskDispatcher with 4 workers.
 -> (artifact id: 'c2a50ceb1309ec9e71944a48e738bc3a') in 0.00374025 seconds
Number of updated asset objects reloaded before import = 0Number of asset objects unloaded after import = 0

========================================================================
Received Prepare
Begin MonoManager ReloadAssembly
- Loaded All Assemblies, in  2.752 seconds
Refreshing native plugins compatible for Editor in 0.99 ms, found 3 plugins.
Native extension for OSXStandalone target not found
Mono: successfully reloaded assembly
- Finished resetting the current domain, in  6.186 seconds
Domain Reload Profiling: 8951ms
	BeginReloadAssembly (940ms)
		ExecutionOrderSort (0ms)
		DisableScriptedObjects (189ms)
		BackupInstance (0ms)
		ReleaseScriptingObjects (1ms)
		CreateAndSetChildDomain (267ms)
	RebuildCommonClasses (99ms)
	RebuildNativeTypeToScriptingClass (27ms)
	initialDomainReloadingComplete (117ms)
	LoadAllAssembliesAndSetupDomain (1578ms)
		LoadAssemblies (1132ms)
		RebuildTransferFunctionScriptingTraits (0ms)
		AnalyzeDomain (720ms)
			TypeCache.Refresh (52ms)
				TypeCache.ScanAssembly (1ms)
			BuildScriptInfoCaches (511ms)
			ResolveRequiredComponents (143ms)
	FinalizeReload (6189ms)
		ReleaseScriptCaches (0ms)
		RebuildScriptCaches (0ms)
		SetupLoadedEditorAssemblies (4033ms)
			LogAssemblyErrors (0ms)
			InitializePlatformSupportModulesInManaged (29ms)
			SetLoadedEditorAssemblies (14ms)
			BeforeProcessingInitializeOnLoad (155ms)
			ProcessInitializeOnLoadAttributes (3102ms)
			ProcessInitializeOnLoadMethodAttributes (714ms)
			AfterProcessingInitializeOnLoad (17ms)
			EditorAssembliesLoaded (2ms)
		ExecutionOrderSort2 (0ms)
		AwakeInstancesAfterBackupRestoration (91ms)
Refreshing native plugins compatible for Editor in 1.27 ms, found 3 plugins.
Preloading 0 native plugins for Editor in 0.00 ms.
Unloading 14 Unused Serialized files (Serialized files now loaded: 0)
Unloading 6745 unused Assets / (3.9 MB). Loaded Objects now: 7595.
Memory consumption went from 196.0 MB to 192.1 MB.
Total: 38.055625 ms (FindLiveObjects: 2.471333 ms CreateObjectMapping: 1.713125 ms MarkObjects: 28.605875 ms  DeleteObjects: 5.264125 ms)

Prepare: number of updated asset objects reloaded= 0
========================================================================
Received Prepare
Begin MonoManager ReloadAssembly
- Loaded All Assemblies, in  2.535 seconds
Refreshing native plugins compatible for Editor in 3.07 ms, found 3 plugins.
Native extension for OSXStandalone target not found
Mono: successfully reloaded assembly
- Finished resetting the current domain, in  5.802 seconds
Domain Reload Profiling: 8345ms
	BeginReloadAssembly (801ms)
		ExecutionOrderSort (0ms)
		DisableScriptedObjects (150ms)
		BackupInstance (0ms)
		ReleaseScriptingObjects (1ms)
		CreateAndSetChildDomain (222ms)
	RebuildCommonClasses (87ms)
	RebuildNativeTypeToScriptingClass (25ms)
	initialDomainReloadingComplete (107ms)
	LoadAllAssembliesAndSetupDomain (1521ms)
		LoadAssemblies (1147ms)
		RebuildTransferFunctionScriptingTraits (0ms)
		AnalyzeDomain (641ms)
			TypeCache.Refresh (29ms)
				TypeCache.ScanAssembly (0ms)
			BuildScriptInfoCaches (533ms)
			ResolveRequiredComponents (73ms)
	FinalizeReload (5805ms)
		ReleaseScriptCaches (0ms)
		RebuildScriptCaches (0ms)
		SetupLoadedEditorAssemblies (3919ms)
			LogAssemblyErrors (0ms)
			InitializePlatformSupportModulesInManaged (21ms)
			SetLoadedEditorAssemblies (20ms)
			BeforeProcessingInitializeOnLoad (165ms)
			ProcessInitializeOnLoadAttributes (3248ms)
			ProcessInitializeOnLoadMethodAttributes (450ms)
			AfterProcessingInitializeOnLoad (12ms)
			EditorAssembliesLoaded (1ms)
		ExecutionOrderSort2 (0ms)
		AwakeInstancesAfterBackupRestoration (80ms)
Refreshing native plugins compatible for Editor in 2.70 ms, found 3 plugins.
Preloading 0 native plugins for Editor in 0.00 ms.
Unloading 14 Unused Serialized files (Serialized files now loaded: 0)
Unloading 6745 unused Assets / (2.9 MB). Loaded Objects now: 7597.
Memory consumption went from 199.0 MB to 196.2 MB.
Total: 32.169834 ms (FindLiveObjects: 2.829500 ms CreateObjectMapping: 1.798167 ms MarkObjects: 22.033542 ms  DeleteObjects: 5.506917 ms)

Prepare: number of updated asset objects reloaded= 0
========================================================================
Received Prepare
Begin MonoManager ReloadAssembly
- Loaded All Assemblies, in  2.510 seconds
Refreshing native plugins compatible for Editor in 2.40 ms, found 3 plugins.
Native extension for OSXStandalone target not found
Mono: successfully reloaded assembly
- Finished resetting the current domain, in  5.197 seconds
Domain Reload Profiling: 7714ms
	BeginReloadAssembly (877ms)
		ExecutionOrderSort (0ms)
		DisableScriptedObjects (120ms)
		BackupInstance (0ms)
		ReleaseScriptingObjects (1ms)
		CreateAndSetChildDomain (250ms)
	RebuildCommonClasses (100ms)
	RebuildNativeTypeToScriptingClass (28ms)
	initialDomainReloadingComplete (105ms)
	LoadAllAssembliesAndSetupDomain (1405ms)
		LoadAssemblies (1100ms)
		RebuildTransferFunctionScriptingTraits (0ms)
		AnalyzeDomain (652ms)
			TypeCache.Refresh (22ms)
				TypeCache.ScanAssembly (0ms)
			BuildScriptInfoCaches (554ms)
			ResolveRequiredComponents (68ms)
	FinalizeReload (5199ms)
		ReleaseScriptCaches (0ms)
		RebuildScriptCaches (0ms)
		SetupLoadedEditorAssemblies (3566ms)
			LogAssemblyErrors (0ms)
			InitializePlatformSupportModulesInManaged (21ms)
			SetLoadedEditorAssemblies (18ms)
			BeforeProcessingInitializeOnLoad (144ms)
			ProcessInitializeOnLoadAttributes (2975ms)
			ProcessInitializeOnLoadMethodAttributes (392ms)
			AfterProcessingInitializeOnLoad (15ms)
			EditorAssembliesLoaded (2ms)
		ExecutionOrderSort2 (1ms)
		AwakeInstancesAfterBackupRestoration (75ms)
Refreshing native plugins compatible for Editor in 1.16 ms, found 3 plugins.
Preloading 0 native plugins for Editor in 0.00 ms.
Unloading 14 Unused Serialized files (Serialized files now loaded: 0)
Unloading 6745 unused Assets / (4.7 MB). Loaded Objects now: 7599.
Memory consumption went from 202.0 MB to 197.3 MB.
Total: 23.186125 ms (FindLiveObjects: 2.354042 ms CreateObjectMapping: 1.115084 ms MarkObjects: 15.795709 ms  DeleteObjects: 3.919750 ms)

Prepare: number of updated asset objects reloaded= 0
========================================================================
Received Prepare
Begin MonoManager ReloadAssembly
- Loaded All Assemblies, in  2.843 seconds
Refreshing native plugins compatible for Editor in 1.03 ms, found 3 plugins.
Native extension for OSXStandalone target not found
Mono: successfully reloaded assembly
- Finished resetting the current domain, in  5.554 seconds
Domain Reload Profiling: 8405ms
	BeginReloadAssembly (1018ms)
		ExecutionOrderSort (0ms)
		DisableScriptedObjects (152ms)
		BackupInstance (0ms)
		ReleaseScriptingObjects (1ms)
		CreateAndSetChildDomain (322ms)
	RebuildCommonClasses (101ms)
	RebuildNativeTypeToScriptingClass (32ms)
	initialDomainReloadingComplete (128ms)
	LoadAllAssembliesAndSetupDomain (1569ms)
		LoadAssemblies (1324ms)
		RebuildTransferFunctionScriptingTraits (0ms)
		AnalyzeDomain (632ms)
			TypeCache.Refresh (47ms)
				TypeCache.ScanAssembly (1ms)
			BuildScriptInfoCaches (517ms)
			ResolveRequiredComponents (61ms)
	FinalizeReload (5556ms)
		ReleaseScriptCaches (0ms)
		RebuildScriptCaches (0ms)
		SetupLoadedEditorAssemblies (3990ms)
			LogAssemblyErrors (0ms)
			InitializePlatformSupportModulesInManaged (20ms)
			SetLoadedEditorAssemblies (13ms)
			BeforeProcessingInitializeOnLoad (147ms)
			ProcessInitializeOnLoadAttributes (3339ms)
			ProcessInitializeOnLoadMethodAttributes (454ms)
			AfterProcessingInitializeOnLoad (16ms)
			EditorAssembliesLoaded (2ms)
		ExecutionOrderSort2 (0ms)
		AwakeInstancesAfterBackupRestoration (64ms)
Refreshing native plugins compatible for Editor in 1.10 ms, found 3 plugins.
Preloading 0 native plugins for Editor in 0.00 ms.
Unloading 14 Unused Serialized files (Serialized files now loaded: 0)
Unloading 6745 unused Assets / (3.8 MB). Loaded Objects now: 7601.
Memory consumption went from 205.0 MB to 201.2 MB.
Total: 23.623000 ms (FindLiveObjects: 2.902875 ms CreateObjectMapping: 1.086167 ms MarkObjects: 15.421292 ms  DeleteObjects: 4.211125 ms)

Prepare: number of updated asset objects reloaded= 0
========================================================================
Received Prepare
Begin MonoManager ReloadAssembly
- Loaded All Assemblies, in  2.610 seconds
Refreshing native plugins compatible for Editor in 3.62 ms, found 3 plugins.
Native extension for OSXStandalone target not found
Mono: successfully reloaded assembly
- Finished resetting the current domain, in  5.345 seconds
Domain Reload Profiling: 7968ms
	BeginReloadAssembly (809ms)
		ExecutionOrderSort (0ms)
		DisableScriptedObjects (145ms)
		BackupInstance (0ms)
		ReleaseScriptingObjects (1ms)
		CreateAndSetChildDomain (232ms)
	RebuildCommonClasses (95ms)
	RebuildNativeTypeToScriptingClass (26ms)
	initialDomainReloadingComplete (106ms)
	LoadAllAssembliesAndSetupDomain (1584ms)
		LoadAssemblies (1261ms)
		RebuildTransferFunctionScriptingTraits (0ms)
		AnalyzeDomain (610ms)
			TypeCache.Refresh (26ms)
				TypeCache.ScanAssembly (0ms)
			BuildScriptInfoCaches (511ms)
			ResolveRequiredComponents (66ms)
	FinalizeReload (5348ms)
		ReleaseScriptCaches (0ms)
		RebuildScriptCaches (0ms)
		SetupLoadedEditorAssemblies (3761ms)
			LogAssemblyErrors (0ms)
			InitializePlatformSupportModulesInManaged (18ms)
			SetLoadedEditorAssemblies (16ms)
			BeforeProcessingInitializeOnLoad (152ms)
			ProcessInitializeOnLoadAttributes (3151ms)
			ProcessInitializeOnLoadMethodAttributes (411ms)
			AfterProcessingInitializeOnLoad (12ms)
			EditorAssembliesLoaded (1ms)
		ExecutionOrderSort2 (0ms)
		AwakeInstancesAfterBackupRestoration (72ms)
Refreshing native plugins compatible for Editor in 2.61 ms, found 3 plugins.
Preloading 0 native plugins for Editor in 0.00 ms.
Unloading 14 Unused Serialized files (Serialized files now loaded: 0)
Unloading 6745 unused Assets / (3.9 MB). Loaded Objects now: 7603.
Memory consumption went from 208.0 MB to 204.1 MB.
Total: 29.675667 ms (FindLiveObjects: 2.629000 ms CreateObjectMapping: 1.648375 ms MarkObjects: 19.001500 ms  DeleteObjects: 6.394916 ms)

Prepare: number of updated asset objects reloaded= 0
========================================================================
Received Prepare
Begin MonoManager ReloadAssembly
- Loaded All Assemblies, in  2.706 seconds
Refreshing native plugins compatible for Editor in 3.36 ms, found 3 plugins.
Native extension for OSXStandalone target not found
Mono: successfully reloaded assembly
- Finished resetting the current domain, in  5.546 seconds
Domain Reload Profiling: 8263ms
	BeginReloadAssembly (920ms)
		ExecutionOrderSort (0ms)
		DisableScriptedObjects (146ms)
		BackupInstance (0ms)
		ReleaseScriptingObjects (1ms)
		CreateAndSetChildDomain (296ms)
	RebuildCommonClasses (90ms)
	RebuildNativeTypeToScriptingClass (24ms)
	initialDomainReloadingComplete (111ms)
	LoadAllAssembliesAndSetupDomain (1567ms)
		LoadAssemblies (1180ms)
		RebuildTransferFunctionScriptingTraits (0ms)
		AnalyzeDomain (683ms)
			TypeCache.Refresh (24ms)
				TypeCache.ScanAssembly (0ms)
			BuildScriptInfoCaches (570ms)
			ResolveRequiredComponents (82ms)
	FinalizeReload (5551ms)
		ReleaseScriptCaches (0ms)
		RebuildScriptCaches (0ms)
		SetupLoadedEditorAssemblies (3750ms)
			LogAssemblyErrors (0ms)
			InitializePlatformSupportModulesInManaged (19ms)
			SetLoadedEditorAssemblies (17ms)
			BeforeProcessingInitializeOnLoad (156ms)
			ProcessInitializeOnLoadAttributes (3105ms)
			ProcessInitializeOnLoadMethodAttributes (438ms)
			AfterProcessingInitializeOnLoad (12ms)
			EditorAssembliesLoaded (1ms)
		ExecutionOrderSort2 (0ms)
		AwakeInstancesAfterBackupRestoration (58ms)
Refreshing native plugins compatible for Editor in 1.24 ms, found 3 plugins.
Preloading 0 native plugins for Editor in 0.00 ms.
Unloading 14 Unused Serialized files (Serialized files now loaded: 0)
Unloading 6745 unused Assets / (4.1 MB). Loaded Objects now: 7605.
Memory consumption went from 211.1 MB to 207.0 MB.
Total: 24.169916 ms (FindLiveObjects: 1.794792 ms CreateObjectMapping: 2.009917 ms MarkObjects: 15.103334 ms  DeleteObjects: 5.260792 ms)

Prepare: number of updated asset objects reloaded= 0
========================================================================
Received Import Request.
  Time since last request: 1975.118566 seconds.
  path: Assets/_Unity Essentials/Scenes/4_LivingRoom_Programming_Scene.unity
  artifactKey: Guid(a6368f7fda5ac4dca86952aebdc7d568) Importer(815301076,1909f56bfc062723c751e8b465ee728b)
Start importing Assets/_Unity Essentials/Scenes/4_LivingRoom_Programming_Scene.unity using Guid(a6368f7fda5ac4dca86952aebdc7d568) Importer(815301076,1909f56bfc062723c751e8b465ee728b) (PreviewImporter)[PhysX] Initialized MultithreadedTaskDispatcher with 4 workers.
 -> (artifact id: 'e2e83c36c9cee7806b47e31f2377f90f') in 0.026872667 seconds
Number of updated asset objects reloaded before import = 0Number of asset objects unloaded after import = 0

========================================================================
Received Prepare
Begin MonoManager ReloadAssembly
- Loaded All Assemblies, in  3.053 seconds
Refreshing native plugins compatible for Editor in 3.45 ms, found 3 plugins.
Native extension for OSXStandalone target not found
Mono: successfully reloaded assembly
- Finished resetting the current domain, in  5.443 seconds
Domain Reload Profiling: 8504ms
	BeginReloadAssembly (1082ms)
		ExecutionOrderSort (0ms)
		DisableScriptedObjects (170ms)
		BackupInstance (0ms)
		ReleaseScriptingObjects (1ms)
		CreateAndSetChildDomain (286ms)
	RebuildCommonClasses (123ms)
	RebuildNativeTypeToScriptingClass (27ms)
	initialDomainReloadingComplete (128ms)
	LoadAllAssembliesAndSetupDomain (1699ms)
		LoadAssemblies (1471ms)
		RebuildTransferFunctionScriptingTraits (0ms)
		AnalyzeDomain (669ms)
			TypeCache.Refresh (27ms)
				TypeCache.ScanAssembly (0ms)
			BuildScriptInfoCaches (566ms)
			ResolveRequiredComponents (69ms)
	FinalizeReload (5446ms)
		ReleaseScriptCaches (0ms)
		RebuildScriptCaches (0ms)
		SetupLoadedEditorAssemblies (3758ms)
			LogAssemblyErrors (0ms)
			InitializePlatformSupportModulesInManaged (18ms)
			SetLoadedEditorAssemblies (16ms)
			BeforeProcessingInitializeOnLoad (145ms)
			ProcessInitializeOnLoadAttributes (3132ms)
			ProcessInitializeOnLoadMethodAttributes (434ms)
			AfterProcessingInitializeOnLoad (13ms)
			EditorAssembliesLoaded (1ms)
		ExecutionOrderSort2 (0ms)
		AwakeInstancesAfterBackupRestoration (79ms)
Refreshing native plugins compatible for Editor in 1.28 ms, found 3 plugins.
Preloading 0 native plugins for Editor in 0.00 ms.
Unloading 14 Unused Serialized files (Serialized files now loaded: 0)
Unloading 6745 unused Assets / (3.7 MB). Loaded Objects now: 7607.
Memory consumption went from 214.1 MB to 210.4 MB.
Total: 26.544042 ms (FindLiveObjects: 2.447166 ms CreateObjectMapping: 2.199042 ms MarkObjects: 17.326334 ms  DeleteObjects: 4.570041 ms)

Prepare: number of updated asset objects reloaded= 0
========================================================================
Received Prepare
Begin MonoManager ReloadAssembly
- Loaded All Assemblies, in  2.512 seconds
Refreshing native plugins compatible for Editor in 0.97 ms, found 3 plugins.
Native extension for OSXStandalone target not found
Mono: successfully reloaded assembly
- Finished resetting the current domain, in  6.224 seconds
Domain Reload Profiling: 8756ms
	BeginReloadAssembly (825ms)
		ExecutionOrderSort (0ms)
		DisableScriptedObjects (136ms)
		BackupInstance (0ms)
		ReleaseScriptingObjects (1ms)
		CreateAndSetChildDomain (227ms)
	RebuildCommonClasses (91ms)
	RebuildNativeTypeToScriptingClass (26ms)
	initialDomainReloadingComplete (116ms)
	LoadAllAssembliesAndSetupDomain (1459ms)
		LoadAssemblies (1118ms)
		RebuildTransferFunctionScriptingTraits (0ms)
		AnalyzeDomain (652ms)
			TypeCache.Refresh (22ms)
				TypeCache.ScanAssembly (0ms)
			BuildScriptInfoCaches (556ms)
			ResolveRequiredComponents (67ms)
	FinalizeReload (6239ms)
		ReleaseScriptCaches (0ms)
		RebuildScriptCaches (0ms)
		SetupLoadedEditorAssemblies (3840ms)
			LogAssemblyErrors (0ms)
			InitializePlatformSupportModulesInManaged (19ms)
			SetLoadedEditorAssemblies (18ms)
			BeforeProcessingInitializeOnLoad (177ms)
			ProcessInitializeOnLoadAttributes (3096ms)
			ProcessInitializeOnLoadMethodAttributes (484ms)
			AfterProcessingInitializeOnLoad (40ms)
			EditorAssembliesLoaded (6ms)
		ExecutionOrderSort2 (1ms)
		AwakeInstancesAfterBackupRestoration (80ms)
Refreshing native plugins compatible for Editor in 1.42 ms, found 3 plugins.
Preloading 0 native plugins for Editor in 0.00 ms.
Unloading 14 Unused Serialized files (Serialized files now loaded: 0)
Unloading 6745 unused Assets / (2.1 MB). Loaded Objects now: 7609.
Memory consumption went from 217.2 MB to 215.1 MB.
Total: 64.875167 ms (FindLiveObjects: 2.399250 ms CreateObjectMapping: 1.584208 ms MarkObjects: 49.813000 ms  DeleteObjects: 11.077125 ms)

Prepare: number of updated asset objects reloaded= 0
========================================================================
Received Prepare
Begin MonoManager ReloadAssembly
- Loaded All Assemblies, in  2.762 seconds
Refreshing native plugins compatible for Editor in 1.03 ms, found 3 plugins.
Native extension for OSXStandalone target not found
Mono: successfully reloaded assembly
- Finished resetting the current domain, in  5.525 seconds
Domain Reload Profiling: 8295ms
	BeginReloadAssembly (884ms)
		ExecutionOrderSort (0ms)
		DisableScriptedObjects (148ms)
		BackupInstance (0ms)
		ReleaseScriptingObjects (1ms)
		CreateAndSetChildDomain (250ms)
	RebuildCommonClasses (100ms)
	RebuildNativeTypeToScriptingClass (26ms)
	initialDomainReloadingComplete (115ms)
	LoadAllAssembliesAndSetupDomain (1643ms)
		LoadAssemblies (1269ms)
		RebuildTransferFunctionScriptingTraits (0ms)
		AnalyzeDomain (696ms)
			TypeCache.Refresh (40ms)
				TypeCache.ScanAssembly (0ms)
			BuildScriptInfoCaches (583ms)
			ResolveRequiredComponents (66ms)
	FinalizeReload (5528ms)
		ReleaseScriptCaches (0ms)
		RebuildScriptCaches (0ms)
		SetupLoadedEditorAssemblies (3718ms)
			LogAssemblyErrors (0ms)
			InitializePlatformSupportModulesInManaged (17ms)
			SetLoadedEditorAssemblies (12ms)
			BeforeProcessingInitializeOnLoad (153ms)
			ProcessInitializeOnLoadAttributes (3107ms)
			ProcessInitializeOnLoadMethodAttributes (415ms)
			AfterProcessingInitializeOnLoad (13ms)
			EditorAssembliesLoaded (1ms)
		ExecutionOrderSort2 (0ms)
		AwakeInstancesAfterBackupRestoration (62ms)
Refreshing native plugins compatible for Editor in 1.66 ms, found 3 plugins.
Preloading 0 native plugins for Editor in 0.00 ms.
Unloading 14 Unused Serialized files (Serialized files now loaded: 0)
Unloading 6745 unused Assets / (3.3 MB). Loaded Objects now: 7611.
Memory consumption went from 220.2 MB to 216.9 MB.
Total: 39.753041 ms (FindLiveObjects: 2.397709 ms CreateObjectMapping: 1.970583 ms MarkObjects: 25.200750 ms  DeleteObjects: 10.181750 ms)

Prepare: number of updated asset objects reloaded= 0
========================================================================
Received Prepare
Begin MonoManager ReloadAssembly
- Loaded All Assemblies, in  2.507 seconds
Refreshing native plugins compatible for Editor in 0.90 ms, found 3 plugins.
Native extension for OSXStandalone target not found
Mono: successfully reloaded assembly
- Finished resetting the current domain, in  5.527 seconds
Domain Reload Profiling: 8041ms
	BeginReloadAssembly (861ms)
		ExecutionOrderSort (0ms)
		DisableScriptedObjects (150ms)
		BackupInstance (0ms)
		ReleaseScriptingObjects (1ms)
		CreateAndSetChildDomain (244ms)
	RebuildCommonClasses (94ms)
	RebuildNativeTypeToScriptingClass (24ms)
	initialDomainReloadingComplete (103ms)
	LoadAllAssembliesAndSetupDomain (1430ms)
		LoadAssemblies (1166ms)
		RebuildTransferFunctionScriptingTraits (0ms)
		AnalyzeDomain (565ms)
			TypeCache.Refresh (43ms)
				TypeCache.ScanAssembly (0ms)
			BuildScriptInfoCaches (449ms)
			ResolveRequiredComponents (67ms)
	FinalizeReload (5529ms)
		ReleaseScriptCaches (0ms)
		RebuildScriptCaches (0ms)
		SetupLoadedEditorAssemblies (3653ms)
			LogAssemblyErrors (0ms)
			InitializePlatformSupportModulesInManaged (24ms)
			SetLoadedEditorAssemblies (14ms)
			BeforeProcessingInitializeOnLoad (152ms)
			ProcessInitializeOnLoadAttributes (2906ms)
			ProcessInitializeOnLoadMethodAttributes (536ms)
			AfterProcessingInitializeOnLoad (19ms)
			EditorAssembliesLoaded (2ms)
		ExecutionOrderSort2 (0ms)
		AwakeInstancesAfterBackupRestoration (84ms)
Refreshing native plugins compatible for Editor in 1.26 ms, found 3 plugins.
Preloading 0 native plugins for Editor in 0.00 ms.
Unloading 14 Unused Serialized files (Serialized files now loaded: 0)
Unloading 6745 unused Assets / (4.2 MB). Loaded Objects now: 7613.
Memory consumption went from 223.2 MB to 219.0 MB.
Total: 21.527167 ms (FindLiveObjects: 1.886125 ms CreateObjectMapping: 1.726791 ms MarkObjects: 13.212541 ms  DeleteObjects: 4.699875 ms)

Prepare: number of updated asset objects reloaded= 0
========================================================================
Received Import Request.
  Time since last request: 1346.440578 seconds.
  path: Assets/_Unity Essentials/Sprites/Furniture
  artifactKey: Guid(bf8184b119bc84f1d9dcc2fae953071a) Importer(815301076,1909f56bfc062723c751e8b465ee728b)
Start importing Assets/_Unity Essentials/Sprites/Furniture using Guid(bf8184b119bc84f1d9dcc2fae953071a) Importer(815301076,1909f56bfc062723c751e8b465ee728b) (PreviewImporter)[PhysX] Initialized MultithreadedTaskDispatcher with 4 workers.
 -> (artifact id: '79885c7dc5e298a416b11be4096f0a09') in 0.018607208 seconds
Number of updated asset objects reloaded before import = 0Number of asset objects unloaded after import = 0

========================================================================
Received Import Request.
  Time since last request: 272.670934 seconds.
  path: Assets/_Unity Essentials/Sprites/Rugs
  artifactKey: Guid(89e51ab24919c482f80f1c86318d3975) Importer(815301076,1909f56bfc062723c751e8b465ee728b)
Start importing Assets/_Unity Essentials/Sprites/Rugs using Guid(89e51ab24919c482f80f1c86318d3975) Importer(815301076,1909f56bfc062723c751e8b465ee728b) (PreviewImporter)[PhysX] Initialized MultithreadedTaskDispatcher with 4 workers.
 -> (artifact id: '07a82caaeef404963a9a1eaa44142bea') in 0.003751709 seconds
Number of updated asset objects reloaded before import = 0Number of asset objects unloaded after import = 0

========================================================================
Received Prepare
Begin MonoManager ReloadAssembly
- Loaded All Assemblies, in  2.613 seconds
Refreshing native plugins compatible for Editor in 0.96 ms, found 3 plugins.
Native extension for OSXStandalone target not found
Mono: successfully reloaded assembly
- Finished resetting the current domain, in  5.299 seconds
Domain Reload Profiling: 7920ms
	BeginReloadAssembly (922ms)
		ExecutionOrderSort (0ms)
		DisableScriptedObjects (140ms)
		BackupInstance (0ms)
		ReleaseScriptingObjects (1ms)
		CreateAndSetChildDomain (250ms)
	RebuildCommonClasses (94ms)
	RebuildNativeTypeToScriptingClass (24ms)
	initialDomainReloadingComplete (109ms)
	LoadAllAssembliesAndSetupDomain (1471ms)
		LoadAssemblies (1279ms)
		RebuildTransferFunctionScriptingTraits (0ms)
		AnalyzeDomain (550ms)
			TypeCache.Refresh (21ms)
				TypeCache.ScanAssembly (0ms)
			BuildScriptInfoCaches (459ms)
			ResolveRequiredComponents (65ms)
	FinalizeReload (5301ms)
		ReleaseScriptCaches (0ms)
		RebuildScriptCaches (0ms)
		SetupLoadedEditorAssemblies (3766ms)
			LogAssemblyErrors (0ms)
			InitializePlatformSupportModulesInManaged (19ms)
			SetLoadedEditorAssemblies (19ms)
			BeforeProcessingInitializeOnLoad (146ms)
			ProcessInitializeOnLoadAttributes (3155ms)
			ProcessInitializeOnLoadMethodAttributes (413ms)
			AfterProcessingInitializeOnLoad (12ms)
			EditorAssembliesLoaded (1ms)
		ExecutionOrderSort2 (0ms)
		AwakeInstancesAfterBackupRestoration (65ms)
Refreshing native plugins compatible for Editor in 1.48 ms, found 3 plugins.
Preloading 0 native plugins for Editor in 0.00 ms.
Unloading 14 Unused Serialized files (Serialized files now loaded: 0)
Unloading 6745 unused Assets / (4.3 MB). Loaded Objects now: 7615.
Memory consumption went from 226.2 MB to 222.0 MB.
Total: 29.087667 ms (FindLiveObjects: 2.705541 ms CreateObjectMapping: 1.666708 ms MarkObjects: 18.729750 ms  DeleteObjects: 5.984708 ms)

Prepare: number of updated asset objects reloaded= 0
========================================================================
Received Import Request.
  Time since last request: 483.729868 seconds.
  path: Assets/_Unity Essentials/Sprites/Collectibles
  artifactKey: Guid(8b6e698dcd75a40bc810f13b5b5a31e6) Importer(815301076,1909f56bfc062723c751e8b465ee728b)
Start importing Assets/_Unity Essentials/Sprites/Collectibles using Guid(8b6e698dcd75a40bc810f13b5b5a31e6) Importer(815301076,1909f56bfc062723c751e8b465ee728b) (PreviewImporter)[PhysX] Initialized MultithreadedTaskDispatcher with 4 workers.
 -> (artifact id: '77a2ef76bd6bd9eaedf1cf83b82818f1') in 0.023014125 seconds
Number of updated asset objects reloaded before import = 0Number of asset objects unloaded after import = 0

========================================================================
Received Import Request.
  Time since last request: 22.835667 seconds.
  path: Assets/_Unity Essentials/Sprites/Collectibles/Dirt_2D.prefab
  artifactKey: Guid(57a8a3a7dcc4149d1a10f3dc04258aca) Importer(815301076,1909f56bfc062723c751e8b465ee728b)
Start importing Assets/_Unity Essentials/Sprites/Collectibles/Dirt_2D.prefab using Guid(57a8a3a7dcc4149d1a10f3dc04258aca) Importer(815301076,1909f56bfc062723c751e8b465ee728b) (PreviewImporter)[PhysX] Initialized MultithreadedTaskDispatcher with 4 workers.
[PhysX] Initialized MultithreadedTaskDispatcher with 4 workers.
 -> (artifact id: 'a187a452c6a23206c0a5fec650bcd713') in 2.773631917 seconds
Number of updated asset objects reloaded before import = 0Number of asset objects unloaded after import = 15

========================================================================
Received Prepare
Begin MonoManager ReloadAssembly
- Loaded All Assemblies, in  2.448 seconds
Refreshing native plugins compatible for Editor in 2.45 ms, found 3 plugins.
Native extension for OSXStandalone target not found
Mono: successfully reloaded assembly
- Finished resetting the current domain, in  5.447 seconds
Domain Reload Profiling: 7903ms
	BeginReloadAssembly (950ms)
		ExecutionOrderSort (1ms)
		DisableScriptedObjects (242ms)
		BackupInstance (0ms)
		ReleaseScriptingObjects (1ms)
		CreateAndSetChildDomain (293ms)
	RebuildCommonClasses (86ms)
	RebuildNativeTypeToScriptingClass (26ms)
	initialDomainReloadingComplete (102ms)
	LoadAllAssembliesAndSetupDomain (1289ms)
		LoadAssemblies (1009ms)
		RebuildTransferFunctionScriptingTraits (0ms)
		AnalyzeDomain (547ms)
			TypeCache.Refresh (20ms)
				TypeCache.ScanAssembly (0ms)
			BuildScriptInfoCaches (454ms)
			ResolveRequiredComponents (68ms)
	FinalizeReload (5449ms)
		ReleaseScriptCaches (0ms)
		RebuildScriptCaches (0ms)
		SetupLoadedEditorAssemblies (3934ms)
			LogAssemblyErrors (0ms)
			InitializePlatformSupportModulesInManaged (17ms)
			SetLoadedEditorAssemblies (17ms)
			BeforeProcessingInitializeOnLoad (145ms)
			ProcessInitializeOnLoadAttributes (3308ms)
			ProcessInitializeOnLoadMethodAttributes (433ms)
			AfterProcessingInitializeOnLoad (12ms)
			EditorAssembliesLoaded (1ms)
		ExecutionOrderSort2 (1ms)
		AwakeInstancesAfterBackupRestoration (59ms)
Refreshing native plugins compatible for Editor in 1.00 ms, found 3 plugins.
Preloading 0 native plugins for Editor in 0.00 ms.
Unloading 14 Unused Serialized files (Serialized files now loaded: 0)
Unloading 6745 unused Assets / (4.5 MB). Loaded Objects now: 7648.
Memory consumption went from 234.6 MB to 230.2 MB.
Total: 20.094792 ms (FindLiveObjects: 2.032959 ms CreateObjectMapping: 1.104250 ms MarkObjects: 13.521875 ms  DeleteObjects: 3.434500 ms)

Prepare: number of updated asset objects reloaded= 0
========================================================================
Received Prepare
Begin MonoManager ReloadAssembly
- Loaded All Assemblies, in  2.494 seconds
Refreshing native plugins compatible for Editor in 2.36 ms, found 3 plugins.
Native extension for OSXStandalone target not found
Mono: successfully reloaded assembly
- Finished resetting the current domain, in  5.544 seconds
Domain Reload Profiling: 8046ms
	BeginReloadAssembly (916ms)
		ExecutionOrderSort (0ms)
		DisableScriptedObjects (138ms)
		BackupInstance (0ms)
		ReleaseScriptingObjects (1ms)
		CreateAndSetChildDomain (261ms)
	RebuildCommonClasses (88ms)
	RebuildNativeTypeToScriptingClass (24ms)
	initialDomainReloadingComplete (108ms)
	LoadAllAssembliesAndSetupDomain (1364ms)
		LoadAssemblies (1104ms)
		RebuildTransferFunctionScriptingTraits (0ms)
		AnalyzeDomain (612ms)
			TypeCache.Refresh (22ms)
				TypeCache.ScanAssembly (0ms)
			BuildScriptInfoCaches (522ms)
			ResolveRequiredComponents (62ms)
	FinalizeReload (5546ms)
		ReleaseScriptCaches (0ms)
		RebuildScriptCaches (0ms)
		SetupLoadedEditorAssemblies (4026ms)
			LogAssemblyErrors (0ms)
			InitializePlatformSupportModulesInManaged (18ms)
			SetLoadedEditorAssemblies (15ms)
			BeforeProcessingInitializeOnLoad (167ms)
			ProcessInitializeOnLoadAttributes (3357ms)
			ProcessInitializeOnLoadMethodAttributes (454ms)
			AfterProcessingInitializeOnLoad (13ms)
			EditorAssembliesLoaded (1ms)
		ExecutionOrderSort2 (0ms)
		AwakeInstancesAfterBackupRestoration (60ms)
Refreshing native plugins compatible for Editor in 1.28 ms, found 3 plugins.
Preloading 0 native plugins for Editor in 0.00 ms.
Unloading 14 Unused Serialized files (Serialized files now loaded: 0)
Unloading 6745 unused Assets / (4.7 MB). Loaded Objects now: 7650.
Memory consumption went from 237.5 MB to 232.8 MB.
Total: 33.033750 ms (FindLiveObjects: 2.196000 ms CreateObjectMapping: 1.272625 ms MarkObjects: 24.927084 ms  DeleteObjects: 4.636500 ms)

Prepare: number of updated asset objects reloaded= 0
========================================================================
Received Import Request.
  Time since last request: 486.818723 seconds.
  path: Assets/_Unity Essentials/Prefabs/UI
  artifactKey: Guid(74ce3c7607cf343ca876f44b762677a4) Importer(815301076,1909f56bfc062723c751e8b465ee728b)
Start importing Assets/_Unity Essentials/Prefabs/UI using Guid(74ce3c7607cf343ca876f44b762677a4) Importer(815301076,1909f56bfc062723c751e8b465ee728b) (PreviewImporter)[PhysX] Initialized MultithreadedTaskDispatcher with 4 workers.
 -> (artifact id: '8e7f69a6598db3ec877317a1d46a462c') in 0.05189825 seconds
Number of updated asset objects reloaded before import = 0Number of asset objects unloaded after import = 0

========================================================================
Received Import Request.
  Time since last request: 195.312119 seconds.
  path: Assets/_Unity Essentials/Sprites/Animated
  artifactKey: Guid(9705cf5d8eebc4171ae2850b30c18f24) Importer(815301076,1909f56bfc062723c751e8b465ee728b)
Start importing Assets/_Unity Essentials/Sprites/Animated using Guid(9705cf5d8eebc4171ae2850b30c18f24) Importer(815301076,1909f56bfc062723c751e8b465ee728b) (PreviewImporter)[PhysX] Initialized MultithreadedTaskDispatcher with 4 workers.
 -> (artifact id: '7c8f5e4d6905dee41300a82a029e3b65') in 0.016139666 seconds
Number of updated asset objects reloaded before import = 0Number of asset objects unloaded after import = 0

========================================================================
Received Import Request.
  Time since last request: 1.380636 seconds.
  path: Assets/_Unity Essentials/Sprites/Animated/Sprite Sheet_Cat.png
  artifactKey: Guid(2e651cf9d770f45f0a402657aea31862) Importer(815301076,1909f56bfc062723c751e8b465ee728b)
Start importing Assets/_Unity Essentials/Sprites/Animated/Sprite Sheet_Cat.png using Guid(2e651cf9d770f45f0a402657aea31862) Importer(815301076,1909f56bfc062723c751e8b465ee728b) (PreviewImporter)[PhysX] Initialized MultithreadedTaskDispatcher with 4 workers.
[PhysX] Initialized MultithreadedTaskDispatcher with 4 workers.
 -> (artifact id: 'bd90171d469f096773a0e3bbe283fa91') in 0.478156792 seconds
Number of updated asset objects reloaded before import = 0Number of asset objects unloaded after import = 3

========================================================================
Received Import Request.
  Time since last request: 11.925727 seconds.
  path: Assets/_Unity Essentials/Sprites/Animated/Sprite Sheet_Cat.png
  artifactKey: Guid(2e651cf9d770f45f0a402657aea31862) Importer(815301076,1909f56bfc062723c751e8b465ee728b)
Start importing Assets/_Unity Essentials/Sprites/Animated/Sprite Sheet_Cat.png using Guid(2e651cf9d770f45f0a402657aea31862) Importer(815301076,1909f56bfc062723c751e8b465ee728b) (PreviewImporter)[PhysX] Initialized MultithreadedTaskDispatcher with 4 workers.
[PhysX] Initialized MultithreadedTaskDispatcher with 4 workers.
 -> (artifact id: 'd89e1818bff630a89b25bd5b15398043') in 0.089574166 seconds
Number of updated asset objects reloaded before import = 0Number of asset objects unloaded after import = 3

========================================================================
Received Import Request.
  Time since last request: 93.596170 seconds.
  path: Assets/_Unity Essentials/Sprites/Animated/Sprite Sheet_Cat.png
  artifactKey: Guid(2e651cf9d770f45f0a402657aea31862) Importer(815301076,1909f56bfc062723c751e8b465ee728b)
Start importing Assets/_Unity Essentials/Sprites/Animated/Sprite Sheet_Cat.png using Guid(2e651cf9d770f45f0a402657aea31862) Importer(815301076,1909f56bfc062723c751e8b465ee728b) (PreviewImporter)[PhysX] Initialized MultithreadedTaskDispatcher with 4 workers.
[PhysX] Initialized MultithreadedTaskDispatcher with 4 workers.
 -> (artifact id: '46e1adf29c3716594bcaa4a289ebdcd9') in 0.105773083 seconds
Number of updated asset objects reloaded before import = 0Number of asset objects unloaded after import = 10

========================================================================
Received Prepare
Begin MonoManager ReloadAssembly
- Loaded All Assemblies, in  3.249 seconds
Refreshing native plugins compatible for Editor in 1.06 ms, found 3 plugins.
Native extension for OSXStandalone target not found
Mono: successfully reloaded assembly
- Finished resetting the current domain, in  5.156 seconds
Domain Reload Profiling: 8413ms
	BeginReloadAssembly (1123ms)
		ExecutionOrderSort (0ms)
		DisableScriptedObjects (149ms)
		BackupInstance (0ms)
		ReleaseScriptingObjects (1ms)
		CreateAndSetChildDomain (341ms)
	RebuildCommonClasses (96ms)
	RebuildNativeTypeToScriptingClass (27ms)
	initialDomainReloadingComplete (146ms)
	LoadAllAssembliesAndSetupDomain (1862ms)
		LoadAssemblies (1529ms)
		RebuildTransferFunctionScriptingTraits (0ms)
		AnalyzeDomain (788ms)
			TypeCache.Refresh (45ms)
				TypeCache.ScanAssembly (0ms)
			BuildScriptInfoCaches (640ms)
			ResolveRequiredComponents (93ms)
	FinalizeReload (5158ms)
		ReleaseScriptCaches (0ms)
		RebuildScriptCaches (0ms)
		SetupLoadedEditorAssemblies (3556ms)
			LogAssemblyErrors (0ms)
			InitializePlatformSupportModulesInManaged (16ms)
			SetLoadedEditorAssemblies (15ms)
			BeforeProcessingInitializeOnLoad (154ms)
			ProcessInitializeOnLoadAttributes (2949ms)
			ProcessInitializeOnLoadMethodAttributes (408ms)
			AfterProcessingInitializeOnLoad (12ms)
			EditorAssembliesLoaded (1ms)
		ExecutionOrderSort2 (0ms)
		AwakeInstancesAfterBackupRestoration (59ms)
Refreshing native plugins compatible for Editor in 1.17 ms, found 3 plugins.
Preloading 0 native plugins for Editor in 0.00 ms.
Unloading 14 Unused Serialized files (Serialized files now loaded: 0)
Unloading 6745 unused Assets / (3.5 MB). Loaded Objects now: 7659.
Memory consumption went from 240.9 MB to 237.4 MB.
Total: 38.790917 ms (FindLiveObjects: 2.435917 ms CreateObjectMapping: 1.499958 ms MarkObjects: 29.806750 ms  DeleteObjects: 5.046708 ms)

Prepare: number of updated asset objects reloaded= 0
========================================================================
Received Import Request.
  Time since last request: 523.759356 seconds.
  path: Assets/_Unity Essentials/Scenes/0_MainMenu_Scene.unity
  artifactKey: Guid(0eac1eecd2187407c9da8013ae9797da) Importer(815301076,1909f56bfc062723c751e8b465ee728b)
Start importing Assets/_Unity Essentials/Scenes/0_MainMenu_Scene.unity using Guid(0eac1eecd2187407c9da8013ae9797da) Importer(815301076,1909f56bfc062723c751e8b465ee728b) (PreviewImporter)[PhysX] Initialized MultithreadedTaskDispatcher with 4 workers.
 -> (artifact id: 'dfbf054c1df11522a56ac61baeb0fd64') in 0.046422 seconds
Number of updated asset objects reloaded before import = 0Number of asset objects unloaded after import = 0

========================================================================
Received Prepare
Begin MonoManager ReloadAssembly
- Loaded All Assemblies, in  1.978 seconds
Refreshing native plugins compatible for Editor in 0.59 ms, found 3 plugins.
Native extension for OSXStandalone target not found
Mono: successfully reloaded assembly
- Finished resetting the current domain, in  3.416 seconds
Domain Reload Profiling: 5400ms
	BeginReloadAssembly (716ms)
		ExecutionOrderSort (0ms)
		DisableScriptedObjects (109ms)
		BackupInstance (0ms)
		ReleaseScriptingObjects (1ms)
		CreateAndSetChildDomain (225ms)
	RebuildCommonClasses (57ms)
	RebuildNativeTypeToScriptingClass (19ms)
	initialDomainReloadingComplete (76ms)
	LoadAllAssembliesAndSetupDomain (1114ms)
		LoadAssemblies (961ms)
		RebuildTransferFunctionScriptingTraits (0ms)
		AnalyzeDomain (407ms)
			TypeCache.Refresh (33ms)
				TypeCache.ScanAssembly (0ms)
			BuildScriptInfoCaches (327ms)
			ResolveRequiredComponents (41ms)
	FinalizeReload (3417ms)
		ReleaseScriptCaches (0ms)
		RebuildScriptCaches (0ms)
		SetupLoadedEditorAssemblies (2294ms)
			LogAssemblyErrors (0ms)
			InitializePlatformSupportModulesInManaged (13ms)
			SetLoadedEditorAssemblies (17ms)
			BeforeProcessingInitializeOnLoad (93ms)
			ProcessInitializeOnLoadAttributes (1912ms)
			ProcessInitializeOnLoadMethodAttributes (251ms)
			AfterProcessingInitializeOnLoad (7ms)
			EditorAssembliesLoaded (1ms)
		ExecutionOrderSort2 (0ms)
		AwakeInstancesAfterBackupRestoration (37ms)
Refreshing native plugins compatible for Editor in 0.74 ms, found 3 plugins.
Preloading 0 native plugins for Editor in 0.00 ms.
Unloading 14 Unused Serialized files (Serialized files now loaded: 0)
Unloading 6745 unused Assets / (3.9 MB). Loaded Objects now: 7661.
Memory consumption went from 244.0 MB to 240.1 MB.
Total: 19.686333 ms (FindLiveObjects: 2.012834 ms CreateObjectMapping: 1.096542 ms MarkObjects: 11.997416 ms  DeleteObjects: 4.578208 ms)

Prepare: number of updated asset objects reloaded= 0
========================================================================
Received Prepare
Begin MonoManager ReloadAssembly
- Loaded All Assemblies, in  1.753 seconds
Refreshing native plugins compatible for Editor in 0.55 ms, found 3 plugins.
Native extension for OSXStandalone target not found
Mono: successfully reloaded assembly
- Finished resetting the current domain, in  3.685 seconds
Domain Reload Profiling: 5445ms
	BeginReloadAssembly (605ms)
		ExecutionOrderSort (0ms)
		DisableScriptedObjects (96ms)
		BackupInstance (0ms)
		ReleaseScriptingObjects (0ms)
		CreateAndSetChildDomain (183ms)
	RebuildCommonClasses (58ms)
	RebuildNativeTypeToScriptingClass (15ms)
	initialDomainReloadingComplete (69ms)
	LoadAllAssembliesAndSetupDomain (1010ms)
		LoadAssemblies (813ms)
		RebuildTransferFunctionScriptingTraits (0ms)
		AnalyzeDomain (415ms)
			TypeCache.Refresh (22ms)
				TypeCache.ScanAssembly (0ms)
			BuildScriptInfoCaches (340ms)
			ResolveRequiredComponents (48ms)
	FinalizeReload (3687ms)
		ReleaseScriptCaches (0ms)
		RebuildScriptCaches (0ms)
		SetupLoadedEditorAssemblies (2656ms)
			LogAssemblyErrors (0ms)
			InitializePlatformSupportModulesInManaged (13ms)
			SetLoadedEditorAssemblies (9ms)
			BeforeProcessingInitializeOnLoad (85ms)
			ProcessInitializeOnLoadAttributes (2249ms)
			ProcessInitializeOnLoadMethodAttributes (291ms)
			AfterProcessingInitializeOnLoad (8ms)
			EditorAssembliesLoaded (1ms)
		ExecutionOrderSort2 (0ms)
		AwakeInstancesAfterBackupRestoration (50ms)
Refreshing native plugins compatible for Editor in 0.72 ms, found 3 plugins.
Preloading 0 native plugins for Editor in 0.00 ms.
Unloading 14 Unused Serialized files (Serialized files now loaded: 0)
Unloading 6745 unused Assets / (2.9 MB). Loaded Objects now: 7663.
Memory consumption went from 247.0 MB to 244.0 MB.
Total: 20.783458 ms (FindLiveObjects: 1.662541 ms CreateObjectMapping: 1.375959 ms MarkObjects: 12.496000 ms  DeleteObjects: 5.248208 ms)

Prepare: number of updated asset objects reloaded= 0
========================================================================
Received Prepare
Begin MonoManager ReloadAssembly
- Loaded All Assemblies, in  4.822 seconds
Refreshing native plugins compatible for Editor in 2.62 ms, found 3 plugins.
Native extension for OSXStandalone target not found
Mono: successfully reloaded assembly
- Finished resetting the current domain, in  8.026 seconds
Domain Reload Profiling: 12882ms
	BeginReloadAssembly (1499ms)
		ExecutionOrderSort (0ms)
		DisableScriptedObjects (280ms)
		BackupInstance (0ms)
		ReleaseScriptingObjects (2ms)
		CreateAndSetChildDomain (454ms)
	RebuildCommonClasses (89ms)
	RebuildNativeTypeToScriptingClass (24ms)
	initialDomainReloadingComplete (130ms)
	LoadAllAssembliesAndSetupDomain (3110ms)
		LoadAssemblies (1973ms)
		RebuildTransferFunctionScriptingTraits (0ms)
		AnalyzeDomain (1640ms)
			TypeCache.Refresh (30ms)
				TypeCache.ScanAssembly (0ms)
			BuildScriptInfoCaches (1267ms)
			ResolveRequiredComponents (259ms)
	FinalizeReload (8031ms)
		ReleaseScriptCaches (0ms)
		RebuildScriptCaches (0ms)
		SetupLoadedEditorAssemblies (5860ms)
			LogAssemblyErrors (0ms)
			InitializePlatformSupportModulesInManaged (27ms)
			SetLoadedEditorAssemblies (69ms)
			BeforeProcessingInitializeOnLoad (304ms)
			ProcessInitializeOnLoadAttributes (4917ms)
			ProcessInitializeOnLoadMethodAttributes (524ms)
			AfterProcessingInitializeOnLoad (18ms)
			EditorAssembliesLoaded (2ms)
		ExecutionOrderSort2 (0ms)
		AwakeInstancesAfterBackupRestoration (79ms)
Refreshing native plugins compatible for Editor in 1.65 ms, found 3 plugins.
Preloading 0 native plugins for Editor in 0.00 ms.
Unloading 14 Unused Serialized files (Serialized files now loaded: 0)
Unloading 6745 unused Assets / (3.6 MB). Loaded Objects now: 7665.
Memory consumption went from 249.9 MB to 246.4 MB.
Total: 63.817417 ms (FindLiveObjects: 2.572125 ms CreateObjectMapping: 1.839958 ms MarkObjects: 53.345416 ms  DeleteObjects: 6.057833 ms)

Prepare: number of updated asset objects reloaded= 0
========================================================================
Received Import Request.
  Time since last request: 3890.863743 seconds.
  path: Assets/_Unity Essentials/Textures/Pickups/3D/Apple_Albedo.png
  artifactKey: Guid(87435cadcb3be5441b4f66789cff2e08) Importer(815301076,1909f56bfc062723c751e8b465ee728b)
Start importing Assets/_Unity Essentials/Textures/Pickups/3D/Apple_Albedo.png using Guid(87435cadcb3be5441b4f66789cff2e08) Importer(815301076,1909f56bfc062723c751e8b465ee728b) (PreviewImporter)[PhysX] Initialized MultithreadedTaskDispatcher with 4 workers.
[PhysX] Initialized MultithreadedTaskDispatcher with 4 workers.
 -> (artifact id: '82dbf859ed2e4badb189aab5355a33cb') in 0.560294458 seconds
Number of updated asset objects reloaded before import = 0Number of asset objects unloaded after import = 2

========================================================================
Received Import Request.
  Time since last request: 0.000296 seconds.
  path: Assets/_Unity Essentials/Textures/Objects/BasketBallNet_Mesh.png
  artifactKey: Guid(efda1462eef3240d1ac149c34d6437f0) Importer(815301076,1909f56bfc062723c751e8b465ee728b)
Start importing Assets/_Unity Essentials/Textures/Objects/BasketBallNet_Mesh.png using Guid(efda1462eef3240d1ac149c34d6437f0) Importer(815301076,1909f56bfc062723c751e8b465ee728b) (PreviewImporter)[PhysX] Initialized MultithreadedTaskDispatcher with 4 workers.
[PhysX] Initialized MultithreadedTaskDispatcher with 4 workers.
 -> (artifact id: 'a9ac29274b38a7b541373d6168969567') in 0.023125875 seconds
Number of updated asset objects reloaded before import = 0Number of asset objects unloaded after import = 2

========================================================================
Received Import Request.
  Time since last request: 0.000136 seconds.
  path: Assets/_Unity Essentials/Sprites/Furniture/ArmChair.png
  artifactKey: Guid(05400a652ebda43e3b26bc8ecf6b5342) Importer(815301076,1909f56bfc062723c751e8b465ee728b)
Start importing Assets/_Unity Essentials/Sprites/Furniture/ArmChair.png using Guid(05400a652ebda43e3b26bc8ecf6b5342) Importer(815301076,1909f56bfc062723c751e8b465ee728b) (PreviewImporter)[PhysX] Initialized MultithreadedTaskDispatcher with 4 workers.
[PhysX] Initialized MultithreadedTaskDispatcher with 4 workers.
 -> (artifact id: '9e28f13aa3d59c507e929089c517b18f') in 0.159477125 seconds
Number of updated asset objects reloaded before import = 0Number of asset objects unloaded after import = 3

========================================================================
Received Import Request.
  Time since last request: 0.000136 seconds.
  path: Assets/_Unity Essentials/Textures/Objects/BasketBallNet.jpg
  artifactKey: Guid(b8437d2e7643f430a95492542119e9f2) Importer(815301076,1909f56bfc062723c751e8b465ee728b)
Start importing Assets/_Unity Essentials/Textures/Objects/BasketBallNet.jpg using Guid(b8437d2e7643f430a95492542119e9f2) Importer(815301076,1909f56bfc062723c751e8b465ee728b) (PreviewImporter)[PhysX] Initialized MultithreadedTaskDispatcher with 4 workers.
[PhysX] Initialized MultithreadedTaskDispatcher with 4 workers.
 -> (artifact id: '346f9659fcd794ed72448c4cc757dbb1') in 0.013121542 seconds
Number of updated asset objects reloaded before import = 0Number of asset objects unloaded after import = 2

========================================================================
Received Import Request.
  Time since last request: 10.238688 seconds.
  path: Assets/_Unity Essentials/Textures/Icons/Icon_Blocks.png
  artifactKey: Guid(0f877f033e1224349bf8f19c1b67984b) Importer(815301076,1909f56bfc062723c751e8b465ee728b)
Start importing Assets/_Unity Essentials/Textures/Icons/Icon_Blocks.png using Guid(0f877f033e1224349bf8f19c1b67984b) Importer(815301076,1909f56bfc062723c751e8b465ee728b) (PreviewImporter)[PhysX] Initialized MultithreadedTaskDispatcher with 4 workers.
[PhysX] Initialized MultithreadedTaskDispatcher with 4 workers.
 -> (artifact id: '50f93f5445ca0283449f408364988ecd') in 0.055814084 seconds
Number of updated asset objects reloaded before import = 0Number of asset objects unloaded after import = 2

========================================================================
Received Import Request.
  Time since last request: 0.000507 seconds.
  path: Assets/_Unity Essentials/Textures/Icons/Icon_Playground.png
  artifactKey: Guid(87f32f25e797e41a19902877f2884287) Importer(815301076,1909f56bfc062723c751e8b465ee728b)
Start importing Assets/_Unity Essentials/Textures/Icons/Icon_Playground.png using Guid(87f32f25e797e41a19902877f2884287) Importer(815301076,1909f56bfc062723c751e8b465ee728b) (PreviewImporter)[PhysX] Initialized MultithreadedTaskDispatcher with 4 workers.
[PhysX] Initialized MultithreadedTaskDispatcher with 4 workers.
 -> (artifact id: '91c1f4fe5f87bf7941ad69dc351b47b9') in 0.011817375 seconds
Number of updated asset objects reloaded before import = 0Number of asset objects unloaded after import = 2

========================================================================
Received Import Request.
  Time since last request: 0.000108 seconds.
  path: Assets/_Unity Essentials/Textures/Icons/Icon_Starter-Scene.jpg
  artifactKey: Guid(faf02e5d888cd44ef8466d8d2ec310d7) Importer(815301076,1909f56bfc062723c751e8b465ee728b)
Start importing Assets/_Unity Essentials/Textures/Icons/Icon_Starter-Scene.jpg using Guid(faf02e5d888cd44ef8466d8d2ec310d7) Importer(815301076,1909f56bfc062723c751e8b465ee728b) (PreviewImporter)[PhysX] Initialized MultithreadedTaskDispatcher with 4 workers.
[PhysX] Initialized MultithreadedTaskDispatcher with 4 workers.
 -> (artifact id: 'f35f6a4b374f3d5b35b481f2904ab03b') in 0.00957225 seconds
Number of updated asset objects reloaded before import = 0Number of asset objects unloaded after import = 2

========================================================================
Received Import Request.
  Time since last request: 0.000065 seconds.
  path: Assets/_Unity Essentials/Textures/Icons/Icon_Rings.png
  artifactKey: Guid(780ee9b84c342425c964b9dbc1fcfc73) Importer(815301076,1909f56bfc062723c751e8b465ee728b)
Start importing Assets/_Unity Essentials/Textures/Icons/Icon_Rings.png using Guid(780ee9b84c342425c964b9dbc1fcfc73) Importer(815301076,1909f56bfc062723c751e8b465ee728b) (PreviewImporter)[PhysX] Initialized MultithreadedTaskDispatcher with 4 workers.
[PhysX] Initialized MultithreadedTaskDispatcher with 4 workers.
 -> (artifact id: '60f6852a7c693b419741d08618475183') in 0.009854334 seconds
Number of updated asset objects reloaded before import = 0Number of asset objects unloaded after import = 2

========================================================================
Received Prepare
Refreshing native plugins compatible for Editor in 3.86 ms, found 3 plugins.
Preloading 0 native plugins for Editor in 0.00 ms.
Unloading 14 Unused Serialized files (Serialized files now loaded: 0)
Unloading 14 unused Assets / (2.3 MB). Loaded Objects now: 7669.
Memory consumption went from 234.1 MB to 231.8 MB.
Total: 270.049542 ms (FindLiveObjects: 2.472208 ms CreateObjectMapping: 0.337208 ms MarkObjects: 259.476958 ms  DeleteObjects: 7.761542 ms)

Prepare: number of updated asset objects reloaded= 199
========================================================================
Received Prepare
Refreshing native plugins compatible for Editor in 1.63 ms, found 3 plugins.
Preloading 0 native plugins for Editor in 0.00 ms.
Unloading 14 Unused Serialized files (Serialized files now loaded: 0)
Unloading 14 unused Assets / (2.3 MB). Loaded Objects now: 7669.
Memory consumption went from 233.3 MB to 231.0 MB.
Total: 37.832416 ms (FindLiveObjects: 1.001542 ms CreateObjectMapping: 0.506209 ms MarkObjects: 35.075875 ms  DeleteObjects: 1.247500 ms)

Prepare: number of updated asset objects reloaded= 0
========================================================================
Received Import Request.
  Time since last request: 1591.906864 seconds.
  path: Assets/_Unity Essentials/Scenes/5_TopDown_2D_Scene.unity
  artifactKey: Guid(8c9cfa26abfee488c85f1582747f6a02) Importer(815301076,1909f56bfc062723c751e8b465ee728b)
Start importing Assets/_Unity Essentials/Scenes/5_TopDown_2D_Scene.unity using Guid(8c9cfa26abfee488c85f1582747f6a02) Importer(815301076,1909f56bfc062723c751e8b465ee728b) (PreviewImporter)[PhysX] Initialized MultithreadedTaskDispatcher with 4 workers.
 -> (artifact id: '0db960abcbfeb8f318e579b513ea9430') in 0.028075417 seconds
Number of updated asset objects reloaded before import = 0Number of asset objects unloaded after import = 0

========================================================================
Received Import Request.
  Time since last request: 618.964206 seconds.
  path: Assets/_Unity Essentials/Prefabs/Characters/UFO.prefab
  artifactKey: Guid(bc3f8280b6d69439cb3e7c45f5c84cd8) Importer(815301076,1909f56bfc062723c751e8b465ee728b)
Start importing Assets/_Unity Essentials/Prefabs/Characters/UFO.prefab using Guid(bc3f8280b6d69439cb3e7c45f5c84cd8) Importer(815301076,1909f56bfc062723c751e8b465ee728b) (PreviewImporter)[PhysX] Initialized MultithreadedTaskDispatcher with 4 workers.
[PhysX] Initialized MultithreadedTaskDispatcher with 4 workers.
 -> (artifact id: '05f292b073cdde2dbbbe4d5f221b4a04') in 6.044469542 seconds
Number of updated asset objects reloaded before import = 0Number of asset objects unloaded after import = 114

========================================================================
Received Import Request.
  Time since last request: 241.086640 seconds.
  path: Assets/_Unity Essentials/Materials/Skyboxes
  artifactKey: Guid(3eab9ecaae5414317bf48dd53d2f4f61) Importer(815301076,1909f56bfc062723c751e8b465ee728b)
Start importing Assets/_Unity Essentials/Materials/Skyboxes using Guid(3eab9ecaae5414317bf48dd53d2f4f61) Importer(815301076,1909f56bfc062723c751e8b465ee728b) (PreviewImporter)[PhysX] Initialized MultithreadedTaskDispatcher with 4 workers.
 -> (artifact id: 'c1b6f3cfc5ec293ce0ba9ff1b54cb329') in 0.0064025 seconds
Number of updated asset objects reloaded before import = 0Number of asset objects unloaded after import = 0

========================================================================
Received Import Request.
  Time since last request: 4.103403 seconds.
  path: Assets/_Unity Essentials/Materials/Interior
  artifactKey: Guid(3a25ef681bc22492a83c9b277775ede9) Importer(815301076,1909f56bfc062723c751e8b465ee728b)
Start importing Assets/_Unity Essentials/Materials/Interior using Guid(3a25ef681bc22492a83c9b277775ede9) Importer(815301076,1909f56bfc062723c751e8b465ee728b) (PreviewImporter)[PhysX] Initialized MultithreadedTaskDispatcher with 4 workers.
 -> (artifact id: 'e19e99ed72bb89578751cb5d1c318063') in 0.001246959 seconds
Number of updated asset objects reloaded before import = 0Number of asset objects unloaded after import = 0

========================================================================
Received Import Request.
  Time since last request: 223.140652 seconds.
  path: Assets/_Unity Essentials/Materials/My Materials/Screenshot 2025-04-24 at 7.48.47 PM.png
  artifactKey: Guid(cfafe3d9ba5b04e1f8cc78f821a8e5d2) Importer(815301076,1909f56bfc062723c751e8b465ee728b)
Start importing Assets/_Unity Essentials/Materials/My Materials/Screenshot 2025-04-24 at 7.48.47 PM.png using Guid(cfafe3d9ba5b04e1f8cc78f821a8e5d2) Importer(815301076,1909f56bfc062723c751e8b465ee728b) (PreviewImporter)[PhysX] Initialized MultithreadedTaskDispatcher with 4 workers.
[PhysX] Initialized MultithreadedTaskDispatcher with 4 workers.
 -> (artifact id: 'f0d80ab13cb3a00ecc3fe862f2b0862c') in 0.078687666 seconds
Number of updated asset objects reloaded before import = 0Number of asset objects unloaded after import = 2

========================================================================
Received Import Request.
  Time since last request: 148.845087 seconds.
  path: Assets/_Unity Essentials/Textures/Pickups/3D/Apple_Albedo.png
  artifactKey: Guid(87435cadcb3be5441b4f66789cff2e08) Importer(815301076,1909f56bfc062723c751e8b465ee728b)
Start importing Assets/_Unity Essentials/Textures/Pickups/3D/Apple_Albedo.png using Guid(87435cadcb3be5441b4f66789cff2e08) Importer(815301076,1909f56bfc062723c751e8b465ee728b) (PreviewImporter)[PhysX] Initialized MultithreadedTaskDispatcher with 4 workers.
[PhysX] Initialized MultithreadedTaskDispatcher with 4 workers.
 -> (artifact id: '4457641c6791e933694e78b8a58e19b1') in 0.043005375 seconds
Number of updated asset objects reloaded before import = 0Number of asset objects unloaded after import = 2

========================================================================
Received Import Request.
  Time since last request: 0.000205 seconds.
  path: Assets/_Unity Essentials/Textures/Objects/BasketBallNet_Mesh.png
  artifactKey: Guid(efda1462eef3240d1ac149c34d6437f0) Importer(815301076,1909f56bfc062723c751e8b465ee728b)
Start importing Assets/_Unity Essentials/Textures/Objects/BasketBallNet_Mesh.png using Guid(efda1462eef3240d1ac149c34d6437f0) Importer(815301076,1909f56bfc062723c751e8b465ee728b) (PreviewImporter)[PhysX] Initialized MultithreadedTaskDispatcher with 4 workers.
[PhysX] Initialized MultithreadedTaskDispatcher with 4 workers.
 -> (artifact id: 'a9ad1f3368cb51c1f42d1cf92cf1a2df') in 0.016723833 seconds
Number of updated asset objects reloaded before import = 0Number of asset objects unloaded after import = 2

========================================================================
Received Import Request.
  Time since last request: 0.000074 seconds.
  path: Assets/_Unity Essentials/Sprites/Furniture/ArmChair.png
  artifactKey: Guid(05400a652ebda43e3b26bc8ecf6b5342) Importer(815301076,1909f56bfc062723c751e8b465ee728b)
Start importing Assets/_Unity Essentials/Sprites/Furniture/ArmChair.png using Guid(05400a652ebda43e3b26bc8ecf6b5342) Importer(815301076,1909f56bfc062723c751e8b465ee728b) (PreviewImporter)[PhysX] Initialized MultithreadedTaskDispatcher with 4 workers.
[PhysX] Initialized MultithreadedTaskDispatcher with 4 workers.
 -> (artifact id: 'af3d5f8b51068d7c31c2bb7ec72f3868') in 0.0548865 seconds
Number of updated asset objects reloaded before import = 0Number of asset objects unloaded after import = 3

========================================================================
Received Import Request.
  Time since last request: 0.000145 seconds.
  path: Assets/_Unity Essentials/Sprites/Characters/Car_2D.png
  artifactKey: Guid(eb1cd52e2fb8b436aaae3d6033db79c9) Importer(815301076,1909f56bfc062723c751e8b465ee728b)
Start importing Assets/_Unity Essentials/Sprites/Characters/Car_2D.png using Guid(eb1cd52e2fb8b436aaae3d6033db79c9) Importer(815301076,1909f56bfc062723c751e8b465ee728b) (PreviewImporter)[PhysX] Initialized MultithreadedTaskDispatcher with 4 workers.
[PhysX] Initialized MultithreadedTaskDispatcher with 4 workers.
 -> (artifact id: '9443aa42e5771701da61d5f7730d2b11') in 0.020436416 seconds
Number of updated asset objects reloaded before import = 0Number of asset objects unloaded after import = 3

========================================================================
Received Import Request.
  Time since last request: 0.000073 seconds.
  path: Assets/_Unity Essentials/Textures/Objects/BasketBallNet.jpg
  artifactKey: Guid(b8437d2e7643f430a95492542119e9f2) Importer(815301076,1909f56bfc062723c751e8b465ee728b)
Start importing Assets/_Unity Essentials/Textures/Objects/BasketBallNet.jpg using Guid(b8437d2e7643f430a95492542119e9f2) Importer(815301076,1909f56bfc062723c751e8b465ee728b) (PreviewImporter)[PhysX] Initialized MultithreadedTaskDispatcher with 4 workers.
[PhysX] Initialized MultithreadedTaskDispatcher with 4 workers.
 -> (artifact id: '2d617ce5e04ce71d8b30f5b3498a69d0') in 0.01581325 seconds
Number of updated asset objects reloaded before import = 0Number of asset objects unloaded after import = 2

========================================================================
Received Import Request.
  Time since last request: 0.000086 seconds.
  path: Assets/_Unity Essentials/Fonts/Bangers-Regular SDF.asset
  artifactKey: Guid(6c1c6bbefb65a4812b65a5e04b72f26a) Importer(815301076,1909f56bfc062723c751e8b465ee728b)
Start importing Assets/_Unity Essentials/Fonts/Bangers-Regular SDF.asset using Guid(6c1c6bbefb65a4812b65a5e04b72f26a) Importer(815301076,1909f56bfc062723c751e8b465ee728b) (PreviewImporter)[PhysX] Initialized MultithreadedTaskDispatcher with 4 workers.
[PhysX] Initialized MultithreadedTaskDispatcher with 4 workers.
[PhysX] Initialized MultithreadedTaskDispatcher with 4 workers.
 -> (artifact id: '799f26855fa8e14c1c179f31a7dad1d8') in 0.647448583 seconds
Number of updated asset objects reloaded before import = 0Number of asset objects unloaded after import = 4

========================================================================
Received Import Request.
  Time since last request: 7.195253 seconds.
  path: Assets/_Unity Essentials/Textures/Pickups/2D/Cheese_2D.png
  artifactKey: Guid(4a05a259aaec445b6848eaf8f321b81a) Importer(815301076,1909f56bfc062723c751e8b465ee728b)
Start importing Assets/_Unity Essentials/Textures/Pickups/2D/Cheese_2D.png using Guid(4a05a259aaec445b6848eaf8f321b81a) Importer(815301076,1909f56bfc062723c751e8b465ee728b) (PreviewImporter)[PhysX] Initialized MultithreadedTaskDispatcher with 4 workers.
[PhysX] Initialized MultithreadedTaskDispatcher with 4 workers.
 -> (artifact id: '5217aa4f6847ca2a230fa0c0572998f9') in 0.055793833 seconds
Number of updated asset objects reloaded before import = 0Number of asset objects unloaded after import = 3

========================================================================
Received Import Request.
  Time since last request: 0.142033 seconds.
  path: Assets/_Unity Essentials/Textures/Icons/Icon_Starter-Scene.jpg
  artifactKey: Guid(faf02e5d888cd44ef8466d8d2ec310d7) Importer(815301076,1909f56bfc062723c751e8b465ee728b)
Start importing Assets/_Unity Essentials/Textures/Icons/Icon_Starter-Scene.jpg using Guid(faf02e5d888cd44ef8466d8d2ec310d7) Importer(815301076,1909f56bfc062723c751e8b465ee728b) (PreviewImporter)[PhysX] Initialized MultithreadedTaskDispatcher with 4 workers.
[PhysX] Initialized MultithreadedTaskDispatcher with 4 workers.
 -> (artifact id: 'af1fed4c3aa301bfb7e6809b6e3ef492') in 0.012358042 seconds
Number of updated asset objects reloaded before import = 0Number of asset objects unloaded after import = 2

========================================================================
Received Import Request.
  Time since last request: 0.000115 seconds.
  path: Assets/_Unity Essentials/Textures/Pickups/3D/scroll_Normal.png
  artifactKey: Guid(1ae72b57368067744b5d5b44ae0c15c6) Importer(815301076,1909f56bfc062723c751e8b465ee728b)
Start importing Assets/_Unity Essentials/Textures/Pickups/3D/scroll_Normal.png using Guid(1ae72b57368067744b5d5b44ae0c15c6) Importer(815301076,1909f56bfc062723c751e8b465ee728b) (PreviewImporter)[PhysX] Initialized MultithreadedTaskDispatcher with 4 workers.
[PhysX] Initialized MultithreadedTaskDispatcher with 4 workers.
 -> (artifact id: 'aec7db519f3b7c261aa647545b1bd2ec') in 0.115317958 seconds
Number of updated asset objects reloaded before import = 0Number of asset objects unloaded after import = 2

========================================================================
Received Prepare
Begin MonoManager ReloadAssembly
- Loaded All Assemblies, in  5.247 seconds
Refreshing native plugins compatible for Editor in 1.81 ms, found 6 plugins.
Native extension for OSXStandalone target not found
Mono: successfully reloaded assembly
- Finished resetting the current domain, in  5.683 seconds
Domain Reload Profiling: 10940ms
	BeginReloadAssembly (2186ms)
		ExecutionOrderSort (1ms)
		DisableScriptedObjects (463ms)
		BackupInstance (0ms)
		ReleaseScriptingObjects (2ms)
		CreateAndSetChildDomain (816ms)
	RebuildCommonClasses (91ms)
	RebuildNativeTypeToScriptingClass (24ms)
	initialDomainReloadingComplete (138ms)
	LoadAllAssembliesAndSetupDomain (2814ms)
		LoadAssemblies (2270ms)
		RebuildTransferFunctionScriptingTraits (0ms)
		AnalyzeDomain (1155ms)
			TypeCache.Refresh (700ms)
				TypeCache.ScanAssembly (605ms)
			BuildScriptInfoCaches (374ms)
			ResolveRequiredComponents (73ms)
	FinalizeReload (5687ms)
		ReleaseScriptCaches (0ms)
		RebuildScriptCaches (0ms)
		SetupLoadedEditorAssemblies (3804ms)
			LogAssemblyErrors (0ms)
			InitializePlatformSupportModulesInManaged (25ms)
			SetLoadedEditorAssemblies (19ms)
			BeforeProcessingInitializeOnLoad (204ms)
			ProcessInitializeOnLoadAttributes (2996ms)
			ProcessInitializeOnLoadMethodAttributes (543ms)
			AfterProcessingInitializeOnLoad (15ms)
			EditorAssembliesLoaded (2ms)
		ExecutionOrderSort2 (0ms)
		AwakeInstancesAfterBackupRestoration (72ms)
Refreshing native plugins compatible for Editor in 2.46 ms, found 6 plugins.
Preloading 0 native plugins for Editor in 0.00 ms.
Unloading 23 Unused Serialized files (Serialized files now loaded: 0)
Unloading 6919 unused Assets / (6.8 MB). Loaded Objects now: 7885.
Memory consumption went from 254.8 MB to 248.0 MB.
Total: 42.902125 ms (FindLiveObjects: 3.428666 ms CreateObjectMapping: 3.157208 ms MarkObjects: 29.185708 ms  DeleteObjects: 7.127250 ms)

Prepare: number of updated asset objects reloaded= 0
========================================================================
Received Prepare
Begin MonoManager ReloadAssembly
- Loaded All Assemblies, in  3.275 seconds
Refreshing native plugins compatible for Editor in 1.76 ms, found 6 plugins.
Native extension for OSXStandalone target not found
Mono: successfully reloaded assembly
- Finished resetting the current domain, in  5.895 seconds
Domain Reload Profiling: 9178ms
	BeginReloadAssembly (1019ms)
		ExecutionOrderSort (0ms)
		DisableScriptedObjects (160ms)
		BackupInstance (0ms)
		ReleaseScriptingObjects (1ms)
		CreateAndSetChildDomain (277ms)
	RebuildCommonClasses (142ms)
	RebuildNativeTypeToScriptingClass (30ms)
	initialDomainReloadingComplete (158ms)
	LoadAllAssembliesAndSetupDomain (1932ms)
		LoadAssemblies (1545ms)
		RebuildTransferFunctionScriptingTraits (0ms)
		AnalyzeDomain (781ms)
			TypeCache.Refresh (21ms)
				TypeCache.ScanAssembly (0ms)
			BuildScriptInfoCaches (682ms)
			ResolveRequiredComponents (72ms)
	FinalizeReload (5897ms)
		ReleaseScriptCaches (0ms)
		RebuildScriptCaches (0ms)
		SetupLoadedEditorAssemblies (4228ms)
			LogAssemblyErrors (0ms)
			InitializePlatformSupportModulesInManaged (19ms)
			SetLoadedEditorAssemblies (17ms)
			BeforeProcessingInitializeOnLoad (173ms)
			ProcessInitializeOnLoadAttributes (3534ms)
			ProcessInitializeOnLoadMethodAttributes (469ms)
			AfterProcessingInitializeOnLoad (14ms)
			EditorAssembliesLoaded (1ms)
		ExecutionOrderSort2 (0ms)
		AwakeInstancesAfterBackupRestoration (69ms)
Refreshing native plugins compatible for Editor in 4.93 ms, found 6 plugins.
Preloading 0 native plugins for Editor in 0.00 ms.
Unloading 23 Unused Serialized files (Serialized files now loaded: 0)
Unloading 6918 unused Assets / (6.5 MB). Loaded Objects now: 7887.
Memory consumption went from 258.7 MB to 252.2 MB.
Total: 31.069458 ms (FindLiveObjects: 2.951250 ms CreateObjectMapping: 1.619250 ms MarkObjects: 19.368417 ms  DeleteObjects: 7.128667 ms)

Prepare: number of updated asset objects reloaded= 0
